numcode,country,Carbon1971,Carbon1972,Carbon1973,Carbon1974,Carbon1975,Carbon1976,Carbon1977,Carbon1978,Carbon1979,Carbon1980,Carbon1981,Carbon1982,Carbon1983,Carbon1984,Carbon1985,Carbon1986,Carbon1987,Carbon1988,Carbon1989,Carbon1990,Carbon1991,Carbon1992,Carbon1993,Carbon1994,Carbon1995,Carbon1996,Carbon1997,Carbon1998,Carbon1999,Carbon2000,Carbon2001,Carbon2002,Carbon2003,Carbon2004,Carbon2005,Carbon2006,Carbon2007,Carbon2008,Carbon2009,Carbon2010,Carbon2011,Carbon2012,Carbon2013,Carbon2014,Carbon2015,Carbon2016,Carbon2017,Carbon2018,Carbon2019,Carbon2020,Carbon2021,Carbon2022,Carbon2023,Carbon2024,Carbon2025,Carbon2026,Carbon2027,Carbon2028,Carbon2029,Carbon2030,Carbon2031,Carbon2032,Carbon2033,Carbon2034,Carbon2035,Carbon2036,Carbon2037,Carbon2038,Carbon2039,Carbon2040
12,Algeria,0.00975,0.01112,0.01315,0.01419,0.01504,0.01716,0.01928,0.02292,0.02893,0.02902,0.0306,0.04068,0.04397,0.04418,0.04642,0.05091,0.05043,0.053,0.05245,0.05473,0.05833,0.05992,0.05933,0.05808,0.05977,0.05856,0.05889,0.06172,0.06518,0.06596,0.0664,0.0703,0.07514,0.07649,0.0801,0.08646,0.09179,0.09302,0.10109,0.09884,0.10397,0.11493,0.117540221,0.120150442,0.122760663,0.125370884,0.127981105,0.130591326,0.133201547,0.135811768,0.137532205,0.139252642,0.140973079,0.142693517,0.149575265,0.151135687,0.152696109,0.15425653,0.155816952,0.162058638,0.164157429,0.166256219,0.16835501,0.170453801,0.178848963,0.181336613,0.183824263,0.186311913,0.188799563,0.198750164
24,Angola,0.00173,0.00252,0.00238,0.00252,0.0021,0.002,0.00162,0.00264,0.00263,0.00267,0.00256,0.00218,0.00237,0.00225,0.00289,0.00286,0.00297,0.00338,0.00348,0.00412,0.00419,0.00397,0.00431,0.00424,0.00393,0.00421,0.00437,0.00401,0.00482,0.00505,0.00566,0.00624,0.00766,0.00772,0.00641,0.00829,0.00962,0.01165,0.01392,0.01558,0.01562,0.01619,0.016557698,0.016925395,0.017293093,0.01766079,0.018028488,0.018396185,0.018763883,0.01913158,0.019373935,0.019616291,0.019858646,0.020101001,0.021070422,0.021290236,0.02151005,0.021729864,0.021949678,0.022828934,0.023124587,0.02342024,0.023715893,0.024011546,0.025194159,0.02554459,0.025895021,0.026245453,0.026595884,0.027997609
204,Benin,0.0003,0.0004,0.00041,0.00042,0.00046,0.00028,0.00033,0.00038,0.00038,0.00039,0.0003,0.00036,0.00036,0.00037,0.00047,0.00041,0.00036,0.00035,0.00027,0.00024,0.0002,0.00021,0.00021,0.00021,0.00021,0.00086,0.00115,0.00113,0.00143,0.00148,0.00169,0.00195,0.00226,0.00241,0.00229,0.00317,0.00377,0.00379,0.00406,0.0045,0.00468,0.00492,0.00503174,0.00514348,0.00525522,0.00536696,0.0054787,0.00559044,0.005702181,0.005813921,0.00588757,0.00596122,0.006034869,0.006108519,0.006403118,0.006469917,0.006536717,0.006603516,0.006670316,0.006937514,0.007027361,0.007117207,0.007207053,0.0072969,0.007656286,0.007762779,0.007869272,0.007975764,0.008082257,0.008508229
72,Botswana,0,0,0,0,0,0,0,0,0,0,0.00136,0.00142,0.00138,0.00137,0.00148,0.0017,0.00177,0.00212,0.00233,0.00276,0.00269,0.00324,0.00319,0.00305,0.00316,0.0029,0.00306,0.00367,0.00384,0.00399,0.00397,0.00406,0.00392,0.00399,0.00419,0.00428,0.00435,0.00462,0.00402,0.00478,0.0045,0.00446,0.004561293,0.004662586,0.004763879,0.004865171,0.004966464,0.005067757,0.00516905,0.005270343,0.005337106,0.00540387,0.005470634,0.005537397,0.005804452,0.005865006,0.00592556,0.005986114,0.006046668,0.006288885,0.006370331,0.006451777,0.006533223,0.006614669,0.006940454,0.00703699,0.007133527,0.007230063,0.007326599,0.007712745
120,Cameroon,0.00073,0.00076,0.00079,0.00082,0.00104,0.00096,0.00139,0.00147,0.00159,0.0017,0.00187,0.00202,0.0022,0.0023,0.00254,0.00247,0.00244,0.00262,0.00283,0.00273,0.00255,0.00239,0.00255,0.00271,0.0026,0.00261,0.00275,0.00286,0.00261,0.00301,0.00292,0.00303,0.00334,0.00346,0.0032,0.0034,0.00529,0.00507,0.00622,0.00632,0.00543,0.00566,0.005788547,0.005917093,0.00604564,0.006174186,0.006302733,0.006431279,0.006559826,0.006688372,0.006773099,0.006857826,0.006942553,0.00702728,0.007366188,0.007443035,0.007519881,0.007596728,0.007673575,0.007980961,0.008084321,0.008187681,0.008291041,0.008394401,0.008807841,0.008930351,0.009052861,0.009175371,0.009297882,0.009787922
178,Congo,0.00058,0.00061,0.0006,0.00061,0.00061,0.00075,0.00064,0.00068,0.00066,0.0007,0.00073,0.0008,0.00093,0.00084,0.00087,0.00081,0.00082,0.00072,0.00076,0.00072,0.00075,0.00072,0.00071,0.00047,0.00058,0.00046,0.00037,0.00033,0.00032,0.0005,0.00063,0.00051,0.00086,0.00086,0.00099,0.00113,0.00123,0.00132,0.00173,0.00196,0.00228,0.0023,0.002352236,0.002404472,0.002456709,0.002508945,0.002561181,0.002613417,0.002665654,0.00271789,0.002752319,0.002786749,0.002821179,0.002855609,0.002993327,0.003024555,0.003055782,0.00308701,0.003118237,0.003243147,0.003285148,0.00332715,0.003369151,0.003411152,0.003579158,0.003628941,0.003678724,0.003728508,0.003778291,0.003977424
384,Côte d'Ivoire,0.00241,0.00265,0.00273,0.00287,0.00309,0.00356,0.00349,0.00403,0.00371,0.00343,0.00301,0.0027,0.00242,0.00223,0.00247,0.00332,0.00324,0.00333,0.00323,0.00293,0.00302,0.00406,0.00435,0.00444,0.00388,0.00533,0.00535,0.00492,0.00783,0.00675,0.00585,0.00702,0.00566,0.00626,0.00648,0.00526,0.00649,0.0066,0.00557,0.00593,0.00627,0.00834,0.008529413,0.008718826,0.008908239,0.009097652,0.009287065,0.009476478,0.009665891,0.009855304,0.00998015,0.010104995,0.01022984,0.010354685,0.010854065,0.010967299,0.011080532,0.011193765,0.011306999,0.011759932,0.011912233,0.012064534,0.012216834,0.012369135,0.012978338,0.013158856,0.013339375,0.013519893,0.013700412,0.014422486
180,Democratic Republic of Congo,0.00266,0.00271,0.00287,0.00292,0.00294,0.00277,0.00291,0.00297,0.0034,0.0029,0.00351,0.0028,0.00369,0.0043,0.00338,0.00309,0.00342,0.00365,0.0032,0.00413,0.00307,0.00278,0.00265,0.00166,0.00205,0.00225,0.00185,0.00163,0.00134,0.00085,0.00071,0.00076,0.00093,0.00102,0.00127,0.00137,0.0015,0.00167,0.00153,0.00179,0.00229,0.00241,0.002464734,0.002519469,0.002574203,0.002628938,0.002683672,0.002738407,0.002793141,0.002847876,0.002883952,0.002920028,0.002956105,0.002992181,0.003136486,0.003169207,0.003201928,0.003234649,0.00326737,0.003398254,0.003442264,0.003486274,0.003530284,0.003574294,0.003750335,0.003802499,0.003854663,0.003906828,0.003958992,0.004167649
818,Egypt,0.02024,0.0224,0.02044,0.02344,0.02555,0.02979,0.03227,0.03316,0.0366,0.03856,0.04565,0.05029,0.05616,0.06227,0.06735,0.06843,0.07345,0.07537,0.07993,0.08391,0.0833,0.08554,0.08772,0.08254,0.08789,0.09438,0.09839,0.10603,0.10532,0.09968,0.11157,0.11254,0.11689,0.12882,0.15,0.15846,0.16902,0.17682,0.18204,0.17701,0.18562,0.19026,0.194581071,0.198902141,0.203223212,0.207544282,0.211865353,0.216186424,0.220507494,0.224828565,0.227676649,0.230524734,0.233372819,0.236220904,0.247613243,0.250196431,0.252779619,0.255362807,0.257945995,0.268278748,0.271753175,0.275227602,0.278702029,0.282176456,0.296074164,0.300192326,0.304310487,0.308428649,0.31254681,0.329019457
232,Eritrea,0,0,0,0,0,0,0,0,0,0,0,0,0,0,0,0,0,0,0,0,0,0.00046,0.00061,0.00069,0.00078,0.00085,0.00075,0.00058,0.00062,0.0006,0.00063,0.0006,0.00072,0.00077,0.00077,0.00055,0.00057,0.0004,0.0005,0.0005,0.00051,0.00054,0.000552264,0.000564528,0.000576792,0.000589057,0.000601321,0.000613585,0.000625849,0.000638113,0.000646197,0.00065428,0.000662364,0.000670447,0.000702781,0.000710113,0.000717445,0.000724776,0.000732108,0.000761434,0.000771296,0.000781157,0.000791018,0.000800879,0.000840324,0.000852012,0.000863701,0.000875389,0.000887077,0.00093383
231,Ethiopia,0.00135,0.00123,0.00131,0.00134,0.0012,0.00121,0.00118,0.00129,0.00137,0.00144,0.00153,0.00141,0.00151,0.00139,0.00143,0.00168,0.00207,0.00213,0.00225,0.0024,0.00237,0.00157,0.00201,0.00234,0.00267,0.00287,0.00286,0.00298,0.00297,0.00326,0.00408,0.00426,0.00461,0.00485,0.00455,0.00487,0.00546,0.00594,0.00607,0.00607,0.00699,0.00793,0.008110101,0.008290203,0.008470304,0.008650406,0.008830507,0.009010608,0.00919071,0.009370811,0.009489519,0.009608226,0.009726934,0.009845642,0.010320472,0.010428139,0.010535806,0.010643472,0.010751139,0.011181806,0.01132662,0.011471433,0.011616247,0.01176106,0.012340314,0.012511958,0.012683602,0.012855246,0.013026891,0.013713467
266,Gabon,0.00169,0.00158,0.00253,0.0028,0.00213,0.002,0.00222,0.00274,0.00222,0.00223,0.00264,0.00268,0.0028,0.00243,0.00188,0.00183,0.00159,0.00176,0.00144,0.00106,0.0011,0.00125,0.00139,0.00093,0.00115,0.00129,0.00131,0.00149,0.00132,0.0013,0.00153,0.00146,0.00145,0.0015,0.00171,0.00177,0.00192,0.00198,0.00213,0.00236,0.00246,0.00245,0.002505643,0.002561286,0.002616929,0.002672572,0.002728215,0.002783858,0.0028395,0.002895143,0.002931819,0.002968494,0.003005169,0.003041844,0.003188544,0.003221808,0.003255072,0.003288336,0.0033216,0.003454656,0.003499397,0.003544138,0.003588878,0.003633619,0.003812581,0.003865611,0.003918641,0.003971671,0.004024701,0.004236822
288,Ghana,0.00194,0.00204,0.0022,0.0023,0.00248,0.00221,0.00263,0.00258,0.00226,0.00223,0.00257,0.00283,0.00123,0.0019,0.00253,0.00233,0.00296,0.00212,0.00282,0.00285,0.00268,0.00268,0.00304,0.00321,0.00359,0.00381,0.00422,0.00584,0.00589,0.00525,0.00601,0.00672,0.00652,0.00654,0.00661,0.00801,0.00858,0.00796,0.00905,0.01062,0.01114,0.01283,0.013121387,0.013412774,0.013704162,0.013995549,0.014286936,0.014578323,0.014869711,0.015161098,0.015353156,0.015545214,0.015737271,0.015929329,0.016697561,0.016871756,0.01704595,0.017220145,0.01739434,0.018091119,0.018325414,0.018559708,0.018794003,0.019028298,0.019965476,0.020243181,0.020520885,0.020798589,0.021076293,0.02218711
404,Kenya,0.00324,0.00348,0.00345,0.00352,0.00343,0.00388,0.00418,0.00415,0.00418,0.00434,0.00427,0.00404,0.00368,0.00431,0.00458,0.0053,0.00559,0.00559,0.00589,0.0057,0.00551,0.00557,0.00552,0.00519,0.00571,0.00624,0.00601,0.00658,0.0069,0.00771,0.00703,0.00681,0.0058,0.00668,0.00747,0.00863,0.00856,0.00905,0.01087,0.01164,0.01177,0.01066,0.010902104,0.011144207,0.011386311,0.011628414,0.011870518,0.012112621,0.012354725,0.012596828,0.012756402,0.012915976,0.013075551,0.013235125,0.013873421,0.014018154,0.014162886,0.014307619,0.014452351,0.015031281,0.015225948,0.015420615,0.015615282,0.01580995,0.016588619,0.016819353,0.017050088,0.017280823,0.017511558,0.018434497
434,Libya,0.00378,0.00557,0.00669,0.00766,0.00989,0.00902,0.01101,0.01276,0.01386,0.01721,0.01873,0.0204,0.02048,0.02276,0.02468,0.02469,0.02775,0.02673,0.02829,0.02725,0.02725,0.02726,0.02844,0.03279,0.03483,0.03705,0.03709,0.0379,0.0374,0.03964,0.04074,0.04234,0.04391,0.04538,0.04572,0.04474,0.04132,0.04472,0.04887,0.05095,0.03524,0.04411,0.0451118,0.0461136,0.047115399,0.048117199,0.049118999,0.050120799,0.051122598,0.052124398,0.0527847,0.053445002,0.054105304,0.054765605,0.057406812,0.0580057,0.058604588,0.059203476,0.059802364,0.062197916,0.06300343,0.063808943,0.064614457,0.06541997,0.068642023,0.069596781,0.070551538,0.071506295,0.072461052,0.076280081
480,Mauritius,0.00026,0.00029,0.00032,0.00039,0.00042,0.00048,0.00056,0.0006,0.0006,0.00057,0.00057,0.00053,0.0006,0.00064,0.0006,0.00075,0.0008,0.00089,0.001,0.00115,0.00124,0.00131,0.00145,0.0015,0.00153,0.0016,0.00161,0.00177,0.00217,0.0024,0.00253,0.00258,0.00271,0.00273,0.00292,0.00326,0.00335,0.00342,0.00337,0.00361,0.0036,0.00369,0.003773805,0.00385761,0.003941415,0.00402522,0.004109025,0.00419283,0.004276635,0.00436044,0.004415678,0.004470915,0.004526152,0.004581389,0.004802338,0.004852438,0.004902538,0.004952637,0.005002737,0.005203136,0.00527052,0.005337905,0.00540529,0.005472675,0.005742214,0.005822084,0.005901954,0.005981823,0.006061693,0.006381172
504,Morocco,0.00685,0.00749,0.0086,0.00941,0.00992,0.01088,0.012,0.01279,0.0136,0.01391,0.01406,0.01478,0.01555,0.01606,0.0164,0.01706,0.01759,0.01845,0.01981,0.02016,0.02097,0.02207,0.02321,0.0249,0.02517,0.02656,0.02719,0.02798,0.0296,0.02996,0.0325,0.03338,0.0327,0.03649,0.0401,0.04042,0.042,0.04364,0.04289,0.04634,0.05022,0.0521,0.053283264,0.054466528,0.055649792,0.056833055,0.058016319,0.059199583,0.060382847,0.061566111,0.062346018,0.063125926,0.063905833,0.064685741,0.067805371,0.068512741,0.06922011,0.06992748,0.070634849,0.073464326,0.074415749,0.075367172,0.076318594,0.077270017,0.081075707,0.082203407,0.083331107,0.084458807,0.085586507,0.090097307
508,Mozambique,0.00301,0.00269,0.00286,0.00266,0.00243,0.00222,0.00244,0.00179,0.00189,0.00239,0.00192,0.0019,0.00173,0.00148,0.00149,0.00145,0.00145,0.00147,0.00144,0.001,0.00091,0.00102,0.00116,0.00102,0.0011,0.00106,0.00128,0.00105,0.00113,0.00145,0.00149,0.00137,0.00166,0.00169,0.00151,0.00162,0.00199,0.00194,0.00219,0.00235,0.00279,0.00259,0.002648823,0.002707645,0.002766468,0.00282529,0.002884113,0.002942935,0.003001758,0.00306058,0.003099351,0.003138122,0.003176893,0.003215664,0.003370747,0.003405912,0.003441076,0.003476241,0.003511406,0.003652065,0.003699363,0.00374666,0.003793957,0.003841254,0.004030443,0.004086503,0.004142564,0.004198624,0.004254684,0.004478926
516,Namibia,0,0,0,0,0,0,0,0,0,0,0,0,0,0,0,0,0,0,0,0,0.00112,0.00122,0.00142,0.00163,0.00177,0.00192,0.00196,0.00201,0.00197,0.00192,0.00241,0.00208,0.00222,0.00232,0.00233,0.00235,0.00243,0.00279,0.00286,0.00299,0.00301,0.00318,0.003252222,0.003324444,0.003396667,0.003468889,0.003541111,0.003613333,0.003685556,0.003757778,0.003805381,0.003852984,0.003900586,0.003948189,0.0041386,0.004181776,0.004224951,0.004268126,0.004311302,0.004484003,0.004542075,0.004600146,0.004658217,0.004716289,0.004948575,0.005017406,0.005086236,0.005155067,0.005223898,0.005499221
566,Nigeria,0.00593,0.00715,0.0092,0.0099,0.01181,0.01485,0.01844,0.0216,0.0236,0.02685,0.03036,0.03442,0.03511,0.03177,0.03315,0.03097,0.03308,0.0342,0.03628,0.03823,0.04179,0.04575,0.04381,0.03549,0.03633,0.0405,0.04214,0.03724,0.03982,0.04289,0.04957,0.05101,0.05655,0.05695,0.06054,0.05438,0.0499,0.05491,0.04598,0.05751,0.06254,0.06519,0.066670556,0.068151112,0.069631668,0.071112224,0.07259278,0.074073336,0.075553892,0.077034448,0.078010306,0.078986163,0.079962021,0.080937878,0.084841308,0.085726402,0.086611497,0.087496591,0.088381685,0.091922062,0.093112527,0.094302993,0.095493458,0.096683923,0.101445783,0.102856815,0.104267848,0.10567888,0.107089912,0.11273404
686,Senegal,0.00124,0.00125,0.00138,0.00149,0.00161,0.00168,0.00176,0.00175,0.00194,0.00204,0.002,0.00193,0.00193,0.00214,0.00193,0.00215,0.00245,0.00215,0.0021,0.00219,0.00214,0.00244,0.0024,0.00233,0.00253,0.00257,0.00285,0.0031,0.00337,0.00361,0.00406,0.00406,0.00395,0.00456,0.00473,0.00474,0.00498,0.00517,0.00508,0.00542,0.00597,0.00566,0.005788547,0.005917093,0.00604564,0.006174186,0.006302733,0.006431279,0.006559826,0.006688372,0.006773099,0.006857826,0.006942553,0.00702728,0.007366188,0.007443035,0.007519881,0.007596728,0.007673575,0.007980961,0.008084321,0.008187681,0.008291041,0.008394401,0.008807841,0.008930351,0.009052861,0.009175371,0.009297882,0.009787922
710,South Africa,0.14966,0.15128,0.16127,0.16742,0.17624,0.18368,0.18695,0.19693,0.20348,0.21534,0.24011,0.26445,0.2696,0.28987,0.28851,0.29859,0.31123,0.31805,0.29918,0.29162,0.30561,0.28145,0.30797,0.31685,0.33412,0.33793,0.34432,0.33603,0.34605,0.34584,0.3584,0.34551,0.37652,0.41582,0.41213,0.41159,0.44036,0.47703,0.45998,0.45825,0.4522,0.44559,0.455709972,0.465829944,0.475949916,0.486069887,0.496189859,0.506309831,0.516429803,0.526549775,0.533220005,0.539890236,0.546560467,0.553230697,0.57991162,0.585961461,0.592011303,0.598061144,0.604110985,0.62831035,0.636447478,0.644584606,0.652721734,0.660858862,0.693407373,0.703052131,0.712696889,0.722341646,0.731986404,0.770565435
729,Sudan,0.00414,0.00415,0.00443,0.00427,0.00391,0.0034,0.00356,0.00336,0.00302,0.00388,0.00354,0.00404,0.00387,0.00368,0.0043,0.00421,0.00328,0.00465,0.00421,0.00558,0.00511,0.00471,0.00339,0.00491,0.00471,0.00474,0.00531,0.00549,0.00951,0.00704,0.00696,0.00892,0.00837,0.00917,0.01068,0.01363,0.01465,0.01557,0.01598,0.01573,0.01488,0.01424,0.01456341,0.014886821,0.015210231,0.015533641,0.015857052,0.016180462,0.016503872,0.016827282,0.017040447,0.017253612,0.017466777,0.017679941,0.018532601,0.018725939,0.018919278,0.019112616,0.019305955,0.020079309,0.020339353,0.020599396,0.020859439,0.021119482,0.022159656,0.022467879,0.022776103,0.023084326,0.02339255,0.024625444
768,Togo,0.00034,0.00036,0.0003,0.00027,0.00031,0.00027,0.00034,0.00036,0.00043,0.00039,0.00036,0.00043,0.0003,0.00034,0.00029,0.00048,0.00052,0.0005,0.00051,0.00057,0.00052,0.00037,0.00025,0.00058,0.00057,0.00094,0.00066,0.00082,0.0011,0.00096,0.00081,0.00088,0.0011,0.00103,0.00098,0.00085,0.00094,0.00108,0.00225,0.00207,0.00188,0.00162,0.001656792,0.001693585,0.001730377,0.00176717,0.001803962,0.001840755,0.001877547,0.00191434,0.00193859,0.001962841,0.001987091,0.002011342,0.002108344,0.002130339,0.002152334,0.002174329,0.002196324,0.002284303,0.002313887,0.002343471,0.002373054,0.002402638,0.002520972,0.002556037,0.002591102,0.002626166,0.002661231,0.00280149
788,Tunisia,0.00372,0.00419,0.00428,0.0049,0.00504,0.00542,0.00602,0.00664,0.00732,0.00801,0.00827,0.00803,0.00938,0.00981,0.01012,0.01031,0.01009,0.01092,0.01078,0.01233,0.01241,0.01381,0.01329,0.01402,0.01401,0.0146,0.01495,0.01633,0.01684,0.01741,0.0183,0.01851,0.01879,0.01982,0.01955,0.02069,0.02126,0.02201,0.02113,0.02327,0.02208,0.023,0.023522362,0.024044724,0.024567086,0.025089449,0.025611811,0.026134173,0.026656535,0.027178897,0.027523194,0.027867491,0.028211788,0.028556085,0.029933273,0.030245548,0.030557822,0.030870097,0.031182371,0.032431469,0.032851482,0.033271496,0.03369151,0.034111524,0.035791579,0.036289412,0.036787245,0.037285078,0.037782911,0.039774243
834,United Republic of Tanzania,0.00211,0.00229,0.00236,0.00214,0.00194,0.00211,0.00201,0.00213,0.00215,0.00218,0.00207,0.00197,0.00199,0.00197,0.00198,0.00207,0.00202,0.00196,0.00198,0.00204,0.00204,0.00187,0.00211,0.00212,0.00301,0.00283,0.00263,0.00242,0.00218,0.00253,0.00277,0.00318,0.00332,0.00459,0.00508,0.00548,0.00527,0.00547,0.00515,0.00618,0.0073,0.00883,0.009030542,0.009231083,0.009431625,0.009632167,0.009832708,0.01003325,0.010233792,0.010434333,0.010566513,0.010698693,0.010830873,0.010963054,0.011491774,0.01161166,0.011731546,0.011851433,0.011971319,0.012450864,0.012612113,0.012773361,0.01293461,0.013095859,0.013740854,0.013931979,0.014123103,0.014314228,0.014505352,0.015269851
894,Zambia,0.00343,0.00385,0.00417,0.00419,0.00327,0.00421,0.00369,0.00348,0.00315,0.0034,0.00316,0.00316,0.00306,0.00295,0.00295,0.00294,0.00292,0.00333,0.00325,0.00273,0.00288,0.0028,0.00247,0.00216,0.0021,0.00177,0.00229,0.00222,0.00173,0.00171,0.0018,0.00192,0.00203,0.00204,0.00217,0.00206,0.0015,0.00169,0.00178,0.00187,0.00223,0.00289,0.002955636,0.003021272,0.003086908,0.003152544,0.00321818,0.003283816,0.003349452,0.003415088,0.003458349,0.003501611,0.003544873,0.003588134,0.003761181,0.003800419,0.003839657,0.003878895,0.003918133,0.004075085,0.00412786,0.004180636,0.004233411,0.004286187,0.00449729,0.004559843,0.004622397,0.004684951,0.004747505,0.00499772
716,Zimbabwe,0.00786,0.0074,0.00864,0.00827,0.00768,0.00859,0.00765,0.00727,0.00729,0.008,0.00786,0.00776,0.00799,0.00826,0.00957,0.01118,0.01427,0.01412,0.01433,0.01544,0.01729,0.01775,0.01621,0.0153,0.01533,0.01471,0.01379,0.01404,0.01543,0.01325,0.01328,0.0121,0.01004,0.00928,0.01054,0.01017,0.00974,0.00765,0.00807,0.00878,0.00958,0.01002,0.010247568,0.010475136,0.010702705,0.010930273,0.011157841,0.011385409,0.011612977,0.011840546,0.011990539,0.012140533,0.012290527,0.012440521,0.013040496,0.013176539,0.013312582,0.013448625,0.013584668,0.01412884,0.01431182,0.0144948,0.01467778,0.014860759,0.015592679,0.015809561,0.016026443,0.016243325,0.016460207,0.017327735
32,Argentina,0.08603,0.08755,0.09084,0.09097,0.08982,0.09322,0.09611,0.0964,0.10165,0.10119,0.0973,0.09783,0.09864,0.0999,0.09269,0.10232,0.1079,0.11351,0.11079,0.10681,0.11008,0.11561,0.11279,0.11819,0.11816,0.1243,0.12733,0.12997,0.13444,0.13552,0.12555,0.12132,0.12881,0.14731,0.14774,0.16116,0.1642,0.17902,0.17017,0.17851,0.18113,0.1808,0.183572235,0.18634447,0.189116705,0.19188894,0.194661175,0.197433409,0.200205644,0.202977879,0.204115885,0.205253891,0.206391896,0.207529902,0.212081925,0.213197766,0.214313607,0.215429448,0.21654529,0.221008654,0.222247889,0.223487125,0.22472636,0.225965595,0.230922536,0.232025145,0.233127753,0.234230362,0.23533297,0.239743404
68,Bolivia,0.00223,0.00245,0.0026,0.00283,0.00336,0.00367,0.00394,0.00435,0.00476,0.00457,0.00461,0.00517,0.00467,0.00454,0.00432,0.0038,0.00401,0.00405,0.00452,0.00477,0.00486,0.00532,0.00567,0.00649,0.0076,0.00841,0.00931,0.00963,0.00929,0.0102,0.00792,0.00961,0.0103,0.01024,0.01142,0.01436,0.01164,0.01232,0.01306,0.01425,0.01495,0.0175,0.01776833,0.018036661,0.018304991,0.018573321,0.018841651,0.019109982,0.019378312,0.019646642,0.019756792,0.019866942,0.019977092,0.020087242,0.020527841,0.020635846,0.02074385,0.020851855,0.020959859,0.021391877,0.021511826,0.021631774,0.021751722,0.02187167,0.022351462,0.022458186,0.02256491,0.022671633,0.022778357,0.023205252
76,Brazil,0.09394,0.1032,0.12185,0.13359,0.14387,0.15652,0.1624,0.1796,0.19093,0.18983,0.17464,0.17512,0.16766,0.1714,0.18045,0.19568,0.2007,0.20682,0.20988,0.20499,0.21502,0.21861,0.2275,0.23776,0.25344,0.27547,0.28824,0.29749,0.30494,0.30987,0.31969,0.31863,0.30976,0.32545,0.33003,0.33448,0.34992,0.3683,0.34561,0.39813,0.41704,0.44821,0.4553,0.46239,0.46948,0.47657,0.48366,0.49075,0.49784,0.50493,0.51257625,0.5202225,0.52786875,0.535515,0.5661,0.57370875,0.5813175,0.58892625,0.596535,0.62697,0.63395125,0.6409325,0.64791375,0.654895,0.68282,0.6870925,0.691365,0.6956375,0.69991,0.717
170,Colombia,0.02722,0.02883,0.03016,0.03294,0.03204,0.03402,0.03495,0.03259,0.03065,0.035,0.03575,0.03643,0.03814,0.03918,0.03906,0.04438,0.04579,0.04691,0.04672,0.04887,0.05015,0.05354,0.05591,0.05665,0.05793,0.05913,0.06161,0.06563,0.05545,0.05757,0.05794,0.05512,0.056,0.05648,0.06009,0.06246,0.06117,0.06472,0.06875,0.06875,0.06829,0.06785,0.068890355,0.069930709,0.070971064,0.072011419,0.073051774,0.074092128,0.075132483,0.076172838,0.076599905,0.077026972,0.077454039,0.077881105,0.079589373,0.080008122,0.080426871,0.08084562,0.081264369,0.082939365,0.083404421,0.083869477,0.084334533,0.084799589,0.086659812,0.087073596,0.087487379,0.087901162,0.088314945,0.089970077
188,Costa Rica,0.00142,0.00152,0.00173,0.00164,0.00184,0.0018,0.0023,0.00251,0.00256,0.00229,0.002,0.00191,0.00181,0.00193,0.00202,0.00212,0.00232,0.00237,0.00282,0.00293,0.00313,0.00395,0.00399,0.00387,0.00404,0.00395,0.00406,0.00444,0.00464,0.0049,0.00479,0.00478,0.0053,0.00515,0.0053,0.00587,0.00652,0.00667,0.00644,0.00655,0.00668,0.00668,0.006782425,0.006884851,0.006987276,0.007089702,0.007192127,0.007294553,0.007396978,0.007499404,0.00754145,0.007583496,0.007625541,0.007667587,0.00783577,0.007876997,0.007918224,0.007959451,0.008000678,0.008165585,0.008211371,0.008257157,0.008302943,0.008348729,0.008531872,0.00857261,0.008613348,0.008654086,0.008694824,0.008857776
192,Cuba,0.02027,0.02011,0.02171,0.02321,0.02386,0.02568,0.02799,0.02917,0.03009,0.03108,0.03069,0.03093,0.03347,0.03193,0.03217,0.03163,0.03339,0.03432,0.03665,0.03225,0.02591,0.02119,0.01986,0.02091,0.02303,0.02423,0.02581,0.02509,0.02537,0.02722,0.02598,0.02517,0.02589,0.02527,0.0258,0.02702,0.02539,0.02697,0.03275,0.03016,0.02865,0.02895,0.029393895,0.02983779,0.030281685,0.03072558,0.031169475,0.031613369,0.032057264,0.032501159,0.032683379,0.032865598,0.033047817,0.033230037,0.033958914,0.034137585,0.034316255,0.034494926,0.034673596,0.035388277,0.035586706,0.035785134,0.035983563,0.036181991,0.036975705,0.037152256,0.037328808,0.037505359,0.037681911,0.038388117
214,Dominican Republic,0.00345,0.00457,0.00509,0.00544,0.00557,0.00566,0.00597,0.0061,0.00636,0.00649,0.00612,0.00583,0.00695,0.00725,0.0071,0.0074,0.00892,0.00882,0.00896,0.00902,0.00922,0.01054,0.01046,0.0124,0.01319,0.01386,0.0158,0.0163,0.01659,0.01852,0.01827,0.01912,0.01818,0.01595,0.01754,0.0187,0.01892,0.01883,0.01831,0.01912,0.01945,0.02014,0.02044881,0.02075762,0.021066429,0.021375239,0.021684049,0.021992859,0.022301669,0.022610478,0.022737245,0.022864012,0.022990779,0.023117546,0.023624613,0.02374891,0.023873208,0.023997506,0.024121804,0.024618995,0.024757038,0.024895081,0.025033124,0.025171168,0.02572334,0.025846164,0.025968988,0.026091811,0.026214635,0.02670593
218,Ecuador,0.00331,0.00357,0.00381,0.00535,0.00623,0.00727,0.00927,0.00952,0.00967,0.01079,0.01161,0.01242,0.01131,0.01169,0.01196,0.01176,0.0119,0.01227,0.01164,0.01383,0.01468,0.0162,0.0145,0.01559,0.01928,0.02012,0.02161,0.02186,0.01921,0.02151,0.02326,0.02406,0.02344,0.02562,0.02515,0.0275,0.02881,0.0299,0.03256,0.03428,0.03499,0.03627,0.036826134,0.037382267,0.037938401,0.038494535,0.039050668,0.039606802,0.040162935,0.040719069,0.040947363,0.041175656,0.04140395,0.041632243,0.042545417,0.042769264,0.042993111,0.043216958,0.043440806,0.044336194,0.044584795,0.044833396,0.045081997,0.045330598,0.046325002,0.046546195,0.046767387,0.04698858,0.047209772,0.048094542
222,El Salvador,0.00151,0.00177,0.00198,0.00192,0.00213,0.00216,0.00222,0.0023,0.0022,0.00183,0.00174,0.0017,0.0017,0.00174,0.00186,0.00187,0.00225,0.0022,0.00235,0.00234,0.00301,0.00327,0.00376,0.00426,0.00476,0.00418,0.00511,0.00541,0.00527,0.00533,0.00548,0.00563,0.00595,0.00583,0.00593,0.00628,0.00642,0.006,0.00591,0.00576,0.00608,0.00619,0.006284912,0.006379824,0.006474737,0.006569649,0.006664561,0.006759473,0.006854386,0.006949298,0.00698826,0.007027221,0.007066183,0.007105144,0.007260991,0.007299193,0.007337396,0.007375599,0.007413802,0.007566613,0.00760904,0.007651467,0.007693895,0.007736322,0.007906032,0.007943781,0.007981531,0.008019281,0.00805703,0.008208029
320,Guatemala,0.00242,0.00251,0.00271,0.00278,0.00265,0.0029,0.00341,0.00361,0.00422,0.00428,0.00366,0.00314,0.00283,0.00327,0.00332,0.00247,0.00281,0.00308,0.00315,0.00361,0.00381,0.00435,0.00447,0.00531,0.00579,0.00612,0.00648,0.00784,0.00792,0.00896,0.00929,0.00975,0.00962,0.01024,0.01063,0.01053,0.01137,0.01015,0.01113,0.01024,0.01038,0.0105,0.010660998,0.010821996,0.010982994,0.011143993,0.011304991,0.011465989,0.011626987,0.011787985,0.011854075,0.011920165,0.011986255,0.012052345,0.012316705,0.012381507,0.01244631,0.012511113,0.012575916,0.012835126,0.012907095,0.012979064,0.013051033,0.013123002,0.013410877,0.013474912,0.013538946,0.01360298,0.013667014,0.013923151
332,Haiti,0.00039,0.00036,0.00037,0.00042,0.00042,0.0006,0.00061,0.00066,0.00067,0.00063,0.0005,0.00065,0.00076,0.00079,0.00079,0.00074,0.00082,0.0009,0.00095,0.00094,0.0009,0.00083,0.00068,0.00019,0.0009,0.00105,0.0014,0.00128,0.00138,0.00141,0.00154,0.00173,0.00164,0.00189,0.00198,0.00203,0.00231,0.00231,0.00218,0.00204,0.00213,0.00224,0.002274346,0.002308693,0.002343039,0.002377385,0.002411731,0.002446078,0.002480424,0.00251477,0.002528869,0.002542969,0.002557068,0.002571167,0.002627564,0.002641388,0.002655213,0.002669037,0.002682862,0.00273816,0.002753514,0.002768867,0.00278422,0.002799574,0.002860987,0.002874648,0.002888308,0.002901969,0.00291563,0.002970272
340,Honduras,0.00111,0.00113,0.00123,0.00121,0.00127,0.00141,0.00159,0.0016,0.00167,0.00168,0.00159,0.00196,0.00173,0.00185,0.00164,0.00178,0.0019,0.00209,0.00227,0.00216,0.00217,0.00244,0.00257,0.00297,0.00354,0.00349,0.00359,0.00433,0.00439,0.00446,0.00525,0.00555,0.00619,0.00691,0.00705,0.00628,0.008,0.00788,0.00707,0.00727,0.00763,0.00816,0.008285119,0.008410237,0.008535356,0.008660474,0.008785593,0.008910711,0.00903583,0.009160949,0.00921231,0.009263671,0.009315032,0.009366394,0.009571839,0.0096222,0.009672561,0.009722922,0.009773283,0.009974727,0.010030657,0.010086587,0.010142517,0.010198447,0.010422168,0.010471931,0.010521695,0.010571459,0.010621223,0.010820278
388,Jamaica,0.0052,0.00694,0.00816,0.00749,0.00738,0.00663,0.0066,0.00686,0.00723,0.00638,0.00652,0.00627,0.00543,0.00536,0.00453,0.0046,0.00472,0.0048,0.00614,0.00708,0.00715,0.00761,0.0077,0.00781,0.0084,0.0089,0.00886,0.00941,0.0097,0.00998,0.0103,0.00983,0.01027,0.01037,0.01023,0.01158,0.01166,0.00925,0.00753,0.00673,0.00714,0.00694,0.007046412,0.007152824,0.007259236,0.007365648,0.007472061,0.007578473,0.007684885,0.007791297,0.007834979,0.007878662,0.007922344,0.007966026,0.008140755,0.008183587,0.008226418,0.00826925,0.008312081,0.008483407,0.008530975,0.008578543,0.008626111,0.008673679,0.008863951,0.008906275,0.008948598,0.008990922,0.009033246,0.00920254
558,Nicaragua,0.00151,0.00153,0.00175,0.00186,0.0019,0.00212,0.00261,0.0024,0.00161,0.00189,0.00195,0.00191,0.00197,0.00183,0.00186,0.00218,0.00218,0.00197,0.00178,0.00175,0.00183,0.00214,0.00214,0.00232,0.00255,0.00262,0.0028,0.00316,0.00339,0.00344,0.00365,0.00372,0.00392,0.00406,0.00414,0.00417,0.00432,0.00414,0.00421,0.0042,0.00447,0.00438,0.004447159,0.004514318,0.004581478,0.004648637,0.004715796,0.004782955,0.004850115,0.004917274,0.004944843,0.004972412,0.004999981,0.00502755,0.005137825,0.005164857,0.005191889,0.005218921,0.005245953,0.005354081,0.005384103,0.005414124,0.005444145,0.005474167,0.005594252,0.005620963,0.005647675,0.005674386,0.005701097,0.005807943
591,Panama,0.00372,0.00435,0.00493,0.00474,0.00373,0.00371,0.00351,0.00331,0.00365,0.00258,0.00275,0.00319,0.00363,0.00299,0.00283,0.00292,0.00323,0.00289,0.00257,0.00257,0.00297,0.00356,0.00351,0.00389,0.00408,0.00423,0.00437,0.00567,0.00533,0.00534,0.00634,0.00559,0.00584,0.00551,0.00674,0.0072,0.00714,0.00655,0.00771,0.00873,0.00994,0.01009,0.010244712,0.010399423,0.010554135,0.010708846,0.010863558,0.011018269,0.011172981,0.011327692,0.011391202,0.011454711,0.01151822,0.01158173,0.011835767,0.011898039,0.011960311,0.012022584,0.012084856,0.012333945,0.012403104,0.012472263,0.012541421,0.01261058,0.012887215,0.012948748,0.013010282,0.013071816,0.01313335,0.013379485
600,Paraguay,0.00058,0.00064,0.00074,0.00066,0.00072,0.00079,0.00114,0.00145,0.00138,0.0014,0.00133,0.00133,0.00125,0.0014,0.00144,0.00149,0.00163,0.00185,0.00185,0.00194,0.00189,0.00224,0.00259,0.00305,0.00345,0.00342,0.0038,0.00399,0.00399,0.00325,0.00338,0.00356,0.00369,0.00374,0.00345,0.00369,0.00383,0.00376,0.00413,0.00469,0.00491,0.00506,0.005137586,0.005215172,0.005292757,0.005370343,0.005447929,0.005525515,0.0056031,0.005680686,0.005712535,0.005744384,0.005776233,0.005808082,0.005935479,0.005966707,0.005997936,0.006029165,0.006060394,0.006185309,0.006219991,0.006254673,0.006289355,0.006324037,0.006462766,0.006493624,0.006524482,0.006555341,0.006586199,0.006709633
604,Peru,0.01608,0.01596,0.01694,0.01834,0.01943,0.01972,0.02071,0.01968,0.01958,0.02178,0.02158,0.0216,0.01865,0.01895,0.01844,0.01964,0.02087,0.02108,0.01903,0.01823,0.0178,0.01774,0.01966,0.02069,0.02283,0.0239,0.02279,0.0244,0.02653,0.02613,0.02421,0.02442,0.02354,0.02732,0.02935,0.02706,0.0296,0.03335,0.03712,0.04021,0.04321,0.04685,0.047568358,0.048286717,0.049005075,0.049723434,0.050441792,0.051160151,0.051878509,0.052596867,0.052891754,0.053186641,0.053481528,0.053776415,0.054955963,0.055245107,0.055534251,0.055823394,0.056112538,0.057269112,0.05759023,0.057911348,0.058232467,0.058553585,0.059838058,0.060123772,0.060409487,0.060695202,0.060980916,0.062123775
780,Trinidad and Tobago,0.00501,0.0049,0.00492,0.00521,0.00478,0.00508,0.00604,0.00756,0.00788,0.00827,0.0092,0.00836,0.00882,0.01018,0.01096,0.01165,0.01045,0.01134,0.01088,0.01271,0.01235,0.01411,0.01334,0.013,0.01284,0.01497,0.01345,0.01533,0.01834,0.01951,0.02153,0.02359,0.02668,0.02736,0.03154,0.03507,0.03798,0.03707,0.03699,0.03968,0.03895,0.03799,0.038572507,0.039155013,0.03973752,0.040320027,0.040902533,0.04148504,0.042067547,0.042650053,0.042889173,0.043128293,0.043367412,0.043606532,0.044563011,0.044797473,0.045031936,0.045266398,0.04550086,0.04643871,0.0466991,0.04695949,0.047219881,0.047480271,0.048521832,0.048753514,0.048985196,0.049216877,0.049448559,0.050375287
858,Uruguay,0.00576,0.00601,0.00563,0.00556,0.00588,0.00595,0.00581,0.00593,0.00655,0.006,0.00554,0.00475,0.00391,0.00354,0.00339,0.00333,0.00367,0.00461,0.00494,0.00402,0.00461,0.00525,0.00459,0.00412,0.0047,0.00559,0.0056,0.0058,0.00691,0.00606,0.00479,0.00425,0.0042,0.00549,0.00565,0.00654,0.00592,0.00816,0.0076,0.00616,0.0075,0.00825,0.008376499,0.008502997,0.008629496,0.008755994,0.008882493,0.009008991,0.00913549,0.009261988,0.009313916,0.009365844,0.009417772,0.0094697,0.009677411,0.009728327,0.009779244,0.00983016,0.009881077,0.010084742,0.010141289,0.010197836,0.010254383,0.01031093,0.010537118,0.010587431,0.010637743,0.010688056,0.010738368,0.010939619
862,Venezuela,0.04354,0.04242,0.04624,0.0564,0.06035,0.06203,0.06705,0.07282,0.07535,0.0885,0.09633,0.09553,0.10462,0.10108,0.09916,0.10392,0.10244,0.09701,0.09994,0.10494,0.10758,0.11772,0.1088,0.12794,0.11662,0.12464,0.12369,0.13285,0.12389,0.12486,0.13083,0.13072,0.1204,0.12764,0.14053,0.15253,0.13767,0.15752,0.15794,0.17582,0.16071,0.17832,0.181054209,0.183788417,0.186522626,0.189256835,0.191991043,0.194725252,0.197459461,0.200193669,0.201316065,0.202438461,0.203560857,0.204683253,0.209172837,0.210273372,0.211373907,0.212474443,0.213574978,0.217977119,0.219199356,0.220421593,0.22164383,0.222866067,0.227755015,0.228842499,0.229929983,0.231017468,0.232104952,0.236454888
48,Bahrain,0.00307,0.00291,0.0046,0.00503,0.0048,0.00655,0.00545,0.0056,0.00686,0.00635,0.00714,0.00836,0.00786,0.0085,0.00951,0.01026,0.00939,0.01079,0.01078,0.01156,0.01149,0.01257,0.01323,0.01429,0.01442,0.01432,0.01615,0.01709,0.01672,0.01746,0.01797,0.0187,0.0197,0.01938,0.02217,0.02399,0.02542,0.02824,0.02672,0.02743,0.02738,0.02738,0.027915099,0.028450198,0.028985297,0.029520396,0.030055495,0.030590594,0.031125694,0.031660793,0.032048567,0.032436342,0.032824116,0.033211891,0.034762989,0.03509062,0.035418251,0.035745882,0.036073513,0.037384037,0.037614229,0.037844421,0.038074613,0.038304805,0.039225574,0.039453434,0.039681293,0.039909153,0.040137013,0.041048452
368,Iraq,0.01124,0.01165,0.01244,0.0136,0.01639,0.02039,0.02142,0.02457,0.02894,0.02712,0.02728,0.02894,0.03498,0.03563,0.03989,0.04533,0.04446,0.05356,0.05832,0.05625,0.04734,0.07019,0.08918,0.10116,0.09973,0.09639,0.11361,0.08325,0.06306,0.07405,0.07705,0.08079,0.07774,0.07744,0.07543,0.05842,0.06504,0.0797,0.09317,0.10615,0.11172,0.12685,0.129329084,0.131808168,0.134287252,0.136766336,0.13924542,0.141724504,0.144203588,0.146682672,0.148479209,0.150275746,0.152072284,0.153868821,0.161054971,0.162572867,0.164090763,0.16560866,0.167126556,0.173198141,0.174264608,0.175331075,0.176397542,0.177464009,0.181729877,0.182785539,0.183841201,0.184896862,0.185952524,0.190175171
364,Islamic Republic of Iran,0.04346,0.04189,0.05445,0.06469,0.0701,0.0816,0.09038,0.08821,0.10114,0.10516,0.12207,0.14284,0.11867,0.13938,0.15064,0.15256,0.15369,0.15623,0.18222,0.18673,0.20592,0.21428,0.2276,0.2541,0.26638,0.25483,0.28583,0.28641,0.32829,0.32257,0.34955,0.35918,0.36725,0.39923,0.44334,0.45373,0.47111,0.50801,0.51014,0.50935,0.51995,0.54061,0.551175373,0.561740746,0.572306119,0.582871492,0.593436865,0.604002238,0.614567611,0.625132985,0.632789477,0.64044597,0.648102463,0.655758955,0.686384926,0.692853904,0.699322883,0.705791861,0.712260839,0.738136753,0.742681827,0.747226902,0.751771976,0.756317051,0.77449735,0.778996375,0.7834954,0.787994424,0.792493449,0.810489549
400,Jordan,0.00138,0.00154,0.00178,0.00187,0.00218,0.00274,0.00283,0.00339,0.00351,0.00435,0.0054,0.00619,0.00675,0.00746,0.00759,0.00827,0.0088,0.00863,0.00878,0.0094,0.00979,0.011,0.0108,0.01157,0.01239,0.01271,0.01298,0.01341,0.01338,0.01406,0.01387,0.0146,0.01473,0.01711,0.01838,0.01846,0.01933,0.01867,0.01952,0.01898,0.01964,0.0217,0.022124092,0.022548185,0.022972277,0.02339637,0.023820462,0.024244554,0.024668647,0.025092739,0.02540007,0.0257074,0.02601473,0.026322061,0.027551382,0.027811046,0.02807071,0.028330374,0.028590038,0.029628693,0.029811131,0.02999357,0.030176008,0.030358447,0.031088201,0.031268791,0.031449382,0.031629972,0.031810562,0.032532922
414,Kuwait,0.01399,0.01553,0.0163,0.0157,0.01514,0.01638,0.01796,0.0199,0.0247,0.02598,0.02667,0.03074,0.03258,0.03322,0.0375,0.04058,0.04404,0.05372,0.06316,0.02406,0.00756,0.02313,0.03171,0.03768,0.03831,0.03762,0.03787,0.04447,0.04873,0.05057,0.05481,0.05685,0.05997,0.06404,0.07237,0.07032,0.07213,0.07739,0.0848,0.08333,0.08292,0.08853,0.09026018,0.09199036,0.093720539,0.095450719,0.097180899,0.098911079,0.100641258,0.102371438,0.103625261,0.104879084,0.106132907,0.10738673,0.112402023,0.113461379,0.114520735,0.115580092,0.116639448,0.120876874,0.121621173,0.122365472,0.123109771,0.12385407,0.126831265,0.127568023,0.128304781,0.129041539,0.129778297,0.132725328
422,Lebanon,0.00503,0.0052,0.00677,0.00688,0.00603,0.00649,0.00494,0.00605,0.00656,0.00692,0.0066,0.00498,0.00539,0.00545,0.00658,0.0074,0.00762,0.00555,0.00551,0.00551,0.00687,0.00682,0.01014,0.01116,0.01285,0.01347,0.01533,0.01503,0.01582,0.01412,0.01531,0.01526,0.01513,0.01527,0.01448,0.01365,0.01201,0.01583,0.01934,0.01832,0.01849,0.02103,0.021440998,0.021851997,0.022262995,0.022673993,0.023084992,0.02349599,0.023906988,0.024317986,0.024615828,0.024913669,0.025211511,0.025509352,0.026700718,0.026952364,0.027204011,0.027455657,0.027707304,0.02871389,0.028890695,0.029067501,0.029244307,0.029421112,0.030128335,0.030303349,0.030478364,0.030653378,0.030828392,0.03152845
512,Oman,0.00069,0.00026,0.00029,0.00044,0.00071,0.00113,0.00223,0.00157,0.00236,0.00309,0.00249,0.0041,0.00355,0.00598,0.00548,0.005,0.00585,0.00555,0.00656,0.01076,0.01581,0.01437,0.01527,0.01561,0.01589,0.01626,0.01718,0.01694,0.01744,0.01923,0.02136,0.02265,0.02401,0.02496,0.0268,0.0383,0.04482,0.0407,0.0411,0.05452,0.06207,0.06453,0.065791137,0.067052275,0.068313412,0.06957455,0.070835687,0.072096825,0.073357962,0.0746191,0.075533018,0.076446937,0.077360855,0.078274774,0.081930448,0.082702618,0.083474789,0.08424696,0.08501913,0.088107813,0.088650336,0.08919286,0.089735383,0.090277907,0.092448001,0.092985028,0.093522055,0.094059082,0.094596109,0.096744216
634,Qatar,0.00223,0.00246,0.00344,0.00299,0.00494,0.00373,0.00428,0.00402,0.0067,0.00768,0.00928,0.01058,0.01087,0.01225,0.0123,0.01276,0.01331,0.01401,0.01419,0.01393,0.01558,0.01611,0.0168,0.01674,0.01771,0.01874,0.0223,0.02346,0.02467,0.02373,0.02693,0.02969,0.03068,0.03663,0.03677,0.04265,0.04901,0.04968,0.05267,0.05949,0.06739,0.07977,0.081328979,0.082887959,0.084446938,0.086005917,0.087564897,0.089123876,0.090682855,0.092241835,0.093371592,0.09450135,0.095631108,0.096760866,0.101279898,0.102234431,0.103188965,0.104143499,0.105098032,0.108916166,0.109586817,0.110257468,0.110928119,0.11159877,0.114281374,0.11494523,0.115609086,0.116272942,0.116936798,0.119592222
682,Saudi Arabia,0.01784,0.01509,0.0181,0.02055,0.0228,0.02554,0.02888,0.04602,0.06217,0.08626,0.11055,0.12456,0.13845,0.11778,0.11962,0.11254,0.13824,0.15802,0.15729,0.13678,0.16486,0.18517,0.19198,0.20417,0.20438,0.217,0.2031,0.21732,0.22351,0.23172,0.23642,0.26146,0.265,0.27384,0.27507,0.3111,0.32456,0.36345,0.39275,0.43743,0.41365,0.46927,0.478441145,0.48761229,0.496783435,0.505954579,0.515125724,0.524296869,0.533468014,0.542639159,0.549285285,0.555931411,0.562577538,0.569223664,0.595808169,0.601423488,0.607038806,0.612654125,0.618269444,0.640730719,0.644676016,0.648621313,0.652566611,0.656511908,0.672293097,0.676198422,0.680103746,0.68400907,0.687914395,0.703535692
760,Syrian Arab Republic,0.00724,0.006,0.00625,0.00798,0.00903,0.01011,0.01108,0.01122,0.01466,0.01227,0.01467,0.01794,0.02079,0.02406,0.02188,0.0226,0.02539,0.02646,0.02608,0.02962,0.03215,0.03071,0.03078,0.03212,0.03379,0.0344,0.0361,0.03999,0.04016,0.04065,0.04069,0.04317,0.04271,0.04619,0.0558,0.05873,0.06226,0.06362,0.058,0.05693,0.05277,0.03964,0.040414702,0.041189403,0.041964105,0.042738806,0.043513508,0.044288209,0.045062911,0.045837612,0.046399021,0.04696043,0.047521839,0.048083249,0.050328885,0.05080322,0.051277555,0.05175189,0.052226225,0.054123566,0.054456831,0.054790097,0.055123363,0.055456628,0.056789691,0.05711958,0.057449469,0.057779358,0.058109248,0.059428804
784,United Arab Emirates,0.00245,0.00257,0.00321,0.00335,0.00488,0.00632,0.0105,0.01212,0.0142,0.01886,0.02267,0.02484,0.02364,0.03088,0.03484,0.03892,0.04302,0.04449,0.05078,0.0505,0.05756,0.05468,0.05746,0.06386,0.06763,0.07541,0.07448,0.07674,0.07747,0.08031,0.08965,0.09653,0.09461,0.09915,0.10132,0.10767,0.11739,0.13642,0.13969,0.14427,0.15003,0.159,0.162107405,0.16521481,0.168322216,0.171429621,0.174537026,0.177644431,0.180751836,0.183859241,0.186111109,0.188362977,0.190614845,0.192866713,0.201874185,0.203776791,0.205679396,0.207582002,0.209484607,0.217095029,0.218431791,0.219768553,0.221105315,0.222442077,0.227789125,0.229112343,0.230435561,0.231758779,0.233081997,0.23837487
887,Yemen,0.00187,0.00142,0.00262,0.00211,0.00182,0.00229,0.00248,0.00264,0.0027,0.00342,0.00342,0.00405,0.00431,0.00452,0.00482,0.00534,0.0064,0.00683,0.00703,0.00714,0.00879,0.00954,0.00824,0.00861,0.00987,0.01008,0.01074,0.01152,0.0131,0.01392,0.01547,0.01495,0.01653,0.01813,0.01931,0.02062,0.02013,0.0209,0.02225,0.02397,0.02002,0.01992,0.020309305,0.02069861,0.021087915,0.02147722,0.021866526,0.022255831,0.022645136,0.023034441,0.023316562,0.023598682,0.023880803,0.024162924,0.025291407,0.025529772,0.025768136,0.0260065,0.026244864,0.027198321,0.027365794,0.027533268,0.027700741,0.027868215,0.028538109,0.028703886,0.028869663,0.029035439,0.029201216,0.029864323
50,Bangladesh,0.00339,0.00336,0.00411,0.00446,0.00469,0.00534,0.00538,0.00583,0.00625,0.00723,0.00748,0.00823,0.00788,0.0082,0.00935,0.0104,0.01143,0.01229,0.01322,0.01414,0.0133,0.01462,0.01616,0.01707,0.02099,0.02127,0.02333,0.02452,0.02432,0.02572,0.02973,0.03079,0.0328,0.03332,0.03512,0.03852,0.04102,0.04398,0.0476,0.05341,0.05652,0.06017,0.062109319,0.064048639,0.065987958,0.067927278,0.069866597,0.071805916,0.073745236,0.075684555,0.076790739,0.077896923,0.079003106,0.08010929,0.084534025,0.085759526,0.086985027,0.088210528,0.089436029,0.094338034,0.095845882,0.097353729,0.098861577,0.100369425,0.106400816,0.108335573,0.11027033,0.112205087,0.114139844,0.121878872
96,Brunei Darussalam,0.0004,0.00039,0.00078,0.00137,0.00172,0.00229,0.00247,0.00231,0.00242,0.00321,0.00308,0.00333,0.00347,0.00412,0.0043,0.00379,0.00374,0.00313,0.00366,0.00402,0.00454,0.00496,0.00473,0.00441,0.00532,0.00537,0.00559,0.00575,0.00584,0.00583,0.00542,0.00529,0.00606,0.00545,0.00529,0.00761,0.00784,0.00861,0.0074,0.00749,0.00878,0.00869,0.008970085,0.009250169,0.009530254,0.009810338,0.010090423,0.010370507,0.010650592,0.010930676,0.011090436,0.011250195,0.011409955,0.011569715,0.012208753,0.012385745,0.012562737,0.012739729,0.012916721,0.013624689,0.013842458,0.014060228,0.014277997,0.014495767,0.015366845,0.015646271,0.015925697,0.016205122,0.016484548,0.01760225
116,Cambodia,0,0,0,0,0,0,0,0,0,0,0,0,0,0,0,0,0,0,0,0,0,0,0,0,0.00153,0.00159,0.00166,0.00191,0.00202,0.00209,0.00225,0.00225,0.00244,0.00251,0.00285,0.00308,0.00353,0.00369,0.00379,0.00391,0.00423,0.00417,0.004304402,0.004438804,0.004573206,0.004707608,0.004842009,0.004976411,0.005110813,0.005245215,0.005321878,0.00539854,0.005475203,0.005551865,0.005858516,0.005943447,0.006028379,0.006113311,0.006198242,0.006537969,0.006642468,0.006746968,0.006851467,0.006955966,0.007373964,0.00750805,0.007642135,0.007776221,0.007910307,0.008446649
158,Chinese Taipei,0.03121,0.03552,0.04014,0.0388,0.04319,0.05154,0.05514,0.06388,0.06804,0.07506,0.06648,0.06666,0.07331,0.0751,0.07482,0.08518,0.09011,0.10455,0.11347,0.11751,0.1278,0.1357,0.14831,0.15379,0.16231,0.17132,0.18442,0.19872,0.20735,0.22804,0.23265,0.24469,0.25382,0.26567,0.26958,0.27645,0.2847,0.26921,0.24926,0.27376,0.27174,0.26062,0.269019957,0.277419914,0.285819871,0.294219829,0.302619786,0.311019743,0.3194197,0.327819657,0.332610975,0.337402293,0.342193611,0.346984929,0.366150202,0.37145833,0.376766459,0.382074587,0.387382716,0.40861523,0.415146313,0.421677396,0.42820848,0.434739563,0.460863897,0.469244092,0.477624288,0.486004483,0.494384679,0.527905462
408,Dem. People's Republic of Korea,0.06939,0.07187,0.0734,0.07666,0.07959,0.08466,0.08956,0.09524,0.10206,0.10856,0.11169,0.11704,0.12162,0.12476,0.12979,0.12746,0.12209,0.12392,0.12329,0.11757,0.11224,0.09765,0.08948,0.08127,0.07577,0.06605,0.0636,0.05866,0.06375,0.06867,0.071,0.06782,0.06925,0.07077,0.07394,0.07509,0.0621,0.06906,0.06858,0.06433,0.04525,0.04551,0.046976818,0.048443636,0.049910453,0.051377271,0.052844089,0.054310907,0.055777724,0.057244542,0.058081212,0.058917882,0.059754552,0.060591221,0.063937901,0.064864817,0.065791733,0.06671865,0.067645566,0.071353231,0.072493702,0.073634174,0.074774645,0.075915116,0.080477001,0.081940368,0.083403735,0.084867102,0.086330469,0.092183937
356,India,0.19913,0.20417,0.20797,0.22605,0.23892,0.25447,0.26226,0.24735,0.27037,0.28393,0.31346,0.33782,0.3579,0.38559,0.41978,0.44503,0.4772,0.51484,0.55534,0.59057,0.62824,0.66479,0.69117,0.73088,0.78918,0.82543,0.86608,0.88564,0.95847,0.98146,1.00407,1.04126,1.06825,1.15361,1.21489,1.30179,1.40561,1.50668,1.70617,1.7702,1.84167,1.97088,2.038845,2.10681,2.174775,2.24274,2.310705,2.37867,2.446635,2.5146,2.5681175,2.621635,2.6751525,2.72867,2.94274,3.0066225,3.070505,3.1343875,3.19827,3.4538,3.5198475,3.585895,3.6519425,3.71799,3.98218,4.04920875,4.1162375,4.18326625,4.250295,4.51841
360,Indonesia,0.0255,0.029,0.03298,0.03657,0.03931,0.043,0.0538,0.06128,0.06651,0.07181,0.07857,0.08105,0.08095,0.08437,0.08808,0.10478,0.10816,0.10991,0.11928,0.14536,0.1557,0.1651,0.19685,0.18828,0.22022,0.23407,0.24391,0.23408,0.25275,0.27603,0.28208,0.29817,0.29833,0.33326,0.34189,0.35485,0.35357,0.35156,0.3853,0.4117,0.38933,0.4174,0.430853082,0.444306163,0.457759245,0.471212326,0.484665408,0.498118489,0.511571571,0.525024652,0.532698262,0.540371872,0.548045481,0.555719091,0.58641353,0.594914846,0.603416161,0.611917476,0.620418792,0.654424054,0.664884011,0.675343969,0.685803927,0.696263885,0.738103716,0.751525148,0.76494658,0.778368012,0.791789445,0.845475173
458,Malaysia,0.01382,0.01384,0.01361,0.01591,0.01689,0.01871,0.01896,0.02449,0.02938,0.02945,0.03199,0.0322,0.03793,0.03827,0.03844,0.04224,0.04249,0.04468,0.05027,0.0551,0.06831,0.07608,0.08245,0.08128,0.08824,0.09905,0.11524,0.10824,0.10736,0.1231,0.13049,0.13689,0.14665,0.15912,0.17417,0.1734,0.18896,0.19724,0.18223,0.19595,0.20137,0.20572,0.212350493,0.218980987,0.22561148,0.232241973,0.238872467,0.24550296,0.252133454,0.258763947,0.262545967,0.266327986,0.270110006,0.273892025,0.289020104,0.293210067,0.29740003,0.301589993,0.305779957,0.322539809,0.32769511,0.332850411,0.338005711,0.343161012,0.363782215,0.370397109,0.377012004,0.383626899,0.390241793,0.416701372
496,Mongolia,0,0,0,0,0,0,0,0,0,0,0,0,0,0,0.0116,0.0126,0.01335,0.0142,0.01346,0.01266,0.01442,0.0126,0.01163,0.01012,0.01005,0.0085,0.00833,0.00836,0.00843,0.00881,0.0088,0.0094,0.0091,0.00935,0.00948,0.01056,0.01111,0.01113,0.01167,0.01257,0.01302,0.01426,0.014719609,0.015179219,0.015638828,0.016098437,0.016558047,0.017017656,0.017477265,0.017936875,0.018199035,0.018461195,0.018723355,0.018985516,0.020034157,0.020324594,0.020615032,0.02090547,0.021195908,0.022357659,0.022715012,0.023072365,0.023429717,0.02378707,0.025216481,0.025675009,0.026133537,0.026592065,0.027050593,0.028884705
104,Myanmar,0.00467,0.00453,0.00358,0.0042,0.00419,0.00467,0.00484,0.00481,0.00494,0.00533,0.00529,0.0054,0.00527,0.00577,0.00614,0.00664,0.00473,0.00452,0.00444,0.00417,0.00422,0.00403,0.00516,0.00611,0.00679,0.00714,0.00733,0.00806,0.00898,0.01001,0.00862,0.00901,0.01104,0.012,0.01186,0.0122,0.01339,0.01156,0.00916,0.00851,0.00836,0.01095,0.011302926,0.011655852,0.012008777,0.012361703,0.012714629,0.013067555,0.013420481,0.013773407,0.013974715,0.014176023,0.014377331,0.014578639,0.015383872,0.015606894,0.015829916,0.016052938,0.01627596,0.017168048,0.017442453,0.017716858,0.017991263,0.018265667,0.019363286,0.019715382,0.020067477,0.020419573,0.020771668,0.022180051
524,Nepal,0.00019,0.00026,0.00039,0.00037,0.00032,0.00024,0.00029,0.00028,0.00045,0.00051,0.00044,0.00051,0.00071,0.00079,0.00054,0.00075,0.00071,0.00074,0.00057,0.00091,0.00113,0.00118,0.00129,0.00158,0.00177,0.00182,0.00209,0.0022,0.00306,0.0031,0.00331,0.00265,0.00287,0.00263,0.00304,0.00246,0.00253,0.00295,0.0034,0.00404,0.00434,0.00489,0.005047608,0.005205216,0.005362824,0.005520432,0.00567804,0.005835648,0.005993256,0.006150864,0.006240763,0.006330662,0.006420562,0.006510461,0.006870058,0.006969654,0.00706925,0.007168846,0.007268442,0.007666827,0.007789369,0.007911912,0.008034454,0.008156997,0.008647166,0.008804403,0.008961641,0.009118878,0.009276115,0.009905064
586,Pakistan,0.01707,0.01725,0.01819,0.02004,0.02128,0.02058,0.02209,0.02291,0.02527,0.02661,0.03004,0.03233,0.03493,0.03643,0.03999,0.04215,0.04899,0.05283,0.05711,0.06133,0.06206,0.06826,0.07364,0.07724,0.08201,0.08927,0.0923,0.09381,0.10175,0.10375,0.10429,0.10403,0.1072,0.11929,0.12327,0.13199,0.14388,0.13889,0.1389,0.13976,0.13929,0.14022,0.144739385,0.149258769,0.153778154,0.158297538,0.162816923,0.167336307,0.171855692,0.176375076,0.178952924,0.181530771,0.184108619,0.186686466,0.196997856,0.199853761,0.202709665,0.205565569,0.208421473,0.219845091,0.223358975,0.226872859,0.230386743,0.233900628,0.247956164,0.252464917,0.256973669,0.261482421,0.265991174,0.284026183
156,People's Republic of China,0.87623,0.93202,0.96844,0.98704,1.14434,1.18782,1.34358,1.49815,1.52229,1.50305,1.48371,1.54696,1.62915,1.76997,1.81604,1.90202,2.02584,2.16544,2.20814,2.42518,2.31897,2.42072,2.59852,2.73377,2.98032,3.06563,3.0252,3.05923,3.15222,3.34517,3.41629,3.63544,4.25637,4.97632,5.46748,6.04065,6.37879,6.59404,7.16937,7.96434,8.74574,9.18415,9.21847125,9.2527925,9.28711375,9.321435,9.35575625,9.3900775,9.42439875,9.45872,9.5141675,9.569615,9.6250625,9.68051,9.9023,9.93945,9.9766,10.01375,10.0509,10.1995,10.2027375,10.205975,10.2092125,10.21245,10.2254,10.1994125,10.173425,10.1474375,10.12145,10.0175
608,Philippines,0.02353,0.02309,0.02723,0.02661,0.0287,0.03065,0.03286,0.03309,0.03464,0.03332,0.03071,0.02989,0.0337,0.02427,0.02625,0.02622,0.03047,0.03355,0.03575,0.03896,0.04001,0.04541,0.04618,0.05195,0.05806,0.06132,0.06691,0.06635,0.06567,0.06796,0.06706,0.0685,0.06983,0.06928,0.07086,0.06853,0.06972,0.07336,0.06758,0.07803,0.07765,0.08311,0.085788691,0.088467382,0.091146073,0.093824764,0.096503455,0.099182146,0.101860837,0.104539528,0.106067447,0.107595367,0.109123287,0.110651207,0.116762886,0.118455613,0.12014834,0.121841067,0.123533794,0.130304703,0.132387423,0.134470142,0.136552861,0.138635581,0.146966459,0.149638848,0.152311237,0.154983626,0.157656015,0.168345572
702,Singapore,0.00704,0.00845,0.00942,0.00984,0.00972,0.01013,0.0108,0.01392,0.01372,0.01414,0.01485,0.0144,0.01629,0.01737,0.01705,0.01848,0.01907,0.02191,0.02153,0.03027,0.03507,0.04059,0.04996,0.06201,0.05115,0.05376,0.05624,0.0517,0.04761,0.05047,0.05659,0.05195,0.06194,0.07409,0.04582,0.05048,0.04255,0.06025,0.04889,0.05978,0.05939,0.05767,0.059528743,0.061387485,0.063246228,0.065104971,0.066963714,0.068822456,0.070681199,0.072539942,0.073600165,0.074660388,0.075720611,0.076780834,0.081021726,0.082196308,0.083370891,0.084545474,0.085720057,0.090418388,0.091863586,0.093308785,0.094753983,0.096199181,0.101979974,0.103834344,0.105688714,0.107543084,0.109397454,0.116814934
144,Sri Lanka,0.00289,0.00355,0.00369,0.00299,0.00287,0.00279,0.003,0.00343,0.00376,0.00381,0.00389,0.00437,0.0045,0.00392,0.00356,0.00361,0.00406,0.00389,0.00376,0.00388,0.00409,0.00414,0.00528,0.0054,0.00581,0.00742,0.00776,0.00811,0.00889,0.01043,0.01012,0.01085,0.01211,0.01206,0.01225,0.01187,0.01248,0.01217,0.01171,0.01239,0.01491,0.01621,0.016732459,0.017254918,0.017777377,0.018299837,0.018822296,0.019344755,0.019867214,0.020389673,0.020687683,0.020985692,0.021283702,0.021581712,0.02277375,0.023103904,0.023434058,0.023764212,0.024094367,0.025414983,0.025821202,0.026227422,0.026633641,0.02703986,0.028664737,0.029185967,0.029707197,0.030228427,0.030749657,0.032834577
764,Thailand,0.01731,0.01908,0.02226,0.02174,0.02183,0.02488,0.0276,0.03077,0.03227,0.03432,0.03289,0.03165,0.03457,0.03805,0.04073,0.04153,0.04809,0.0581,0.06553,0.08119,0.08962,0.09801,0.10953,0.12584,0.14092,0.15877,0.16223,0.14901,0.15502,0.15531,0.16276,0.18047,0.19287,0.20861,0.21519,0.21661,0.22174,0.22655,0.21886,0.23786,0.24499,0.25831,0.266635504,0.274961009,0.283286513,0.291612017,0.299937521,0.308263026,0.31658853,0.324914034,0.329662885,0.334411735,0.339160585,0.343909436,0.362904837,0.368165917,0.373426997,0.378688077,0.383949157,0.404993477,0.411466672,0.417939868,0.424413063,0.430886258,0.456779039,0.465084957,0.473390875,0.481696793,0.490002711,0.523226382
704,Vietnam,0.01614,0.01573,0.01738,0.01428,0.01671,0.01162,0.01265,0.0133,0.01406,0.01479,0.01496,0.0163,0.01732,0.0172,0.01714,0.01898,0.02143,0.02072,0.01748,0.0172,0.0169,0.01828,0.02099,0.02321,0.02779,0.03116,0.03628,0.04001,0.04045,0.04396,0.04875,0.05683,0.06072,0.07336,0.07967,0.08204,0.09124,0.1018,0.11379,0.1296,0.13447,0.14306,0.14767092,0.152281839,0.156892759,0.161503678,0.166114598,0.170725518,0.175336437,0.179947357,0.182577416,0.185207475,0.187837534,0.190467593,0.200987828,0.203901576,0.206815323,0.209729071,0.212642818,0.224297808,0.227882862,0.231467916,0.23505297,0.238638024,0.252978241,0.257578313,0.262178385,0.266778457,0.271378529,0.289778817
51,Armenia,0.013627366,0.014267754,0.015543872,0.01639617,0.017036558,0.018100767,0.018953065,0.019800706,0.020441093,0.020788605,0.021225143,0.021838662,0.022537446,0.022852983,0.023104301,0.024074735,0.024387674,0.024753457,0.025471318,0.026350396,0.02473635,0.021265,0.01916605,0.01645788,0.015537065,0.015017411,0.01524795,0.014789379,0.015523362,0.016895852,0.02052,0.02159,0.01073,0.00502,0.00276,0.00342,0.0025,0.00318,0.00331,0.00296,0.0034,0.00344,0.003505429,0.003570858,0.003636287,0.003701717,0.003767146,0.003832575,0.003898004,0.003963433,0.003979561,0.003995689,0.004011818,0.004027946,0.004092458,0.004108179,0.004123901,0.004139622,0.004155343,0.004218228,0.004236784,0.00425534,0.004273896,0.004292452,0.004366677,0.004384486,0.004402295,0.004420105,0.004437914,0.004509151
31,Azerbaijan,0.037641281,0.03941015,0.042935023,0.045289227,0.047058096,0.049997634,0.052351838,0.054693177,0.056462046,0.057421935,0.058627735,0.060322385,0.062252555,0.063124125,0.063818313,0.06649883,0.067363226,0.068373584,0.070356448,0.072784623,0.068326331,0.058737825,0.052940141,0.045459682,0.042916221,0.04148084,0.042117633,0.040850974,0.04287837,0.046669439,0.05668,0.05595,0.04724,0.04278,0.03879,0.03577,0.03058,0.02929,0.03082,0.02791,0.02896,0.02797,0.028501992,0.029033984,0.029565977,0.030097969,0.030629961,0.031161953,0.031693945,0.032225938,0.032357072,0.032488207,0.032619342,0.032750477,0.033275016,0.033402843,0.033530669,0.033658496,0.033786322,0.034297628,0.034448504,0.03459938,0.034750256,0.034901132,0.035504635,0.03564944,0.035794245,0.035939049,0.036083854,0.036663072
112,Belarus,0.084447165,0.088415573,0.096323528,0.101605118,0.105573526,0.112168298,0.117449889,0.122702618,0.126671026,0.128824511,0.131529689,0.13533159,0.139661872,0.141617215,0.143174607,0.149188272,0.151127519,0.153394229,0.157842731,0.163290273,0.15328822,0.131776674,0.118769731,0.101987528,0.096281346,0.093061108,0.094489735,0.091648022,0.096196428,0.104701586,0.12716,0.12528,0.10081,0.08443,0.0719,0.06301,0.0642,0.06257,0.06,0.05857,0.05945,0.05884,0.059959143,0.061078285,0.062197428,0.063316571,0.064435713,0.065554856,0.066673999,0.067793142,0.068069008,0.068344874,0.06862074,0.068896606,0.07000007,0.070268976,0.070537882,0.070806789,0.071075695,0.07215132,0.072468715,0.07278611,0.073103505,0.073420901,0.074690481,0.074995104,0.075299726,0.075604349,0.075908972,0.077127463
268,Georgia,0.020148844,0.021095694,0.022982509,0.024242681,0.025189531,0.026763024,0.028023196,0.029276482,0.030223332,0.030737147,0.031382595,0.032289717,0.03332291,0.033789449,0.034161038,0.03559588,0.036058579,0.036599409,0.037660809,0.038960576,0.036574116,0.031441525,0.028338107,0.024333923,0.022972445,0.022204105,0.022544971,0.021866947,0.022952183,0.024981489,0.03034,0.02387,0.01941,0.01558,0.01036,0.00719,0.00614,0.0053,0.00481,0.00412,0.0044,0.00356,0.003627712,0.003695423,0.003763135,0.003830846,0.003898558,0.003966269,0.004033981,0.004101692,0.004118383,0.004135074,0.004151765,0.004168455,0.004235218,0.004251488,0.004267758,0.004284027,0.004300297,0.004365376,0.004384579,0.004403782,0.004422986,0.004442189,0.004519003,0.004537433,0.004555864,0.004574294,0.004592725,0.004666447
398,Kazakhstan,0.159955523,0.167472279,0.182451124,0.192455243,0.199972,0.212463482,0.222467601,0.232417053,0.239933809,0.244012832,0.249136842,0.25633821,0.264540411,0.268244121,0.271194054,0.282584831,0.286258054,0.290551541,0.298977667,0.309296124,0.290350744,0.249604668,0.22496758,0.193179585,0.182371226,0.176271615,0.178977647,0.173595019,0.182210378,0.198320416,0.24086,0.24652,0.25627,0.21892,0.1937,0.17115,0.1493,0.1294,0.12933,0.11807,0.11634,0.11554,0.117737582,0.119935165,0.122132747,0.12433033,0.126527912,0.128725494,0.130923077,0.133120659,0.133662358,0.134204057,0.134745756,0.135287455,0.13745425,0.137982283,0.138510315,0.139038348,0.13956638,0.14167851,0.142301757,0.142925003,0.14354825,0.144171496,0.146664483,0.147262649,0.147860816,0.148458982,0.149057149,0.151449815
417,Kyrgyzstan,0.014909082,0.015609701,0.017005845,0.017938305,0.018638925,0.019803227,0.020735687,0.021663053,0.022363672,0.022743868,0.023221465,0.023892688,0.024657196,0.02500241,0.025277367,0.026339074,0.026681447,0.027081633,0.027867013,0.028828772,0.027062917,0.02326507,0.020968704,0.01800582,0.016998397,0.016429867,0.01668209,0.016180388,0.016983405,0.018484984,0.02245,0.02015,0.01314,0.00968,0.00628,0.00443,0.00548,0.00539,0.00569,0.0046,0.00443,0.00376,0.003831516,0.003903031,0.003974547,0.004046062,0.004117578,0.004189093,0.004260609,0.004332125,0.004349753,0.004367381,0.00438501,0.004402638,0.004473152,0.004490336,0.004507519,0.004524703,0.004541887,0.004610621,0.004630904,0.004651186,0.004671468,0.00469175,0.004772879,0.004792345,0.004811811,0.004831277,0.004850743,0.004928607
428,Latvia,0.01241206,0.012995337,0.01415765,0.014933939,0.015517216,0.016486517,0.017262806,0.018034853,0.01861813,0.01893465,0.019332258,0.019891062,0.020527527,0.020814924,0.02104383,0.021927719,0.02221275,0.022545912,0.023199753,0.024000434,0.02253033,0.01936856,0.017456797,0.014990146,0.01415145,0.013678139,0.013888118,0.013470443,0.014138969,0.015389058,0.01869,0.01708,0.01383,0.01172,0.01028,0.0091,0.00887,0.00842,0.00804,0.00705,0.00674,0.00711,0.007245233,0.007380466,0.007515699,0.007650932,0.007786165,0.007921397,0.00805663,0.008191863,0.008225198,0.008258532,0.008291867,0.008325202,0.00845854,0.008491034,0.008523527,0.008556021,0.008588514,0.008718489,0.008756842,0.008795195,0.008833547,0.0088719,0.009025311,0.009062121,0.00909893,0.00913574,0.009172549,0.009319787
440,Lithuania,0.022267328,0.023313732,0.02539893,0.026791598,0.027838002,0.029576935,0.030969603,0.032354662,0.033401065,0.033968904,0.034682215,0.035684714,0.036826538,0.03734213,0.037752788,0.039338493,0.03984984,0.040447535,0.041620531,0.043056959,0.040419582,0.034747341,0.031317624,0.026892433,0.025387807,0.024538683,0.024915389,0.024166076,0.025365415,0.027608086,0.03353,0.03627,0.0199,0.01616,0.01543,0.01441,0.01517,0.01474,0.01539,0.01294,0.01084,0.01261,0.012849843,0.013089687,0.01332953,0.013569374,0.013809217,0.014049061,0.014288904,0.014528748,0.014587869,0.014646989,0.01470611,0.014765231,0.015001714,0.015059344,0.015116973,0.015174602,0.015232232,0.015462749,0.01553077,0.015598791,0.015666812,0.015734833,0.016006916,0.0160722,0.016137484,0.016202768,0.016268051,0.016529186
498,Republic of Moldova,0.020082434,0.021026163,0.022906759,0.024162777,0.025106507,0.026674814,0.027930832,0.029179987,0.030123717,0.030635838,0.031279158,0.032183291,0.033213078,0.03367808,0.034048444,0.035478557,0.035939731,0.036478779,0.03753668,0.038832163,0.036453568,0.031337894,0.028244705,0.024253719,0.022896728,0.022130921,0.022470664,0.021794874,0.022876533,0.02489915,0.03024,0.02438,0.01978,0.01713,0.01387,0.01207,0.01038,0.00944,0.00861,0.00719,0.00656,0.00688,0.007010858,0.007141717,0.007272575,0.007403433,0.007534291,0.00766515,0.007796008,0.007926866,0.007959123,0.007991379,0.008023635,0.008055891,0.008184916,0.008216359,0.008247801,0.008279244,0.008310686,0.008436456,0.008473568,0.00851068,0.008547793,0.008584905,0.008733353,0.008768972,0.008804591,0.008840209,0.008875828,0.009018303
643,Russian Federation,1.552164932,1.625105493,1.770456138,1.867533393,1.940473954,2.061687904,2.158765159,2.255311938,2.328252499,2.36783423,2.417556229,2.487436346,2.56702827,2.602968074,2.631593418,2.742126422,2.777770383,2.819433215,2.901198053,3.00132555,2.817484733,2.422095886,2.183024272,1.874562211,1.769680825,1.710491856,1.736750457,1.684518895,1.768119999,1.924447433,2.33724,2.28119,2.0503,1.91482,1.68536,1.62038,1.60568,1.51822,1.48383,1.52069,1.54515,1.54409,1.55607875,1.5680675,1.58005625,1.592045,1.60403375,1.6160225,1.62801125,1.64,1.64212875,1.6442575,1.64638625,1.648515,1.65703,1.66013375,1.6632375,1.66634125,1.669445,1.68186,1.68445625,1.6870525,1.68964875,1.692245,1.70263,1.704135,1.70564,1.707145,1.70865,1.71467
762,Tajikistan,0.007418015,0.007766609,0.00846126,0.008925206,0.009273799,0.009853098,0.010317044,0.010778454,0.011127047,0.011316214,0.011553843,0.01188781,0.012268191,0.012439952,0.012576757,0.013105009,0.013275357,0.013474469,0.013865235,0.014343759,0.013465157,0.011575538,0.010432981,0.008958798,0.008457555,0.008174682,0.008300176,0.008050554,0.008450095,0.009197206,0.01117,0.01021,0.00746,0.005,0.00292,0.00244,0.00222,0.00248,0.00274,0.00251,0.00217,0.00211,0.002150132,0.002190265,0.002230397,0.00227053,0.002310662,0.002350794,0.002390927,0.002431059,0.002440952,0.002450844,0.002460737,0.002470629,0.0025102,0.002519843,0.002529486,0.002539129,0.002548772,0.002587343,0.002598725,0.002610107,0.002621489,0.00263287,0.002678398,0.002689321,0.002700245,0.002711169,0.002722093,0.002765788
795,Turkmenistan,0.030555317,0.031991196,0.034852513,0.036763538,0.038199418,0.040585588,0.042496614,0.044397196,0.045833076,0.046612266,0.047591074,0.048966707,0.050533523,0.05124102,0.051804527,0.053980437,0.05468211,0.055502269,0.057111859,0.059082931,0.055463912,0.04768044,0.042974169,0.036901905,0.03483725,0.033672079,0.034188996,0.033160786,0.034806524,0.037883926,0.04601,0.03963,0.02908,0.02715,0.03349,0.03413,0.03056,0.03056,0.03195,0.0376,0.03747,0.03803,0.038753334,0.039476669,0.040200003,0.040923338,0.041646672,0.042370006,0.043093341,0.043816675,0.043994976,0.044173276,0.044351576,0.044529876,0.045243077,0.045416879,0.045590681,0.045764483,0.045938285,0.046633493,0.046838634,0.047043776,0.047248918,0.047454059,0.048274626,0.048471512,0.048668399,0.048865286,0.049062172,0.049849718
804,Ukraine,0.464897717,0.486744557,0.530279353,0.559355512,0.581202353,0.61750783,0.646583989,0.675501262,0.697348103,0.709203451,0.724095969,0.745026159,0.768865187,0.779629722,0.788203461,0.821309827,0.831985752,0.844464423,0.868954273,0.898944027,0.843880822,0.725455667,0.653849973,0.561460753,0.530047135,0.512319111,0.520183973,0.504539802,0.529579643,0.576402159,0.70004,0.69468,0.59919,0.52064,0.43369,0.42834,0.36495,0.34928,0.3335,0.33092,0.32575,0.32584,0.332037509,0.338235019,0.344432528,0.350630038,0.356827547,0.363025057,0.369222566,0.375420076,0.376947747,0.378475419,0.38000309,0.381530762,0.387641447,0.389130578,0.390619708,0.392108838,0.393597969,0.39955449,0.401312138,0.403069786,0.404827434,0.406585082,0.413615674,0.415302593,0.416989511,0.41867643,0.420363349,0.427111023
860,Uzbekistan,0.080077377,0.083840436,0.091339187,0.096347477,0.100110536,0.106364057,0.111372346,0.116353269,0.120116328,0.12215838,0.124723576,0.128328744,0.132434953,0.134289115,0.135765918,0.1414684,0.1433073,0.145456717,0.149675027,0.154840682,0.145356193,0.12495778,0.112623893,0.096710099,0.091299188,0.088245584,0.089600285,0.086905619,0.091218664,0.099283716,0.12058,0.12486,0.11512,0.11831,0.11624,0.10482,0.10777,0.10971,0.12136,0.12458,0.1239,0.12466,0.127031046,0.129402091,0.131773137,0.134144183,0.136515228,0.138886274,0.14125732,0.143628366,0.144212823,0.14479728,0.145381737,0.145966194,0.148304023,0.148873735,0.149443447,0.150013159,0.150582871,0.152861719,0.153534161,0.154206603,0.154879045,0.155551486,0.158241253,0.158886635,0.159532017,0.160177399,0.160822781,0.163404309
8,Albania,0.00412,0.0048,0.0042,0.00443,0.00479,0.00526,0.00557,0.00651,0.00565,0.00798,0.00686,0.00691,0.00743,0.00797,0.00746,0.00758,0.00754,0.00787,0.00781,0.00654,0.00418,0.00231,0.0021,0.00226,0.00189,0.0019,0.00145,0.00169,0.00297,0.00304,0.00319,0.0037,0.00377,0.00411,0.00414,0.00365,0.00366,0.00374,0.00352,0.00388,0.00422,0.00382,0.003892657,0.003965314,0.00403797,0.004110627,0.004183284,0.004255941,0.004328597,0.004401254,0.004419164,0.004437074,0.004454983,0.004472893,0.004544532,0.00456199,0.004579448,0.004596906,0.004614364,0.004684195,0.004704801,0.004725407,0.004746013,0.004766619,0.004849042,0.004868819,0.004888595,0.004908372,0.004928149,0.005007255
70,Bosnia and Herzegovina,0,0,0,0,0,0,0,0,0,0,0,0,0,0,0,0,0,0,0,0.02396,0.02145,0.01564,0.01309,0.00318,0.00339,0.00423,0.00844,0.01063,0.0104,0.01366,0.01323,0.01403,0.0142,0.0152,0.01578,0.01694,0.01694,0.01939,0.02013,0.02065,0.02354,0.0218,0.022214638,0.022629276,0.023043915,0.023458553,0.023873191,0.024287829,0.024702467,0.025117105,0.025219313,0.02532152,0.025423727,0.025525935,0.025934764,0.026034393,0.026134022,0.02623365,0.026333279,0.026731794,0.026849388,0.026966982,0.027084575,0.027202169,0.027672544,0.027785405,0.027898267,0.028011129,0.02812399,0.028575437
100,Bulgaria,0.06375,0.06472,0.06703,0.06862,0.07301,0.07309,0.07672,0.08047,0.08388,0.08418,0.08093,0.08393,0.08446,0.08485,0.08514,0.08692,0.08609,0.08456,0.08237,0.07487,0.05716,0.05458,0.05822,0.05454,0.05727,0.05608,0.05195,0.04947,0.04439,0.0437,0.04662,0.04426,0.04815,0.04671,0.04796,0.04893,0.05229,0.0497,0.04303,0.04515,0.04992,0.04525,0.04611066,0.046971319,0.047831979,0.048692638,0.049553298,0.050413957,0.051274617,0.052135276,0.052347427,0.052559577,0.052771728,0.052983878,0.053832481,0.054039279,0.054246077,0.054452875,0.054659674,0.055486867,0.055730955,0.055975042,0.05621913,0.056463218,0.057439569,0.057673835,0.0579081,0.058142366,0.058376631,0.059313693
191,Croatia,0,0,0,0,0,0,0,0,0,0,0,0,0,0,0,0,0,0,0,0.02155,0.01623,0.01528,0.01586,0.01515,0.01596,0.01586,0.01765,0.01882,0.01855,0.01792,0.01882,0.01987,0.02123,0.02061,0.02094,0.02098,0.02224,0.0212,0.02004,0.01934,0.01897,0.01735,0.017679999,0.018009997,0.018339996,0.018669995,0.018999994,0.019329992,0.019659991,0.01998999,0.020071334,0.020152678,0.020234022,0.020315366,0.020640741,0.020720033,0.020799325,0.020878616,0.020957908,0.021275075,0.021368664,0.021462254,0.021555843,0.021649433,0.022023791,0.022113614,0.022203437,0.022293261,0.022383084,0.022742377
196,Cyprus,0.00178,0.00223,0.00232,0.00178,0.0017,0.00198,0.00217,0.00229,0.00248,0.00262,0.00256,0.0026,0.00269,0.00279,0.0028,0.00316,0.00363,0.00367,0.00381,0.00413,0.00435,0.00473,0.00509,0.00579,0.00501,0.00561,0.00547,0.00584,0.00584,0.00631,0.00623,0.00633,0.00696,0.00653,0.00663,0.00693,0.00729,0.00765,0.00747,0.00711,0.00683,0.00642,0.006542109,0.006664218,0.006786327,0.006908436,0.007030545,0.007152654,0.007274763,0.007396872,0.007426972,0.007457072,0.007487171,0.007517271,0.007637669,0.007667009,0.00769635,0.00772569,0.00775503,0.007872391,0.007907022,0.007941652,0.007976283,0.008010914,0.008149437,0.008182674,0.008215912,0.008249149,0.008282386,0.008415335
807,Former Yugoslavia (If no detail),0.06548,0.06586,0.07079,0.07629,0.0771,0.08059,0.08574,0.09069,0.10166,0.10153,0.10348,0.10702,0.11634,0.12398,0.12725,0.13222,0.13241,0.134,0.13184,0,0,0,0,0,0,0,0,0,0,0,0,0,0,0,0,0,0,0,0,0,0,0,0,0,0,0,0,0,0,0,0,0,0,0,0,0,0,0,0,0,0,0,0,0,0,0,0,0,0,0
292,Gibraltar,0.0001,0.00009,0.00009,0.00009,0.0001,0.00009,0.00008,0.00008,0.00011,0.00012,0.00009,0.0001,0.00011,0.0001,0.00012,0.00014,0.00015,0.00017,0.00017,0.00017,0.00023,0.00028,0.00028,0.00033,0.00032,0.00033,0.00034,0.00036,0.00037,0.00039,0.0004,0.00041,0.00042,0.00045,0.00046,0.00048,0.00048,0.00049,0.00053,0.00053,0.00052,0.00053,0.000540081,0.000550161,0.000560242,0.000570323,0.000580403,0.000590484,0.000600565,0.000610645,0.00061313,0.000615615,0.0006181,0.000620585,0.000630524,0.000632946,0.000635368,0.000637791,0.000640213,0.000649901,0.00065276,0.000655619,0.000658478,0.000661337,0.000672773,0.000675517,0.000678261,0.000681005,0.000683748,0.000694724
-2,Kosovo,0,0,0,0,0,0,0,0,0,0,0,0,0,0,0,0,0,0,0,0,0,0,0,0,0,0,0,0,0,0.00502,0.00636,0.00632,0.00672,0.00673,0.00654,0.0066,0.00692,0.00746,0.00827,0.00857,0.00848,0.008,0.008152161,0.008304322,0.008456482,0.008608643,0.008760804,0.008912965,0.009065126,0.009217286,0.009254794,0.009292301,0.009329808,0.009367316,0.009517345,0.009553906,0.009590467,0.009627028,0.009663589,0.009809833,0.009852986,0.00989614,0.009939294,0.009982447,0.010155062,0.010196479,0.010237896,0.010279313,0.01032073,0.010486399
470,Malta,0.00065,0.00082,0.00079,0.00072,0.00064,0.00073,0.00077,0.00091,0.00088,0.00099,0.00112,0.00128,0.00096,0.00132,0.00115,0.00185,0.00194,0.00211,0.00229,0.00229,0.00218,0.00214,0.00277,0.00248,0.00222,0.00217,0.00244,0.00215,0.00235,0.00211,0.00246,0.00229,0.00258,0.00258,0.00271,0.00258,0.00273,0.00257,0.0024,0.00262,0.00259,0.00205,0.002088991,0.002127982,0.002166974,0.002205965,0.002244956,0.002283947,0.002322938,0.00236193,0.002371541,0.002381152,0.002390763,0.002400375,0.00243882,0.002448188,0.002457557,0.002466926,0.002476295,0.00251377,0.002524828,0.002535886,0.002546944,0.002558002,0.002602235,0.002612848,0.002623461,0.002634074,0.002644687,0.00268714
499,Montenegro,0,0,0,0,0,0,0,0,0,0,0,0,0,0,0,0,0,0,0,0,0,0,0,0,0,0,0,0,0,0,0,0,0,0,0.00195,0.00221,0.00208,0.00268,0.0017,0.00248,0.0025,0.0023,0.002343746,0.002387492,0.002431239,0.002474985,0.002518731,0.002562477,0.002606224,0.00264997,0.002660753,0.002671537,0.00268232,0.002693103,0.002736237,0.002746748,0.002757259,0.00276777,0.002778282,0.002820327,0.002832734,0.00284514,0.002857547,0.002869954,0.00291958,0.002931488,0.002943395,0.002955303,0.00296721,0.00301484
642,Romania,0.11162,0.11649,0.12838,0.12855,0.13887,0.14944,0.15857,0.17306,0.17383,0.17779,0.17672,0.17508,0.17879,0.17657,0.17887,0.18437,0.19471,0.19642,0.19368,0.17219,0.14034,0.12844,0.12497,0.11873,0.1285,0.1265,0.11312,0.1009,0.08734,0.08859,0.0934,0.09698,0.10095,0.09583,0.09405,0.09925,0.09813,0.09323,0.07907,0.07726,0.08258,0.07886,0.080359925,0.08185985,0.083359775,0.0848597,0.086359626,0.087859551,0.089359476,0.090859401,0.091229129,0.091598857,0.091968585,0.092338313,0.093817225,0.094177625,0.094538025,0.094898426,0.095258826,0.096700427,0.097125814,0.097551201,0.097976588,0.098401975,0.100103523,0.100511793,0.100920062,0.101328331,0.1017366,0.103369676
688,Serbia,0,0,0,0,0,0,0,0,0,0,0,0,0,0,0,0,0,0,0,0.0631,0.05267,0.04999,0.04343,0.03963,0.04528,0.05248,0.05581,0.05691,0.03953,0.0436,0.04642,0.04975,0.05354,0.05847,0.05081,0.05457,0.05308,0.05281,0.04721,0.04694,0.05073,0.04495,0.045804954,0.046659907,0.047514861,0.048369814,0.049224768,0.050079721,0.050934675,0.051789628,0.052000372,0.052211116,0.05242186,0.052632604,0.05347558,0.053681007,0.053886435,0.054091862,0.054297289,0.055118998,0.055361468,0.055603937,0.055846407,0.056088876,0.057058754,0.057291467,0.057524179,0.057756892,0.057989604,0.058920453
124,Canada,0.33722,0.36161,0.36782,0.37088,0.39234,0.40083,0.40624,0.40786,0.42816,0.42605,0.41243,0.39815,0.38534,0.40462,0.39993,0.39617,0.41039,0.42921,0.44784,0.42356,0.41358,0.4287,0.43238,0.4419,0.4527,0.46472,0.47942,0.49141,0.49775,0.51899,0.51216,0.50391,0.53668,0.53484,0.53827,0.53698,0.52038,0.51891,0.47982,0.48363,0.4747,0.46771,0.472352942,0.476995885,0.481638827,0.486281769,0.490924712,0.495567654,0.500210597,0.504853539,0.505368908,0.505884277,0.506399646,0.506915015,0.50897649,0.508663918,0.508351345,0.508038773,0.507726201,0.506475911,0.507058879,0.507641847,0.508224814,0.508807782,0.511139653,0.512500296,0.51386094,0.515221583,0.516582226,0.522024799
152,Chile,0.02154,0.0217,0.02088,0.02022,0.01751,0.0186,0.01918,0.01972,0.02101,0.02167,0.02199,0.01881,0.01915,0.02034,0.01982,0.02072,0.02112,0.02532,0.03025,0.03121,0.02991,0.03108,0.03278,0.03633,0.03934,0.04568,0.0525,0.05397,0.05743,0.05367,0.05051,0.05264,0.05412,0.05848,0.05974,0.0626,0.06924,0.07053,0.06577,0.07227,0.07913,0.08085,0.081652595,0.082455191,0.083257786,0.084060382,0.084862977,0.085665572,0.086468168,0.087270763,0.087359852,0.08744894,0.087538029,0.087627117,0.087983471,0.087929439,0.087875406,0.087821374,0.087767342,0.087551212,0.087651986,0.08775276,0.087853534,0.087954308,0.088357403,0.088592609,0.088827814,0.08906302,0.089298225,0.090239048
484,Mexico,0.10073,0.11377,0.12656,0.1355,0.1451,0.15646,0.17132,0.19252,0.20994,0.24223,0.2558,0.26792,0.24641,0.25746,0.26574,0.25405,0.26763,0.26977,0.28279,0.28979,0.30071,0.3018,0.30051,0.31773,0.29922,0.30787,0.32021,0.33452,0.34584,0.3434,0.35845,0.35816,0.37904,0.38857,0.40993,0.41352,0.4252,0.43548,0.42532,0.42737,0.44503,0.46333,0.467929462,0.472528924,0.477128387,0.481727849,0.486327311,0.490926773,0.495526236,0.500125698,0.500636241,0.501146783,0.501657326,0.502167868,0.504210039,0.503900394,0.503590748,0.503281103,0.502971458,0.501732877,0.502310385,0.502887894,0.503465402,0.50404291,0.506352944,0.507700845,0.509048746,0.510396647,0.511744549,0.517136153
840,United States,4.27509,4.48381,4.64752,4.51557,4.38268,4.7086,4.84517,4.95954,4.95426,4.76299,4.61216,4.39166,4.39741,4.54728,4.60956,4.5792,4.74829,4.92254,4.99742,4.8606,4.85591,4.93201,5.05569,5.1224,5.1189,5.2436,5.37829,5.397,5.49525,5.67622,5.61666,5.66087,5.7035,5.81009,5.8454,5.76447,5.85151,5.66724,5.29518,5.42519,5.30477,5.17352,5.16122625,5.1489325,5.13663875,5.124345,5.11205125,5.0997575,5.08746375,5.07517,5.04496375,5.0147575,4.98455125,4.954345,4.83352,4.79342125,4.7533225,4.71322375,4.673125,4.51273,4.4861,4.45947,4.43284,4.40621,4.29969,4.27715,4.25461,4.23207,4.20953,4.11937
36,Australia,0.1569,0.16142,0.17342,0.17752,0.18266,0.1865,0.20143,0.19993,0.20478,0.21211,0.21155,0.22144,0.21152,0.21957,0.21885,0.22349,0.23663,0.23474,0.25665,0.26149,0.26007,0.26531,0.2751,0.27414,0.27908,0.29761,0.30791,0.31817,0.32566,0.33035,0.32239,0.33485,0.33918,0.3458,0.35068,0.35429,0.36299,0.37291,0.37775,0.37497,0.37292,0.38282,0.381068665,0.37931733,0.377565995,0.37581466,0.374063325,0.37231199,0.370560655,0.368809321,0.367021938,0.365234556,0.363447174,0.361659792,0.354510263,0.351843702,0.349177142,0.346510581,0.34384402,0.333177777,0.330237351,0.327296925,0.324356498,0.321416072,0.309654367,0.306823487,0.303992607,0.301161727,0.298330847,0.287007326
392,Japan,0.75564,0.80134,0.90313,0.90359,0.85705,0.90007,0.91516,0.87989,0.92614,0.91298,0.89651,0.8726,0.86294,0.92055,0.89973,0.8976,0.89345,0.97632,1.01156,1.07435,1.0762,1.09769,1.08462,1.14877,1.1592,1.17912,1.17781,1.13897,1.17453,1.21011,1.19291,1.20989,1.23193,1.25355,1.23053,1.22071,1.24238,1.19752,1.0948,1.16824,1.19291,1.23353,1.20688,1.18023,1.15358,1.12693,1.10028,1.07363,1.04698,1.02033,1.01233125,1.0043325,0.99633375,0.988335,0.95634,0.95121625,0.9460925,0.94096875,0.935845,0.91535,0.90894625,0.9025425,0.89613875,0.889735,0.86412,0.85740875,0.8506975,0.84398625,0.837275,0.81043
410,Korea,0.05484,0.05978,0.06933,0.07518,0.07792,0.08661,0.09944,0.10551,0.12169,0.12591,0.12557,0.13348,0.13996,0.15196,0.15614,0.17018,0.17363,0.19882,0.20681,0.23792,0.24922,0.26713,0.30473,0.3253,0.35527,0.38337,0.41362,0.35498,0.3923,0.44098,0.4476,0.46167,0.4617,0.47748,0.46508,0.47269,0.49924,0.51344,0.51843,0.57968,0.6088,0.60657,0.603795048,0.601020095,0.598245143,0.595470191,0.592695239,0.589920286,0.587145334,0.584370382,0.581538313,0.578706245,0.575874177,0.573042108,0.561713835,0.557488727,0.553263619,0.549038512,0.544813404,0.527912973,0.523253931,0.518594889,0.513935848,0.509276806,0.490640639,0.486155171,0.481669702,0.477184234,0.472698766,0.454756893
554,New Zealand,0.01416,0.01617,0.01707,0.0182,0.01696,0.01891,0.01983,0.01918,0.01713,0.01731,0.01696,0.01862,0.01884,0.0198,0.02174,0.02089,0.02106,0.02214,0.02294,0.0233,0.02367,0.02486,0.02631,0.02735,0.02741,0.02862,0.0311,0.02999,0.0313,0.03142,0.03303,0.03191,0.03351,0.03386,0.03355,0.03296,0.03282,0.0334,0.03148,0.03089,0.03039,0.03278,0.032630037,0.032480074,0.032330112,0.032180149,0.032030186,0.031880223,0.03173026,0.031580298,0.031427248,0.031274199,0.031121149,0.0309681,0.030355902,0.030127571,0.029899239,0.029670908,0.029442576,0.02852925,0.028277468,0.028025686,0.027773904,0.027522122,0.026514994,0.026272593,0.026030191,0.025787789,0.025545387,0.02457578
233,Estonia,0.025288991,0.026477391,0.028845548,0.030427201,0.031615601,0.033590506,0.035172159,0.036745169,0.037933569,0.038578463,0.03938857,0.040527107,0.041823876,0.042409433,0.042875818,0.044676702,0.045257439,0.04593624,0.047268411,0.048899761,0.045904494,0.039462533,0.035567406,0.03054172,0.028832917,0.027868567,0.028296391,0.027445397,0.028807486,0.031354486,0.03808,0.03481,0.02573,0.02094,0.02035,0.01911,0.01998,0.01964,0.01762,0.01639,0.01628,0.01663,0.016433523,0.016237045,0.016040568,0.015844091,0.015647613,0.015451136,0.015254659,0.015058181,0.014969449,0.014880717,0.014791985,0.014703253,0.014348325,0.014210137,0.014071949,0.013933761,0.013795573,0.01324282,0.013125446,0.013008073,0.012890699,0.012773326,0.012303831,0.012227492,0.012151152,0.012074812,0.011998473,0.011693114
40,Austria,0.05119,0.05326,0.0574,0.05445,0.05232,0.05739,0.05435,0.05565,0.0603,0.05831,0.05456,0.05263,0.05275,0.05449,0.05595,0.05485,0.05666,0.05377,0.05402,0.05719,0.06125,0.05639,0.05654,0.05679,0.06012,0.06376,0.06327,0.06398,0.06202,0.0625,0.06647,0.068,0.07319,0.07367,0.07529,0.07323,0.07078,0.07031,0.06359,0.0694,0.06717,0.06429,0.063530437,0.062770875,0.062011312,0.061251749,0.060492186,0.059732624,0.058973061,0.058213498,0.057870469,0.057527439,0.057184409,0.05684138,0.055469261,0.054935039,0.054400817,0.053866595,0.053332373,0.051195484,0.050741729,0.050287974,0.049834219,0.049380463,0.047565443,0.047270321,0.046975199,0.046680077,0.046384955,0.045204468
56,Belgium,0.11996,0.13057,0.13758,0.13504,0.11948,0.12672,0.12407,0.13094,0.1359,0.1298,0.11944,0.11171,0.10254,0.10534,0.10391,0.10438,0.10496,0.10605,0.10864,0.10946,0.11492,0.11458,0.11101,0.11622,0.11631,0.12252,0.11986,0.12364,0.12052,0.12163,0.12148,0.11411,0.1219,0.11858,0.11503,0.11356,0.10849,0.11189,0.10455,0.113,0.11217,0.10443,0.103196198,0.101962396,0.100728594,0.099494792,0.09826099,0.097027188,0.095793386,0.094559584,0.09400238,0.093445177,0.092887974,0.092330771,0.090101959,0.089234191,0.088366422,0.087498654,0.086630886,0.083159814,0.082422753,0.081685692,0.08094863,0.080211569,0.077263325,0.076783941,0.076304558,0.075825174,0.075345791,0.073428257
203,Czech Republic,0.1685,0.16849,0.16604,0.1519,0.15899,0.16402,0.17535,0.16584,0.17648,0.17014,0.17013,0.17262,0.17377,0.17654,0.17456,0.17367,0.17331,0.16924,0.16225,0.16064,0.1469,0.13826,0.13289,0.12533,0.12681,0.12963,0.13184,0.12434,0.11333,0.1252,0.126,0.12433,0.12575,0.12645,0.12491,0.12733,0.12876,0.12153,0.11162,0.11682,0.11328,0.10845,0.107168703,0.105887406,0.104606109,0.103324813,0.102043516,0.100762219,0.099480922,0.098199625,0.097620973,0.09704232,0.096463668,0.095885015,0.093570405,0.092669233,0.09176806,0.090866888,0.089965715,0.086361025,0.085595591,0.084830157,0.084064723,0.083299289,0.080237552,0.079739715,0.079241878,0.078744041,0.078246203,0.076254854
208,Denmark,0.05619,0.05874,0.05715,0.05303,0.0526,0.05779,0.0597,0.06055,0.06327,0.06097,0.05271,0.05469,0.05055,0.05232,0.06098,0.0614,0.05996,0.05618,0.04995,0.05098,0.06057,0.05504,0.05708,0.06106,0.05813,0.07134,0.06214,0.05903,0.05475,0.05132,0.05319,0.05246,0.05758,0.05217,0.04852,0.05615,0.05176,0.04889,0.04654,0.04771,0.04227,0.03815,0.037699272,0.037248544,0.036797815,0.036347087,0.035896359,0.035445631,0.034994902,0.034544174,0.034340619,0.034137063,0.033933508,0.033729952,0.03291573,0.03259872,0.03228171,0.0319647,0.03164769,0.03037965,0.03011039,0.029841129,0.029571869,0.029302608,0.028225566,0.028050439,0.027875312,0.027700186,0.027525059,0.026824552
246,Finland,0.03986,0.04305,0.04842,0.04581,0.04552,0.05095,0.05021,0.05319,0.05407,0.05739,0.04577,0.04385,0.04195,0.04249,0.05047,0.05268,0.05902,0.05281,0.05346,0.05208,0.05491,0.04841,0.05288,0.06003,0.054,0.06339,0.06253,0.05887,0.0568,0.05417,0.05912,0.06376,0.07181,0.06963,0.05679,0.06809,0.06595,0.05833,0.0557,0.06398,0.0575,0.04856,0.047986281,0.047412563,0.046838844,0.046265126,0.045691407,0.045117689,0.04454397,0.043970252,0.043711152,0.043452052,0.043192953,0.042933853,0.041897454,0.041493941,0.041090429,0.040686916,0.040283404,0.038669353,0.038326619,0.037983886,0.037641152,0.037298418,0.035927483,0.03570457,0.035481656,0.035258742,0.035035829,0.034144174
250,France,0.43464,0.45169,0.48227,0.46619,0.43181,0.47473,0.45448,0.47532,0.48516,0.47302,0.42518,0.4104,0.39212,0.37681,0.37436,0.3573,0.35783,0.34777,0.36426,0.36768,0.38625,0.36278,0.35515,0.33409,0.3499,0.37306,0.35091,0.38137,0.37181,0.3623,0.38031,0.37848,0.38689,0.38902,0.38986,0.37902,0.37287,0.36918,0.35519,0.35761,0.33407,0.33871,0.334708266,0.330706532,0.326704798,0.322703064,0.31870133,0.314699595,0.310697861,0.306696127,0.304888885,0.303081643,0.301274402,0.29946716,0.292238192,0.289423659,0.286609125,0.283794592,0.280980058,0.269721924,0.267331328,0.264940732,0.262550135,0.260159539,0.250597154,0.249042313,0.247487473,0.245932632,0.244377792,0.23815843
276,Germany,0.99307,1.01362,1.0643,1.03861,0.97652,1.05203,1.03716,1.07256,1.11605,1.07644,1.0384,0.99637,0.99114,1.01443,1.02247,1.02227,1.01678,1.00994,0.98488,0.97096,0.9397,0.90031,0.88658,0.87548,0.87588,0.90183,0.87611,0.87062,0.83516,0.84171,0.8703,0.84544,0.83618,0.8334,0.81688,0.83942,0.79819,0.80318,0.74315,0.78285,0.75549,0.76439,0.755359013,0.746328026,0.73729704,0.728266053,0.719235066,0.710204079,0.701173093,0.692142106,0.68806358,0.683985053,0.679906527,0.675828001,0.659513896,0.653162146,0.646810396,0.640458646,0.634106896,0.608699895,0.603304874,0.597909852,0.59251483,0.587119808,0.56553972,0.562030805,0.55852189,0.555012975,0.55150406,0.537468401
300,Greece,0.02526,0.02942,0.03469,0.03364,0.03537,0.03892,0.04204,0.04388,0.04647,0.04545,0.0448,0.04628,0.04923,0.05114,0.05593,0.05322,0.05784,0.06255,0.0693,0.06923,0.06902,0.0712,0.07067,0.07282,0.07262,0.07374,0.07734,0.08141,0.081,0.08528,0.08792,0.08803,0.09017,0.09155,0.09309,0.09107,0.09134,0.09122,0.08824,0.08111,0.07919,0.07883,0.077898653,0.076967305,0.076035958,0.07510461,0.074173263,0.073241915,0.072310568,0.07137922,0.07095861,0.070538,0.07011739,0.06969678,0.068014339,0.067359296,0.066704252,0.066049209,0.065394166,0.062773993,0.062217616,0.061661238,0.06110486,0.060548482,0.058322971,0.057961104,0.057599237,0.057237369,0.056875502,0.055428033
348,Hungary,0.0582,0.05948,0.06402,0.066,0.06734,0.07083,0.07455,0.08331,0.08113,0.08063,0.07984,0.08006,0.07646,0.07815,0.07871,0.07725,0.07759,0.07419,0.07251,0.06824,0.06529,0.05944,0.06059,0.05747,0.05927,0.06082,0.0594,0.05806,0.05779,0.05495,0.0563,0.05549,0.05833,0.05679,0.05719,0.05652,0.05486,0.05358,0.04803,0.0494,0.04772,0.04392,0.043401101,0.042882203,0.042363304,0.041844405,0.041325507,0.040806608,0.040287709,0.039768811,0.039534469,0.039300126,0.039065784,0.038831442,0.037894073,0.037529117,0.03716416,0.036799204,0.036434248,0.034974423,0.034664438,0.034354453,0.034044469,0.033734484,0.032494544,0.03229293,0.032091316,0.031889703,0.031688089,0.030881634
352,Iceland,0.00144,0.00138,0.00171,0.00171,0.00156,0.00151,0.00169,0.00171,0.00189,0.0018,0.0017,0.00149,0.00152,0.0017,0.00159,0.00175,0.00186,0.00182,0.00186,0.00198,0.00176,0.0018,0.00197,0.00201,0.00195,0.00221,0.0021,0.00209,0.00204,0.00215,0.00209,0.00219,0.00218,0.00224,0.00219,0.00226,0.00231,0.0021,0.00203,0.00194,0.00185,0.00184,0.001818261,0.001796522,0.001774783,0.001753044,0.001731305,0.001709566,0.001687828,0.001666089,0.001656271,0.001646453,0.001636636,0.001626818,0.001587548,0.001572258,0.001556968,0.001541679,0.001526389,0.001465231,0.001452244,0.001439258,0.001426271,0.001413284,0.001361338,0.001352891,0.001344445,0.001335998,0.001327552,0.001293766
372,Ireland,0.02247,0.02208,0.02239,0.02328,0.02181,0.02255,0.02382,0.0235,0.02748,0.0263,0.0261,0.02571,0.02584,0.02584,0.02721,0.02824,0.03012,0.02956,0.03002,0.03107,0.03122,0.03086,0.03117,0.03248,0.03266,0.03449,0.03599,0.03812,0.03939,0.04042,0.04289,0.04267,0.04169,0.04174,0.04143,0.04127,0.04307,0.04154,0.03949,0.03918,0.03577,0.03645,0.036019357,0.035588713,0.03515807,0.034727427,0.034296783,0.03386614,0.033435497,0.033004853,0.032810368,0.032615884,0.032421399,0.032226914,0.031448974,0.031146091,0.030843207,0.030540323,0.030237439,0.029025905,0.028768642,0.02851138,0.028254118,0.027996856,0.026967808,0.026800485,0.026633162,0.026465839,0.026298516,0.025629225
376,Israel,0.01719,0.01649,0.02353,0.01768,0.02097,0.01934,0.0193,0.02028,0.02244,0.02309,0.02152,0.0238,0.0226,0.02388,0.02348,0.02767,0.03042,0.0332,0.03433,0.03487,0.03497,0.04071,0.04298,0.0459,0.04806,0.05002,0.05226,0.05162,0.05047,0.05523,0.05877,0.05887,0.0618,0.05838,0.0562,0.06167,0.06202,0.06727,0.06314,0.06737,0.06735,0.07318,0.072315405,0.07145081,0.070586216,0.069721621,0.068857026,0.067992431,0.067127836,0.066263242,0.065872778,0.065482314,0.065091851,0.064701387,0.063139532,0.062531438,0.061923344,0.06131525,0.060707156,0.058274779,0.057758279,0.057241778,0.056725278,0.056208778,0.054142776,0.053806845,0.053470914,0.053134983,0.052799052,0.051455327
380,Italy,0.28026,0.29577,0.31814,0.32594,0.31119,0.33545,0.3243,0.33302,0.3477,0.34896,0.34095,0.33351,0.33101,0.33393,0.33961,0.3398,0.35926,0.3625,0.38053,0.38405,0.38855,0.38549,0.38075,0.37621,0.41303,0.40917,0.41331,0.42367,0.42697,0.43361,0.43441,0.43679,0.45331,0.45699,0.45885,0.45217,0.44648,0.43264,0.39144,0.39726,0.39002,0.36681,0.362476275,0.358142549,0.353808824,0.349475099,0.345141374,0.340807648,0.336473923,0.332140198,0.330183024,0.32822585,0.326268676,0.324311502,0.316482806,0.313434774,0.310386742,0.307338709,0.304290677,0.292098547,0.289509623,0.286920698,0.284331774,0.281742849,0.271387151,0.269703318,0.268019486,0.266335653,0.26465182,0.257916488
442,Luxembourg,0.01523,0.01539,0.01609,0.01661,0.01306,0.01307,0.01244,0.01366,0.0128,0.01201,0.01025,0.00957,0.00888,0.0097,0.00997,0.00966,0.00909,0.0094,0.01012,0.01035,0.01088,0.01079,0.01097,0.01025,0.00821,0.00831,0.00774,0.00709,0.00742,0.00801,0.00862,0.00929,0.0098,0.01115,0.01146,0.0112,0.01061,0.01053,0.00999,0.01056,0.01043,0.01021,0.010089373,0.009968745,0.009848118,0.00972749,0.009606863,0.009486236,0.009365608,0.009244981,0.009190504,0.009136027,0.00908155,0.009027072,0.008809164,0.008724323,0.008639483,0.008554642,0.008469801,0.008130439,0.008058377,0.007986315,0.007914254,0.007842192,0.007553946,0.007507077,0.007460208,0.007413339,0.007366471,0.007178996
528,Netherlands and Netherlands Antilles,0.14404,0.15757,0.1643,0.15743,0.14767,0.16342,0.15765,0.16149,0.17285,0.16569,0.16284,0.1432,0.14988,0.15458,0.15209,0.15634,0.15818,0.15906,0.15995,0.16249,0.17134,0.16862,0.17162,0.17408,0.17558,0.1821,0.17944,0.1815,0.17498,0.17879,0.18518,0.18547,0.19061,0.19177,0.1849,0.18385,0.18555,0.18741,0.18465,0.19483,0.18249,0.18234,0.18018572,0.17803144,0.17587716,0.17372288,0.1715686,0.16941432,0.16726004,0.16510576,0.164132855,0.163159951,0.162187046,0.161214142,0.157322524,0.155807357,0.154292191,0.152777024,0.151261858,0.145201192,0.143914246,0.142627301,0.141340355,0.14005341,0.134905627,0.1340686,0.133231572,0.132394545,0.131557517,0.128209406
578,Norway,0.02341,0.02417,0.02389,0.02305,0.02398,0.02577,0.02723,0.02905,0.02827,0.02857,0.02642,0.02492,0.02518,0.02646,0.02713,0.0304,0.02919,0.02689,0.02925,0.02851,0.02991,0.02997,0.03273,0.0312,0.03184,0.03059,0.03367,0.03509,0.0381,0.03701,0.03764,0.03358,0.04049,0.03844,0.03759,0.03961,0.03901,0.04466,0.04701,0.05147,0.04125,0.04335,0.042837836,0.042325671,0.041813507,0.041301343,0.040789178,0.040277014,0.03976485,0.039252686,0.039021385,0.038790084,0.038558783,0.038327482,0.037402278,0.037042058,0.036681839,0.036321619,0.035961399,0.03452052,0.034214558,0.033908596,0.033602635,0.033296673,0.032072825,0.031873828,0.031674831,0.031475834,0.031276836,0.030480848
616,Poland,0.31027,0.31942,0.33315,0.34788,0.36748,0.38737,0.4023,0.43466,0.44814,0.45036,0.41353,0.44212,0.43763,0.42272,0.44526,0.45922,0.47259,0.46799,0.43685,0.36328,0.35898,0.35072,0.34913,0.32997,0.34002,0.35286,0.34578,0.31947,0.31137,0.29465,0.29574,0.29219,0.29946,0.29867,0.3018,0.3149,0.30985,0.31026,0.29595,0.31251,0.31366,0.29836,0.294834986,0.291309973,0.287784959,0.284259945,0.280734932,0.277209918,0.273684904,0.270159891,0.268567943,0.266975995,0.265384047,0.263792099,0.257424307,0.254945065,0.252465822,0.24998658,0.247507337,0.237590367,0.235484559,0.233378751,0.231272943,0.229167134,0.220743901,0.219374287,0.218004672,0.216635057,0.215265442,0.209786983
620,Portugal,0.01494,0.01504,0.01649,0.01711,0.01892,0.02042,0.01878,0.02066,0.02298,0.02462,0.02485,0.02686,0.02764,0.02702,0.02548,0.02884,0.02963,0.02996,0.03808,0.03866,0.04004,0.04383,0.04253,0.04284,0.04932,0.04756,0.04971,0.05452,0.0611,0.0597,0.05946,0.06374,0.05902,0.06075,0.06337,0.05855,0.05645,0.05474,0.0543,0.0487,0.04793,0.04648,0.045930856,0.045381712,0.044832568,0.044283424,0.043734279,0.043185135,0.042635991,0.042086847,0.041838846,0.041590844,0.041342843,0.041094841,0.040102835,0.039716606,0.039330377,0.038944149,0.03855792,0.037013005,0.036684952,0.036356899,0.036028846,0.035700792,0.034388579,0.034175214,0.033961849,0.033748483,0.033535118,0.032681656
703,Slovak Republic,0.04834,0.05008,0.05168,0.05322,0.05499,0.05644,0.05925,0.0623,0.06185,0.06081,0.05875,0.05698,0.05711,0.05943,0.05938,0.05686,0.05866,0.05964,0.05703,0.05449,0.04865,0.04478,0.04393,0.04136,0.04225,0.04281,0.04262,0.04054,0.03945,0.03742,0.03895,0.03885,0.03896,0.03838,0.03885,0.03831,0.03633,0.0371,0.034,0.03623,0.03424,0.03234,0.031957915,0.03157583,0.031193744,0.030811659,0.030429574,0.030047489,0.029665404,0.029283318,0.029110763,0.028938208,0.028765652,0.028593097,0.027902876,0.027634145,0.027365413,0.027096682,0.02682795,0.025753025,0.025524771,0.025296517,0.025068263,0.024840009,0.023926993,0.023778537,0.023630081,0.023481625,0.023333169,0.022739345
705,Slovenia,0,0,0,0,0,0,0,0,0,0,0,0,0,0,0,0.0146,0.01406,0.01399,0.01401,0.01349,0.0127,0.01241,0.01312,0.01316,0.01419,0.01473,0.01558,0.0149,0.01481,0.01395,0.01486,0.01514,0.01516,0.01548,0.01568,0.01597,0.01594,0.01681,0.01509,0.01547,0.01529,0.01467,0.014496679,0.014323359,0.014150038,0.013976717,0.013803397,0.013630076,0.013456755,0.013283435,0.013205161,0.013126886,0.013048612,0.012970338,0.012657242,0.01253534,0.012413439,0.012291537,0.012169636,0.011682031,0.011578491,0.011474951,0.011371411,0.011267871,0.01085371,0.010786368,0.010719026,0.010651683,0.010584341,0.010314972
724,Spain,0.12151,0.12447,0.14473,0.15621,0.162,0.17467,0.16681,0.1764,0.17949,0.19204,0.19712,0.19225,0.19411,0.18657,0.1875,0.18623,0.18711,0.19124,0.20858,0.21201,0.22028,0.22874,0.21437,0.22915,0.23902,0.22987,0.24907,0.25662,0.27515,0.28677,0.289,0.30386,0.31307,0.33197,0.34223,0.33705,0.34551,0.32263,0.28589,0.26768,0.27086,0.26819,0.265021434,0.261852868,0.258684301,0.255515735,0.252347169,0.249178603,0.246010036,0.24284147,0.241410499,0.239979528,0.238548557,0.237117586,0.231393702,0.229165159,0.226936616,0.224708073,0.222479531,0.213565359,0.211672489,0.209779619,0.207886749,0.205993879,0.198422399,0.197191279,0.195960159,0.194729039,0.193497919,0.188573438
752,Sweden,0.08449,0.0847,0.08735,0.08104,0.08094,0.0886,0.0857,0.07875,0.0838,0.072,0.06941,0.06233,0.05811,0.0567,0.06183,0.0615,0.05781,0.05889,0.05528,0.05176,0.05144,0.05044,0.05087,0.05406,0.05471,0.05579,0.05225,0.05248,0.05113,0.04946,0.0503,0.05687,0.05493,0.05446,0.05129,0.04897,0.04677,0.04837,0.04298,0.0517,0.05093,0.04645,0.04590121,0.045352421,0.044803631,0.044254841,0.043706052,0.043157262,0.042608472,0.042059683,0.041811841,0.041564,0.041316158,0.041068317,0.040076951,0.039690971,0.039304992,0.038919013,0.038533033,0.036989116,0.036661274,0.036333433,0.036005591,0.03567775,0.034366384,0.034153156,0.033939928,0.033726701,0.033513473,0.032660562
756,Switzerland,0.03968,0.04028,0.04354,0.0391,0.03737,0.03912,0.03947,0.04058,0.03917,0.03977,0.03752,0.03538,0.03935,0.03882,0.03953,0.0419,0.03935,0.0398,0.03788,0.04289,0.04376,0.04387,0.04204,0.04229,0.04032,0.04123,0.04279,0.04312,0.0423,0.04089,0.04489,0.04266,0.0423,0.04256,0.0436,0.04444,0.0405,0.04287,0.04378,0.04095,0.03904,0.03975,0.039280368,0.038810737,0.038341105,0.037871473,0.037401842,0.03693221,0.036462579,0.035992947,0.035780854,0.035568762,0.035356669,0.035144577,0.034296207,0.033965901,0.033635596,0.033305291,0.032974985,0.031653764,0.031373211,0.031092658,0.030812104,0.030531551,0.029409338,0.029226867,0.029044395,0.028861924,0.028679452,0.027949566
792,Turkey,0.04369,0.05056,0.05691,0.05929,0.06238,0.06863,0.07669,0.07435,0.06911,0.07335,0.07328,0.0789,0.08572,0.0907,0.09972,0.10849,0.1192,0.11635,0.12576,0.13805,0.13525,0.13866,0.14342,0.14357,0.15737,0.17324,0.1834,0.18544,0.18328,0.20185,0.18341,0.19218,0.20363,0.20896,0.21896,0.24309,0.26581,0.26381,0.25669,0.27432,0.29783,0.30569,0.302078385,0.29846677,0.294855155,0.29124354,0.287631925,0.28402031,0.280408695,0.27679708,0.275166022,0.273534964,0.271903905,0.270272847,0.263748614,0.261208462,0.258668311,0.256128159,0.253588007,0.243427401,0.241269858,0.239112315,0.236954772,0.234797229,0.226167057,0.224763794,0.223360531,0.221957268,0.220554005,0.214940953
826,United Kingdom,0.64488,0.63265,0.65751,0.61908,0.59633,0.60183,0.61194,0.60484,0.64023,0.58469,0.56612,0.5547,0.54415,0.52832,0.56087,0.57025,0.57733,0.57454,0.56084,0.56401,0.5769,0.56368,0.54887,0.5473,0.5419,0.55603,0.53055,0.53365,0.53201,0.54431,0.54877,0.52962,0.54187,0.53992,0.54306,0.54365,0.53069,0.51914,0.47198,0.48867,0.44772,0.47054,0.464980743,0.459421486,0.453862229,0.448302972,0.442743715,0.437184458,0.4316252,0.426065943,0.423555301,0.421044659,0.418534017,0.416023375,0.405980807,0.402070823,0.398160839,0.394250855,0.390340872,0.374700936,0.371379891,0.368058846,0.364737801,0.361416756,0.348132576,0.345972573,0.34381257,0.341652567,0.339492563,0.330852551
