numcode,country,PECons1971,PECons1972,PECons1973,PECons1974,PECons1975,PECons1976,PECons1977,PECons1978,PECons1979,PECons1980,PECons1981,PECons1982,PECons1983,PECons1984,PECons1985,PECons1986,PECons1987,PECons1988,PECons1989,PECons1990,PECons1991,PECons1992,PECons1993,PECons1994,PECons1995,PECons1996,PECons1997,PECons1998,PECons1999,PECons2000,PECons2001,PECons2002,PECons2003,PECons2004,PECons2005,PECons2006,PECons2007,PECons2008,PECons2009,PECons2010,PECons2011,PECons2012,PECons2040
12,Algeria,0.13747,0.159537,0.191351,0.205798,0.219059,0.250008,0.279835,0.344551,0.436488,0.444625,0.483393,0.62967,0.680478,0.674442,0.704088,0.79533,0.785399,0.829136,0.822135,0.880398,0.93126,0.956971,0.956662,0.922118,0.955859,0.931578,0.954616,0.987543,1.05453,1.07128,1.07423,1.14171,1.21808,1.22904,1.28304,1.37522,1.45994,1.48501,1.61986,1.59173,1.66069,1.83819,4.35969839
24,Angola,0.152798,0.164498,0.163906,0.167444,0.163518,0.161599,0.159319,0.175265,0.177696,0.181062,0.182257,0.179779,0.184779,0.186685,0.198012,0.200292,0.205129,0.213458,0.218215,0.233444,0.239034,0.240367,0.248939,0.252343,0.253909,0.263068,0.270639,0.272028,0.287561,0.297546,0.312766,0.329463,0.357283,0.370429,0.362446,0.398843,0.427462,0.464074,0.505347,0.538235,0.54895,0.566717,2.282044212
204,Benin,0.043846,0.045926,0.046915,0.047939,0.049344,0.047845,0.049539,0.051483,0.05236,0.053669,0.053579,0.055431,0.056982,0.058379,0.061213,0.061794,0.062651,0.06427,0.064644,0.065921,0.066927,0.068579,0.070191,0.071716,0.07329,0.085343,0.088545,0.087344,0.091113,0.078672,0.083667,0.089751,0.094657,0.098823,0.099172,0.117018,0.127226,0.130052,0.13645,0.144965,0.149557,0.155352,0.206147284
72,Botswana,0.027132727,0.028080788,0.027903364,0.028454061,0.029656364,0.030381515,0.031347273,0.033177576,0.032746364,0.033698788,0.029948,0.031388,0.031725,0.032335,0.034155,0.03741,0.037203,0.043781,0.046787,0.048342,0.049236,0.056739,0.056949,0.056077,0.05743,0.055989,0.058788,0.066362,0.06853,0.070696,0.072113,0.074,0.073891,0.071747,0.074451,0.076172,0.078843,0.083257,0.077258,0.086612,0.085106,0.085859,1.098957956
854,Burkina Faso,0.027132727,0.028080788,0.027903364,0.028454061,0.029656364,0.030381515,0.031347273,0.033177576,0.032746364,0.033698788,0.035441563,0.035715625,0.037303438,0.037619063,0.038462188,0.04067125,0.04177375,0.043098438,0.043873125,0.05207125,0.054830968,0.056919,0.057832333,0.057702,0.060835667,0.062171,0.064987667,0.065615333,0.066561333,0.067266667,0.069284667,0.070457333,0.072489,0.072695333,0.075146667,0.077577667,0.079847,0.082146333,0.083714667,0.086061,0.088737667,0.091487333,0.501914272
108,Burundi,0.027132727,0.028080788,0.027903364,0.028454061,0.029656364,0.030381515,0.031347273,0.033177576,0.032746364,0.033698788,0.035441563,0.035715625,0.037303438,0.037619063,0.038462188,0.04067125,0.04177375,0.043098438,0.043873125,0.05207125,0.054830968,0.056919,0.057832333,0.057702,0.060835667,0.062171,0.064987667,0.065615333,0.066561333,0.067266667,0.069284667,0.070457333,0.072489,0.072695333,0.075146667,0.077577667,0.079847,0.082146333,0.083714667,0.086061,0.088737667,0.091487333,0.050941919
120,Cameroon,0.106945,0.109315,0.111727,0.114793,0.120453,0.122237,0.13081,0.135124,0.140213,0.145049,0.152266,0.159265,0.164915,0.170278,0.176882,0.179504,0.182855,0.188665,0.195624,0.19764,0.199557,0.201728,0.208713,0.215955,0.219728,0.225155,0.231566,0.238242,0.24009,0.250367,0.253323,0.259347,0.269898,0.278343,0.280046,0.26677,0.25156,0.253762,0.274348,0.276443,0.269516,0.277195,0.870277613
132,Cape Verde,0.027132727,0.028080788,0.027903364,0.028454061,0.029656364,0.030381515,0.031347273,0.033177576,0.032746364,0.033698788,0.035441563,0.035715625,0.037303438,0.037619063,0.038462188,0.04067125,0.04177375,0.043098438,0.043873125,0.05207125,0.054830968,0.056919,0.057832333,0.057702,0.060835667,0.062171,0.064987667,0.065615333,0.066561333,0.067266667,0.069284667,0.070457333,0.072489,0.072695333,0.075146667,0.077577667,0.079847,0.082146333,0.083714667,0.086061,0.088737667,0.091487333,0.007382277
140,Central African Republic,0.027132727,0.028080788,0.027903364,0.028454061,0.029656364,0.030381515,0.031347273,0.033177576,0.032746364,0.033698788,0.035441563,0.035715625,0.037303438,0.037619063,0.038462188,0.04067125,0.04177375,0.043098438,0.043873125,0.05207125,0.054830968,0.056919,0.057832333,0.057702,0.060835667,0.062171,0.064987667,0.065615333,0.066561333,0.067266667,0.069284667,0.070457333,0.072489,0.072695333,0.075146667,0.077577667,0.079847,0.082146333,0.083714667,0.086061,0.088737667,0.091487333,1.140352155
148,Chad,0.027132727,0.028080788,0.027903364,0.028454061,0.029656364,0.030381515,0.031347273,0.033177576,0.032746364,0.033698788,0.035441563,0.035715625,0.037303438,0.037619063,0.038462188,0.04067125,0.04177375,0.043098438,0.043873125,0.05207125,0.054830968,0.056919,0.057832333,0.057702,0.060835667,0.062171,0.064987667,0.065615333,0.066561333,0.067266667,0.069284667,0.070457333,0.072489,0.072695333,0.075146667,0.077577667,0.079847,0.082146333,0.083714667,0.086061,0.088737667,0.091487333,2.350320662
174,Comoros,0.027132727,0.028080788,0.027903364,0.028454061,0.029656364,0.030381515,0.031347273,0.033177576,0.032746364,0.033698788,0.035441563,0.035715625,0.037303438,0.037619063,0.038462188,0.04067125,0.04177375,0.043098438,0.043873125,0.05207125,0.054830968,0.056919,0.057832333,0.057702,0.060835667,0.062171,0.064987667,0.065615333,0.066561333,0.067266667,0.069284667,0.070457333,0.072489,0.072695333,0.075146667,0.077577667,0.079847,0.082146333,0.083714667,0.086061,0.088737667,0.091487333,0.003972115
178,Congo,0.020178,0.020901,0.021132,0.021548,0.021945,0.024039,0.022871,0.023757,0.023737,0.024592,0.025352,0.026924,0.029944,0.029054,0.030294,0.029807,0.030337,0.029229,0.030525,0.030778,0.031615,0.031681,0.032041,0.028907,0.030757,0.030086,0.028749,0.028859,0.028113,0.032306,0.035058,0.03448,0.039688,0.040569,0.043103,0.045984,0.048263,0.050349,0.056656,0.060545,0.066535,0.068,0.626019989
384,Cote d'Ivoire,0.097411,0.10337,0.106782,0.111468,0.117454,0.126615,0.129095,0.138045,0.139641,0.141813,0.141227,0.14054,0.137113,0.139683,0.146705,0.162799,0.166421,0.169385,0.175311,0.172414,0.177369,0.193444,0.200334,0.205281,0.20451,0.229715,0.234393,0.233799,0.278754,0.269425,0.259113,0.276957,0.261823,0.368985,0.381659,0.375316,0.403959,0.406018,0.372479,0.400919,0.460567,0.50027,0.590252648
180,Democratic Republic of Congo,0.26502,0.271868,0.281361,0.289032,0.296443,0.301037,0.310477,0.319134,0.333084,0.335934,0.352387,0.352898,0.37588,0.394994,0.394937,0.402824,0.419191,0.434683,0.445765,0.468158,0.468724,0.477295,0.486848,0.488606,0.509323,0.526632,0.535889,0.549009,0.552298,0.552776,0.571305,0.591134,0.613159,0.637613,0.662293,0.687119,0.711879,0.738158,0.760259,0.788271,0.83716,0.81567,4.293197494
262,Djibouti,0.027132727,0.028080788,0.027903364,0.028454061,0.029656364,0.030381515,0.031347273,0.033177576,0.032746364,0.033698788,0.035441563,0.035715625,0.037303438,0.037619063,0.038462188,0.04067125,0.04177375,0.043098438,0.043873125,0.05207125,0.054830968,0.056919,0.057832333,0.057702,0.060835667,0.062171,0.064987667,0.065615333,0.066561333,0.067266667,0.069284667,0.070457333,0.072489,0.072695333,0.075146667,0.077577667,0.079847,0.082146333,0.083714667,0.086061,0.088737667,0.091487333,0.04210076
818,Egypt,0.309779,0.341571,0.317979,0.356291,0.389045,0.453056,0.494718,0.511586,0.562926,0.601028,0.70062,0.767102,0.850736,0.943097,1.02077,1.0485,1.11712,1.14419,1.21995,1.28273,1.2832,1.3167,1.36587,1.3148,1.39703,1.48344,1.54425,1.6542,1.69087,1.61433,1.81191,1.8691,1.94022,2.09694,2.44254,2.58061,2.76361,2.8703,2.93636,2.88964,3.02933,3.10352,1.833121983
226,Equatorial Guinea,0.027132727,0.028080788,0.027903364,0.028454061,0.029656364,0.030381515,0.031347273,0.033177576,0.032746364,0.033698788,0.035441563,0.035715625,0.037303438,0.037619063,0.038462188,0.04067125,0.04177375,0.043098438,0.043873125,0.05207125,0.054830968,0.056919,0.057832333,0.057702,0.060835667,0.062171,0.064987667,0.065615333,0.066561333,0.067266667,0.069284667,0.070457333,0.072489,0.072695333,0.075146667,0.077577667,0.079847,0.082146333,0.083714667,0.086061,0.088737667,0.091487333,0.051346452
232,Eritrea,0.027132727,0.028080788,0.027903364,0.028454061,0.029656364,0.030381515,0.031347273,0.033177576,0.032746364,0.033698788,0.035441563,0.035715625,0.037303438,0.037619063,0.038462188,0.04067125,0.04177375,0.043098438,0.043873125,0.05207125,0.054830968,0.034812,0.036548,0.0377,0.039589,0.041556,0.041294,0.026845,0.027835,0.028089,0.029432,0.029697,0.031914,0.029505,0.030271,0.027655,0.028595,0.026873,0.028789,0.029543,0.030421,0.031615,0.222072354
231,Ethiopia,0.50656,0.519844,0.535817,0.549525,0.559315,0.56912,0.576747,0.586049,0.595775,0.607803,0.62344,0.639075,0.659451,0.678695,0.7005,0.725905,0.754095,0.778345,0.805405,0.835136,0.863203,0.882718,0.91942,0.954692,0.989657,1.02287,1.05129,1.08295,1.1128,1.1472,1.19126,1.22671,1.26633,1.30462,1.33665,1.37765,1.42154,1.4896,1.5519,1.63212,1.72288,1.80519,2.063169686
266,Gabon,0.042476,0.041537,0.057225,0.062435,0.05153,0.049425,0.053893,0.061164,0.054143,0.054526,0.061182,0.062982,0.064782,0.060264,0.053961,0.053921,0.051162,0.054099,0.050381,0.046878,0.048408,0.051745,0.054749,0.048531,0.053219,0.055416,0.0561,0.059675,0.058086,0.058355,0.062642,0.062888,0.063467,0.065038,0.068379,0.070639,0.07328,0.075413,0.079229,0.08386,0.086374,0.08778,0.489955826
270,Gambia,0.027132727,0.028080788,0.027903364,0.028454061,0.029656364,0.030381515,0.031347273,0.033177576,0.032746364,0.033698788,0.035441563,0.035715625,0.037303438,0.037619063,0.038462188,0.04067125,0.04177375,0.043098438,0.043873125,0.05207125,0.054830968,0.056919,0.057832333,0.057702,0.060835667,0.062171,0.064987667,0.065615333,0.066561333,0.067266667,0.069284667,0.070457333,0.072489,0.072695333,0.075146667,0.077577667,0.079847,0.082146333,0.083714667,0.086061,0.088737667,0.091487333,0.020684286
288,Ghana,0.118898,0.125768,0.133515,0.140197,0.145215,0.14533,0.15426,0.15389,0.155126,0.159652,0.167033,0.171722,0.145687,0.155708,0.172695,0.17958,0.194625,0.190447,0.205344,0.209948,0.217252,0.225012,0.235769,0.245328,0.25678,0.265612,0.27754,0.293317,0.3046,0.30277,0.311085,0.315378,0.306951,0.310957,0.312129,0.329681,0.330442,0.329573,0.345544,0.367567,0.380368,0.401979,0.438323821
324,Guinea,0.027132727,0.028080788,0.027903364,0.028454061,0.029656364,0.030381515,0.031347273,0.033177576,0.032746364,0.033698788,0.035441563,0.035715625,0.037303438,0.037619063,0.038462188,0.04067125,0.04177375,0.043098438,0.043873125,0.05207125,0.054830968,0.056919,0.057832333,0.057702,0.060835667,0.062171,0.064987667,0.065615333,0.066561333,0.067266667,0.069284667,0.070457333,0.072489,0.072695333,0.075146667,0.077577667,0.079847,0.082146333,0.083714667,0.086061,0.088737667,0.091487333,0.450033323
624,Guinea-Bissau,0.027132727,0.028080788,0.027903364,0.028454061,0.029656364,0.030381515,0.031347273,0.033177576,0.032746364,0.033698788,0.035441563,0.035715625,0.037303438,0.037619063,0.038462188,0.04067125,0.04177375,0.043098438,0.043873125,0.05207125,0.054830968,0.056919,0.057832333,0.057702,0.060835667,0.062171,0.064987667,0.065615333,0.066561333,0.067266667,0.069284667,0.070457333,0.072489,0.072695333,0.075146667,0.077577667,0.079847,0.082146333,0.083714667,0.086061,0.088737667,0.091487333,0.066116497
404,Kenya,0.208842,0.218401,0.224226,0.232755,0.238484,0.250182,0.262641,0.270644,0.280501,0.291033,0.29933,0.304944,0.310361,0.328475,0.34282,0.373655,0.389234,0.399117,0.413876,0.422761,0.430705,0.442076,0.453181,0.458301,0.480642,0.498346,0.504716,0.524123,0.536059,0.557673,0.565783,0.574238,0.587122,0.618368,0.642505,0.672649,0.686237,0.70978,0.753193,0.785986,0.804675,0.814995,1.066522067
426,Lesotho,0.027132727,0.028080788,0.027903364,0.028454061,0.029656364,0.030381515,0.031347273,0.033177576,0.032746364,0.033698788,0.035441563,0.035715625,0.037303438,0.037619063,0.038462188,0.04067125,0.04177375,0.043098438,0.043873125,0.05207125,0.054830968,0.056919,0.057832333,0.057702,0.060835667,0.062171,0.064987667,0.065615333,0.066561333,0.067266667,0.069284667,0.070457333,0.072489,0.072695333,0.075146667,0.077577667,0.079847,0.082146333,0.083714667,0.086061,0.088737667,0.091487333,0.05556385
430,Liberia,0.027132727,0.028080788,0.027903364,0.028454061,0.029656364,0.030381515,0.031347273,0.033177576,0.032746364,0.033698788,0.035441563,0.035715625,0.037303438,0.037619063,0.038462188,0.04067125,0.04177375,0.043098438,0.043873125,0.05207125,0.054830968,0.056919,0.057832333,0.057702,0.060835667,0.062171,0.064987667,0.065615333,0.066561333,0.067266667,0.069284667,0.070457333,0.072489,0.072695333,0.075146667,0.077577667,0.079847,0.082146333,0.083714667,0.086061,0.088737667,0.091487333,0.203859199
434,Libya,0.062304,0.087202,0.103093,0.114985,0.145418,0.131911,0.163997,0.185899,0.208359,0.273414,0.294036,0.319111,0.335204,0.364304,0.3959,0.400175,0.436827,0.419885,0.455879,0.443128,0.449545,0.447284,0.464243,0.52419,0.554975,0.590955,0.600981,0.608788,0.601094,0.630958,0.649199,0.672582,0.692001,0.711391,0.706952,0.695602,0.650904,0.697492,0.776857,0.815751,0.538365,0.680327,3.220781322
450,Madagascar,0.027132727,0.028080788,0.027903364,0.028454061,0.029656364,0.030381515,0.031347273,0.033177576,0.032746364,0.033698788,0.035441563,0.035715625,0.037303438,0.037619063,0.038462188,0.04067125,0.04177375,0.043098438,0.043873125,0.05207125,0.054830968,0.056919,0.057832333,0.057702,0.060835667,0.062171,0.064987667,0.065615333,0.066561333,0.067266667,0.069284667,0.070457333,0.072489,0.072695333,0.075146667,0.077577667,0.079847,0.082146333,0.083714667,0.086061,0.088737667,0.091487333,1.07455782
454,Malawi,0.027132727,0.028080788,0.027903364,0.028454061,0.029656364,0.030381515,0.031347273,0.033177576,0.032746364,0.033698788,0.035441563,0.035715625,0.037303438,0.037619063,0.038462188,0.04067125,0.04177375,0.043098438,0.043873125,0.05207125,0.054830968,0.056919,0.057832333,0.057702,0.060835667,0.062171,0.064987667,0.065615333,0.066561333,0.067266667,0.069284667,0.070457333,0.072489,0.072695333,0.075146667,0.077577667,0.079847,0.082146333,0.083714667,0.086061,0.088737667,0.091487333,0.216873826
466,Mali,0.027132727,0.028080788,0.027903364,0.028454061,0.029656364,0.030381515,0.031347273,0.033177576,0.032746364,0.033698788,0.035441563,0.035715625,0.037303438,0.037619063,0.038462188,0.04067125,0.04177375,0.043098438,0.043873125,0.05207125,0.054830968,0.056919,0.057832333,0.057702,0.060835667,0.062171,0.064987667,0.065615333,0.066561333,0.067266667,0.069284667,0.070457333,0.072489,0.072695333,0.075146667,0.077577667,0.079847,0.082146333,0.083714667,0.086061,0.088737667,0.091487333,2.269780078
478,Mauritania,0.027132727,0.028080788,0.027903364,0.028454061,0.029656364,0.030381515,0.031347273,0.033177576,0.032746364,0.033698788,0.035441563,0.035715625,0.037303438,0.037619063,0.038462188,0.04067125,0.04177375,0.043098438,0.043873125,0.05207125,0.054830968,0.056919,0.057832333,0.057702,0.060835667,0.062171,0.064987667,0.065615333,0.066561333,0.067266667,0.069284667,0.070457333,0.072489,0.072695333,0.075146667,0.077577667,0.079847,0.082146333,0.083714667,0.086061,0.088737667,0.091487333,1.886663167
480,Mauritius,0.014446,0.014709,0.015053,0.015646,0.015871,0.016536,0.017338,0.017632,0.017595,0.017087,0.016914,0.016328,0.016958,0.017347,0.017542,0.020025,0.02105,0.021276,0.023408,0.026442,0.026943,0.028305,0.029559,0.029039,0.031044,0.031598,0.032468,0.034555,0.036159,0.040088,0.042093,0.041738,0.043768,0.044564,0.04605,0.049283,0.049561,0.050708,0.049473,0.052268,0.052355,0.053211,0.003734154
504,Morocco,0.1175,0.126468,0.139993,0.151761,0.157292,0.169935,0.186903,0.197995,0.211197,0.214557,0.21552,0.224284,0.233312,0.240614,0.245228,0.253027,0.259324,0.272371,0.295766,0.302344,0.31775,0.336753,0.349154,0.374153,0.370461,0.390028,0.401761,0.409741,0.435323,0.437486,0.463775,0.4715,0.469339,0.515412,0.558911,0.570112,0.599643,0.625822,0.6325,0.671847,0.722616,0.745907,0.817395398
508,Mozambique,0.273639,0.26849,0.269758,0.267528,0.265066,0.261353,0.265603,0.258431,0.259613,0.266652,0.260045,0.260043,0.257255,0.253765,0.252633,0.249997,0.247475,0.244514,0.241932,0.234986,0.23389,0.236871,0.241511,0.244054,0.249362,0.254014,0.26157,0.264168,0.269377,0.284612,0.299451,0.303362,0.319921,0.332307,0.336834,0.346894,0.36135,0.367858,0.380811,0.392774,0.407646,0.41416,1.467284688
516,Namibia,0.027132727,0.028080788,0.027903364,0.028454061,0.029656364,0.030381515,0.031347273,0.033177576,0.032746364,0.033698788,0.035441563,0.035715625,0.037303438,0.037619063,0.038462188,0.04067125,0.04177375,0.043098438,0.043873125,0.05207125,0.024787,0.02663,0.029168,0.031726,0.035469,0.038214,0.039182,0.040766,0.040528,0.039624,0.046509,0.042616,0.044727,0.047975,0.049635,0.05,0.051517,0.055946,0.057273,0.059825,0.060954,0.06419,1.510901075
562,Niger,0.027132727,0.028080788,0.027903364,0.028454061,0.029656364,0.030381515,0.031347273,0.033177576,0.032746364,0.033698788,0.035441563,0.035715625,0.037303438,0.037619063,0.038462188,0.04067125,0.04177375,0.043098438,0.043873125,0.05207125,0.054830968,0.056919,0.057832333,0.057702,0.060835667,0.062171,0.064987667,0.065615333,0.066561333,0.067266667,0.069284667,0.070457333,0.072489,0.072695333,0.075146667,0.077577667,0.079847,0.082146333,0.083714667,0.086061,0.088737667,0.091487333,2.319202709
566,Nigeria,1.31656,1.36278,1.42428,1.46937,1.53006,1.6106,1.69692,1.77593,1.85029,1.93871,2.02588,2.12662,2.18683,2.19178,2.26544,2.28664,2.3662,2.43646,2.52155,2.6356,2.76194,2.87113,2.91726,2.84572,2.92414,3.04839,3.15164,3.17331,3.2869,3.4142,3.58455,3.69924,3.90939,4.01999,4.17841,4.21329,4.36233,4.49251,4.42222,4.7604,5.03653,5.30665,1.690927583
646,Rwanda,0.027132727,0.028080788,0.027903364,0.028454061,0.029656364,0.030381515,0.031347273,0.033177576,0.032746364,0.033698788,0.035441563,0.035715625,0.037303438,0.037619063,0.038462188,0.04067125,0.04177375,0.043098438,0.043873125,0.05207125,0.054830968,0.056919,0.057832333,0.057702,0.060835667,0.062171,0.064987667,0.065615333,0.066561333,0.067266667,0.069284667,0.070457333,0.072489,0.072695333,0.075146667,0.077577667,0.079847,0.082146333,0.083714667,0.086061,0.088737667,0.091487333,0.048210861
678,Sao Tome and Principe,0.027132727,0.028080788,0.027903364,0.028454061,0.029656364,0.030381515,0.031347273,0.033177576,0.032746364,0.033698788,0.035441563,0.035715625,0.037303438,0.037619063,0.038462188,0.04067125,0.04177375,0.043098438,0.043873125,0.05207125,0.054830968,0.056919,0.057832333,0.057702,0.060835667,0.062171,0.064987667,0.065615333,0.066561333,0.067266667,0.069284667,0.070457333,0.072489,0.072695333,0.075146667,0.077577667,0.079847,0.082146333,0.083714667,0.086061,0.088737667,0.091487333,0.001832298
686,Senegal,0.049275,0.049983,0.052334,0.053777,0.055076,0.056281,0.05771,0.057847,0.060478,0.061935,0.061499,0.060916,0.061052,0.064253,0.061929,0.0648,0.069062,0.065672,0.065268,0.066916,0.066409,0.070592,0.070351,0.069874,0.073997,0.075784,0.080357,0.08485,0.089453,0.095146,0.10284,0.104424,0.101437,0.108547,0.110743,0.111037,0.119158,0.124387,0.152778,0.155882,0.164955,0.163781,0.359119479
690,Seychelles,0.027132727,0.028080788,0.027903364,0.028454061,0.029656364,0.030381515,0.031347273,0.033177576,0.032746364,0.033698788,0.035441563,0.035715625,0.037303438,0.037619063,0.038462188,0.04067125,0.04177375,0.043098438,0.043873125,0.05207125,0.054830968,0.056919,0.057832333,0.057702,0.060835667,0.062171,0.064987667,0.065615333,0.066561333,0.067266667,0.069284667,0.070457333,0.072489,0.072695333,0.075146667,0.077577667,0.079847,0.082146333,0.083714667,0.086061,0.088737667,0.091487333,0.000832863
694,Sierra Leone,0.027132727,0.028080788,0.027903364,0.028454061,0.029656364,0.030381515,0.031347273,0.033177576,0.032746364,0.033698788,0.035441563,0.035715625,0.037303438,0.037619063,0.038462188,0.04067125,0.04177375,0.043098438,0.043873125,0.05207125,0.054830968,0.056919,0.057832333,0.057702,0.060835667,0.062171,0.064987667,0.065615333,0.066561333,0.067266667,0.069284667,0.070457333,0.072489,0.072695333,0.075146667,0.077577667,0.079847,0.082146333,0.083714667,0.086061,0.088737667,0.091487333,0.13131776
706,Somalia,0.027132727,0.028080788,0.027903364,0.028454061,0.029656364,0.030381515,0.031347273,0.033177576,0.032746364,0.033698788,0.035441563,0.035715625,0.037303438,0.037619063,0.038462188,0.04067125,0.04177375,0.043098438,0.043873125,0.05207125,0.054830968,0.056919,0.057832333,0.057702,0.060835667,0.062171,0.064987667,0.065615333,0.066561333,0.067266667,0.069284667,0.070457333,0.072489,0.072695333,0.075146667,0.077577667,0.079847,0.082146333,0.083714667,0.086061,0.088737667,0.091487333,1.167210609
710,South Africa,1.80262,1.83301,1.95161,2.02365,2.14159,2.21554,2.26148,2.38942,2.46753,2.59437,2.85388,3.10362,3.16019,3.42863,3.42835,3.57036,3.6997,3.84939,3.68634,3.60914,3.76884,3.51509,3.76714,3.89532,4.11009,4.21215,4.30022,4.22657,4.32736,4.33558,4.46,4.36424,4.66069,5.11238,5.09244,5.05549,5.42771,5.83742,5.64879,5.66082,5.63007,5.55538,2.233009641
728,South Sudan,0.027132727,0.028080788,0.027903364,0.028454061,0.029656364,0.030381515,0.031347273,0.033177576,0.032746364,0.033698788,0.035441563,0.035715625,0.037303438,0.037619063,0.038462188,0.04067125,0.04177375,0.043098438,0.043873125,0.05207125,0.054830968,0.056919,0.057832333,0.057702,0.060835667,0.062171,0.064987667,0.065615333,0.066561333,0.067266667,0.069284667,0.070457333,0.072489,0.072695333,0.075146667,0.077577667,0.079847,0.082146333,0.083714667,0.086061,0.088737667,0.091487333,0.438003489
729,Sudan,0.278864,0.283713,0.292283,0.295347,0.29629,0.296639,0.305617,0.310331,0.313353,0.331928,0.335142,0.350211,0.361508,0.360429,0.375716,0.381135,0.375171,0.39862,0.398439,0.421774,0.420962,0.420678,0.408552,0.473559,0.475332,0.486919,0.497437,0.50304,0.558521,0.527962,0.553059,0.600405,0.583657,0.583443,0.594357,0.63842,0.617381,0.627013,0.648608,0.662556,0.662018,0.661042,4.58680453
748,Swaziland,0.027132727,0.028080788,0.027903364,0.028454061,0.029656364,0.030381515,0.031347273,0.033177576,0.032746364,0.033698788,0.035441563,0.035715625,0.037303438,0.037619063,0.038462188,0.04067125,0.04177375,0.043098438,0.043873125,0.05207125,0.054830968,0.056919,0.057832333,0.057702,0.060835667,0.062171,0.064987667,0.065615333,0.066561333,0.067266667,0.069284667,0.070457333,0.072489,0.072695333,0.075146667,0.077577667,0.079847,0.082146333,0.083714667,0.086061,0.088737667,0.091487333,0.031782412
768,Togo,0.028837,0.029613,0.029612,0.029601,0.030848,0.030887,0.032779,0.033721,0.035083,0.035229,0.035945,0.037863,0.036942,0.0384,0.039134,0.042707,0.045203,0.046147,0.047572,0.050125,0.051339,0.051967,0.052213,0.059047,0.062149,0.069685,0.06868,0.073412,0.083933,0.083754,0.083556,0.086525,0.091374,0.092337,0.094111,0.093915,0.097494,0.101645,0.123628,0.123613,0.124325,0.123921,0.103943114
788,Tunisia,0.065697,0.071792,0.074838,0.083366,0.086235,0.091993,0.099862,0.109651,0.119092,0.129672,0.133792,0.131651,0.149644,0.158558,0.165153,0.162864,0.165469,0.173826,0.173197,0.196264,0.194365,0.216172,0.210409,0.227408,0.230315,0.240741,0.248304,0.270634,0.279741,0.289899,0.305978,0.310045,0.318535,0.335801,0.329917,0.347269,0.35866,0.37406,0.363383,0.399902,0.376364,0.392582,0.299482838
800,Uganda,0.027132727,0.028080788,0.027903364,0.028454061,0.029656364,0.030381515,0.031347273,0.033177576,0.032746364,0.033698788,0.035441563,0.035715625,0.037303438,0.037619063,0.038462188,0.04067125,0.04177375,0.043098438,0.043873125,0.05207125,0.054830968,0.056919,0.057832333,0.057702,0.060835667,0.062171,0.064987667,0.065615333,0.066561333,0.067266667,0.069284667,0.070457333,0.072489,0.072695333,0.075146667,0.077577667,0.079847,0.082146333,0.083714667,0.086061,0.088737667,0.091487333,0.432063621
834,United Republic of Tanzania,0.300634,0.303374,0.305256,0.304227,0.304386,0.307444,0.307543,0.311027,0.313951,0.318037,0.322563,0.327379,0.334125,0.340666,0.347897,0.356374,0.362899,0.369453,0.377562,0.386203,0.39412,0.399209,0.410035,0.41741,0.437343,0.442753,0.447016,0.476011,0.506032,0.534155,0.56372,0.591845,0.614627,0.651147,0.680718,0.706596,0.726935,0.750129,0.766712,0.80283,0.836839,0.879401,1.729951326
732,Western Sahara,0.027132727,0.028080788,0.027903364,0.028454061,0.029656364,0.030381515,0.031347273,0.033177576,0.032746364,0.033698788,0.035441563,0.035715625,0.037303438,0.037619063,0.038462188,0.04067125,0.04177375,0.043098438,0.043873125,0.05207125,0.054830968,0.056919,0.057832333,0.057702,0.060835667,0.062171,0.064987667,0.065615333,0.066561333,0.067266667,0.069284667,0.070457333,0.072489,0.072695333,0.075146667,0.077577667,0.079847,0.082146333,0.083714667,0.086061,0.088737667,0.091487333,0.486904436
894,Zambia,0.143256,0.152503,0.161225,0.167921,0.158953,0.176628,0.173821,0.175144,0.176236,0.183472,0.186242,0.190719,0.194015,0.196489,0.200119,0.203329,0.207508,0.2183,0.217991,0.216229,0.22219,0.225547,0.225782,0.227349,0.231255,0.229286,0.239122,0.24149,0.241869,0.247959,0.255713,0.264129,0.272521,0.280158,0.289021,0.296749,0.297446,0.307639,0.316173,0.328425,0.342031,0.360251,1.377635697
716,Zimbabwe,0.215832,0.219863,0.232823,0.235853,0.234774,0.247839,0.240666,0.239137,0.243588,0.25763,0.261274,0.263272,0.269889,0.274575,0.293855,0.310727,0.339279,0.343528,0.351235,0.368916,0.391058,0.403808,0.386309,0.38355,0.390496,0.388854,0.384986,0.393944,0.420003,0.396985,0.395912,0.388977,0.372038,0.363516,0.381519,0.388271,0.378076,0.348678,0.353,0.361299,0.370562,0.380094,0.714944115
4,Afghanistan,0.011824368,0.011799474,0.012656737,0.014111737,0.013586474,0.013415053,0.014395947,0.014591842,0.01578,0.016175789,0.016730789,0.016423263,0.017391421,0.017668789,0.014165556,0.014136444,0.014413611,0.014370056,0.014522167,0.0273569,0.0274951,0.0266244,0.0267554,0.0280048,0.030415111,0.033827333,0.033991,0.034642556,0.035375556,0.036329111,0.037557556,0.038219333,0.039606222,0.041399111,0.041942111,0.042908222,0.042862333,0.045923111,0.049057333,0.054271556,0.058558,0.062103556,3.318389192
64,Bhutan,0.011824368,0.011799474,0.012656737,0.014111737,0.013586474,0.013415053,0.014395947,0.014591842,0.01578,0.016175789,0.016730789,0.016423263,0.017391421,0.017668789,0.014165556,0.014136444,0.014413611,0.014370056,0.014522167,0.0273569,0.0274951,0.0266244,0.0267554,0.0280048,0.030415111,0.033827333,0.033991,0.034642556,0.035375556,0.036329111,0.037557556,0.038219333,0.039606222,0.041399111,0.041942111,0.042908222,0.042862333,0.045923111,0.049057333,0.054271556,0.058558,0.062103556,0.240871493
184,Cook Islands,,,,,,,,,,,,,,,,,,,,,,,,,,,,,,,,,,,,,,,,,,,0.001229982
258,French Polynesia,,,,,,,,,,,,,,,,,,,,,,,,,,,,,,,,,,,,,,,,,,,0.021355564
296,Kiribati,,,,,,,,,,,,,,,,,,,,,,,,,,,,,,,,,,,,,,,,,,,0.004156314
418,Lao People's Democratic Republic,0.011824368,0.011799474,0.012656737,0.014111737,0.013586474,0.013415053,0.014395947,0.014591842,0.01578,0.016175789,0.016730789,0.016423263,0.017391421,0.017668789,0.014165556,0.014136444,0.014413611,0.014370056,0.014522167,0.0273569,0.0274951,0.0266244,0.0267554,0.0280048,0.030415111,0.033827333,0.033991,0.034642556,0.035375556,0.036329111,0.037557556,0.038219333,0.039606222,0.041399111,0.041942111,0.042908222,0.042862333,0.045923111,0.049057333,0.054271556,0.058558,0.062103556,1.213582333
446,Macao,0.011824368,0.011799474,0.012656737,0.014111737,0.013586474,0.013415053,0.014395947,0.014591842,0.01578,0.016175789,0.016730789,0.016423263,0.017391421,0.017668789,0.014165556,0.014136444,0.014413611,0.014370056,0.014522167,0.0273569,0.0274951,0.0266244,0.0267554,0.0280048,0.030415111,0.033827333,0.033991,0.034642556,0.035375556,0.036329111,0.037557556,0.038219333,0.039606222,0.041399111,0.041942111,0.042908222,0.042862333,0.045923111,0.049057333,0.054271556,0.058558,0.062103556,0.000143498
462,Maldives,0.011824368,0.011799474,0.012656737,0.014111737,0.013586474,0.013415053,0.014395947,0.014591842,0.01578,0.016175789,0.016730789,0.016423263,0.017391421,0.017668789,0.014165556,0.014136444,0.014413611,0.014370056,0.014522167,0.0273569,0.0274951,0.0266244,0.0267554,0.0280048,0.030415111,0.033827333,0.033991,0.034642556,0.035375556,0.036329111,0.037557556,0.038219333,0.039606222,0.041399111,0.041942111,0.042908222,0.042862333,0.045923111,0.049057333,0.054271556,0.058558,0.062103556,0.001537478
540,New Caledonia,,,,,,,,,,,,,,,,,,,,,,,,,,,,,,,,,,,,,,,,,,,0.097681078
585,Palau,,,,,,,,,,,,,,,,,,,,,,,,,,,,,,,,,,,,,,,,,,,0.002347216
598,Papua New Guinea,,,,,,,,,,,,,,,,,,,,,,,,,,,,,,,,,,,,,,,,,,,2.372020469
882,Samoa,,,,,,,,,,,,,,,,,,,,,,,,,,,,,,,,,,,,,,,,,,,0.01508778
90,Solomon Islands,,,,,,,,,,,,,,,,,,,,,,,,,,,,,,,,,,,,,,,,,,,0.145804127
776,Tonga,,,,,,,,,,,,,,,,,,,,,,,,,,,,,,,,,,,,,,,,,,,0.003833444
548,Vanuatu,,,,,,,,,,,,,,,,,,,,,,,,,,,,,,,,,,,,,,,,,,,0.06252409
36,Australia,2.04804,2.10986,2.26398,2.33829,2.39577,2.45323,2.63053,2.63761,2.6975,2.76185,2.78067,2.9014,2.77792,2.86911,2.87812,2.93889,3.07986,3.08505,3.33671,3.42737,3.37962,3.44269,3.60856,3.60605,3.67815,3.91887,4.01881,4.12332,4.21328,4.28944,4.19585,4.34303,4.39626,4.47094,4.50283,4.55941,4.70486,4.85961,4.84445,4.86045,4.87569,5.08992,39.39453276
50,Bangladesh,0.225615,0.233034,0.252085,0.26037,0.266929,0.283918,0.290645,0.300624,0.312514,0.333406,0.340201,0.359373,0.368001,0.37335,0.394803,0.422722,0.416134,0.457312,0.480061,0.505349,0.498114,0.52576,0.555103,0.579772,0.630788,0.634516,0.662855,0.691003,0.70016,0.724121,0.791739,0.810293,0.853571,0.870425,0.902944,0.964124,1.00916,1.05894,1.11712,1.2136,1.25756,1.31626,0.737989257
96,Brunei Darussalam,0.007034,0.006962,0.013668,0.023564,0.029377,0.038735,0.041877,0.03914,0.040718,0.053556,0.051565,0.055438,0.058555,0.067471,0.070719,0.062109,0.06372,0.052969,0.061506,0.068523,0.077484,0.083315,0.080203,0.074416,0.089161,0.089754,0.092696,0.092306,0.094116,0.094617,0.087604,0.085605,0.099396,0.091093,0.087966,0.125052,0.128057,0.140533,0.120739,0.128576,0.153676,0.153275,0.02957082
116,Cambodia,0.011824368,0.011799474,0.012656737,0.014111737,0.013586474,0.013415053,0.014395947,0.014591842,0.01578,0.016175789,0.016730789,0.016423263,0.017391421,0.017668789,0.014165556,0.014136444,0.014413611,0.014370056,0.014522167,0.0273569,0.0274951,0.0266244,0.0267554,0.0280048,0.112559,0.117726,0.119632,0.136189,0.136359,0.135403,0.136108,0.1585,0.163276,0.134486,0.136337,0.136077,0.138147,0.139417,0.194711,0.19935,0.211622,0.217516,0.927816493
158,Chinese Taipei,0.396852,0.456181,0.520343,0.510452,0.567887,0.705814,0.767604,0.918662,1.00812,1.10857,1.02914,1.06831,1.20829,1.26902,1.3185,1.4222,1.54106,1.68908,1.78143,1.89721,2.04862,2.13412,2.28607,2.39715,2.52424,2.65514,2.8043,2.99373,3.12013,3.36805,3.53083,3.69923,3.82777,4.01768,4.06524,4.14608,4.37087,4.19322,3.9965,4.3492,4.27466,4.15364,0.071615707
242,Fiji,,,,,,,,,,,,,,,,,,,,,,,,,,,,,,,,,,,,,,,,,,,0.093632387
356,India,6.20851,6.3539,6.5263,6.80019,7.05229,7.34317,7.54776,7.57727,7.93292,8.14052,8.57176,8.9137,9.20978,9.61075,10.11,10.4877,10.8965,11.488,12.0409,12.5547,13.0506,13.5783,13.8923,14.4315,15.2313,15.7219,16.3361,16.7336,17.6911,18.1111,18.4151,18.9673,19.4315,20.5517,21.4168,22.607,23.9606,25.0882,27.6368,28.6702,29.8322,31.2728,77.2173
360,Indonesia,1.39064,1.44762,1.51387,1.56952,1.63199,1.70598,1.89551,2.02869,2.12323,2.21034,2.32617,2.38387,2.42756,2.52264,2.61196,2.88129,2.97551,3.05666,3.22999,3.91299,4.1047,4.27874,4.69985,4.70594,5.19045,5.37883,5.55983,5.43851,5.69715,6.17541,6.32076,6.55573,6.57479,7.00938,7.13397,7.30213,7.26827,7.41247,7.93569,8.31005,8.14767,8.47513,9.836986796
392,Japan,10.6155,11.3435,12.7122,12.7825,12.1046,12.873,13.102,13.214,13.9957,13.6707,13.3717,13.351,13.3631,14.3718,14.3997,14.5615,14.7474,15.7766,16.3691,17.4285,17.6119,18.0013,18.1209,19.1137,19.6142,20.028,20.2444,19.8742,20.1856,20.5941,20.2695,20.2546,20.0888,20.7334,20.6503,20.6215,20.4396,19.6526,18.7453,19.7927,18.3304,17.9465,17.2545
410,Korea,0.673414,0.732895,0.85557,0.929575,0.970631,1.07858,1.25124,1.37197,1.5842,1.63709,1.60786,1.7095,1.85125,2.01555,2.10833,2.41594,2.60889,2.93702,3.12839,3.68676,3.96275,4.39941,4.93508,5.24045,5.74386,6.24092,6.79442,6.20353,6.86018,7.46611,7.58122,7.88446,8.04518,8.26636,8.34423,8.48102,8.81849,9.01117,9.0965,9.91967,10.3354,10.4534,0.504702653
408,"Korea, DPR",0.770328,0.799677,0.817016,0.853708,0.883241,0.93782,0.988342,1.06149,1.13568,1.2048,1.23713,1.29255,1.34038,1.3732,1.42845,1.40512,1.3534,1.37824,1.37301,1.31825,1.25801,1.09965,1.0114,0.924887,0.872363,0.767045,0.730703,0.681862,0.730488,0.782367,0.80826,0.776361,0.794653,0.81319,0.846418,0.854865,0.72613,0.800102,0.790063,0.749838,0.555066,0.558777,0.617758507
458,Malaysia,0.240156,0.243782,0.242342,0.274667,0.289762,0.314695,0.318047,0.408635,0.478746,0.479141,0.510801,0.518604,0.603779,0.623896,0.628256,0.704735,0.715147,0.750566,0.823547,0.879454,1.08281,1.19391,1.291,1.28583,1.3905,1.5375,1.78567,1.69746,1.72353,1.96411,2.04449,2.11458,2.26541,2.43487,2.64139,2.65709,2.90889,3.0421,2.89508,3.00206,3.13893,3.22335,1.689944148
496,Mongolia,0.011824368,0.011799474,0.012656737,0.014111737,0.013586474,0.013415053,0.014395947,0.014591842,0.01578,0.016175789,0.016730789,0.016423263,0.017391421,0.017668789,0.123892,0.133564,0.140892,0.150129,0.142318,0.135242,0.1514,0.132522,0.123946,0.107184,0.106929,0.090066,0.088218,0.088922,0.089043,0.095097,0.095817,0.102598,0.100207,0.103187,0.104147,0.116062,0.123185,0.124067,0.128286,0.136244,0.14272,0.156474,8.015977806
104,Myanmar,0.313676,0.319024,0.314163,0.327011,0.332589,0.344892,0.352199,0.356747,0.363747,0.373875,0.379224,0.387091,0.391949,0.405817,0.43613,0.444825,0.427492,0.422775,0.434035,0.423759,0.416698,0.429628,0.426182,0.453034,0.468574,0.469468,0.479332,0.492335,0.494049,0.509556,0.497905,0.514662,0.558151,0.585596,0.587835,0.595667,0.618492,0.59649,0.565483,0.556023,0.566559,0.605897,3.477261879
524,Nepal,0.145139,0.149136,0.153673,0.156775,0.159729,0.162627,0.16677,0.170479,0.176188,0.18101,0.184129,0.189211,0.195426,0.200354,0.202192,0.208979,0.212886,0.217868,0.22076,0.229714,0.237155,0.242932,0.249347,0.258192,0.26632,0.272724,0.281542,0.288856,0.30475,0.321714,0.332303,0.335988,0.345493,0.350472,0.362343,0.362319,0.369346,0.382268,0.393815,0.405163,0.419362,0.400778,0.754291644
554,New Zealand,0.270917,0.301567,0.312803,0.34585,0.339154,0.361473,0.378248,0.375486,0.349673,0.356518,0.353387,0.377327,0.390589,0.416296,0.4443,0.446221,0.448637,0.470289,0.503571,0.509035,0.521758,0.533483,0.562197,0.582267,0.59064,0.611549,0.638764,0.629943,0.655338,0.677922,0.678503,0.679224,0.670465,0.687333,0.671463,0.671777,0.67934,0.690412,0.693429,0.725733,0.721687,0.75237,1.376964955
586,Pakistan,0.676052,0.694085,0.728843,0.772345,0.807481,0.816956,0.851833,0.887189,0.938228,0.982464,1.05306,1.11535,1.17633,1.21568,1.28035,1.33614,1.46797,1.54097,1.62774,1.70057,1.74552,1.85854,1.95371,2.03398,2.12439,2.23573,2.29517,2.34485,2.47581,2.54221,2.58287,2.61005,2.72618,2.92026,3.0258,3.15015,3.31729,3.25887,3.30494,3.34899,3.36938,3.40288,4.12013252
156,People's Republic of China,15.5367,16.3386,16.9465,17.3847,19.1985,19.8526,21.6253,23.4292,23.818,23.7421,23.5645,24.299,25.2667,26.7975,27.4453,28.4228,29.8818,31.4968,32.1534,34.5485,33.6468,34.791,36.8533,38.5979,41.4442,42.5966,42.5589,42.8512,43.6758,46.0825,47.0921,49.752,56.6454,65.0694,70.4589,76.9373,81.13,84.1539,90.7137,100.249,108.998,114.845,191.813
608,Philippines,0.608136,0.611722,0.681272,0.683171,0.724447,0.759258,0.7911,0.804294,0.851868,0.889388,0.894081,0.917647,0.998077,0.897565,0.942872,0.942782,0.98553,1.0424,1.0961,1.13918,1.13754,1.18928,1.18839,1.27349,1.33411,1.37971,1.45203,1.4938,1.53338,1.58681,1.51939,1.54016,1.5441,1.53916,1.54171,1.53043,1.53351,1.59137,1.51524,1.60695,1.60491,1.68842,1.537477618
702,Singapore,0.108341,0.134044,0.148961,0.158905,0.147283,0.154082,0.16269,0.206826,0.201529,0.203637,0.213554,0.208668,0.233609,0.26621,0.268472,0.285332,0.303653,0.336669,0.336858,0.45737,0.518421,0.58821,0.721474,0.876451,0.747743,0.780452,0.876369,0.792132,0.720613,0.740752,0.844936,0.839442,1.01504,1.21857,0.8558,0.920334,0.843594,0.970037,0.809891,1.00818,1.02703,0.994122,0.003551573
144,Sri Lanka,0.150701,0.160521,0.164022,0.155846,0.163041,0.164132,0.162554,0.171441,0.177998,0.179929,0.18352,0.194157,0.195137,0.201022,0.198225,0.204787,0.212712,0.215758,0.216437,0.218882,0.222191,0.227994,0.240366,0.230823,0.238271,0.266654,0.276345,0.280926,0.299986,0.330398,0.319403,0.325315,0.344499,0.349105,0.357146,0.360395,0.367453,0.361253,0.359276,0.38498,0.409884,0.447119,0.336246355
764,Thailand,0.543192,0.570183,0.6193,0.63253,0.688071,0.747373,0.795755,0.8269,0.873485,0.87304,0.882469,0.89233,0.819796,0.90522,0.98162,1.0311,1.13899,1.29873,1.45294,1.66434,1.80734,1.92559,2.03187,2.24682,2.45715,2.7475,2.7987,2.62413,2.80151,2.86825,2.95161,3.26396,3.53578,3.82083,3.92836,4.0058,4.1581,4.27145,4.25739,4.65943,4.72712,5.02179,2.634211652
704,Viet Nam,0.524663,0.529527,0.553784,0.519295,0.551841,0.495326,0.514637,0.527978,0.54616,0.571068,0.57831,0.599177,0.618504,0.625893,0.633551,0.663778,0.702379,0.70894,0.692962,0.708924,0.718547,0.749999,0.813754,0.814336,0.868406,0.917092,0.98825,1.05316,1.08382,1.14025,1.21601,1.32695,1.39319,1.54624,1.64495,1.6854,1.81643,1.94369,2.1209,2.33763,2.4135,2.57345,1.688970413
40,Austria,0.746584,0.786499,0.852163,0.823308,0.798395,0.860666,0.840109,0.868116,0.940297,0.918759,0.870048,0.8506,0.853183,0.886218,0.916024,0.919608,0.9542,0.964526,0.949054,0.985246,1.04885,1.00774,1.01919,1.01646,1.06165,1.12806,1.12005,1.13906,1.13629,1.13246,1.19661,1.2075,1.27757,1.29665,1.3399,1.34257,1.32641,1.33426,1.26152,1.35407,1.31551,1.31378,0.718710721
56,Belgium,1.57369,1.72397,1.82483,1.79053,1.67921,1.80076,1.79023,1.88445,1.94484,1.8557,1.72731,1.64584,1.62538,1.69521,1.75015,1.81333,1.8516,1.8745,1.89235,1.91602,2.00713,2.03001,1.98247,2.09741,2.13344,2.25157,2.25408,2.29136,2.3085,2.32411,2.31924,2.2392,2.35283,2.33908,2.33102,2.30912,2.26604,2.33165,2.23158,2.40245,2.35372,2.22009,0.261604875
203,Czech Republic,1.80085,1.80651,1.79192,1.66253,1.73339,1.78335,1.90644,1.8003,1.92072,1.86335,1.86704,1.8965,1.90347,1.94334,1.95419,1.98621,2.04398,2.00363,1.94833,1.96599,1.77816,1.72778,1.67616,1.62448,1.6461,1.69925,1.70955,1.65492,1.54824,1.62629,1.66962,1.68777,1.76242,1.80446,1.78315,1.82465,1.82533,1.78452,1.67191,1.76575,1.70875,1.69225,0.675829733
208,Denmark,0.734286,0.764258,0.753581,0.69861,0.693319,0.753909,0.77333,0.788807,0.816207,0.759286,0.687189,0.694998,0.656122,0.680179,0.765808,0.77687,0.777108,0.741314,0.695343,0.688884,0.763897,0.730942,0.750599,0.776905,0.769725,0.870941,0.807039,0.793971,0.760824,0.739421,0.762148,0.754176,0.797455,0.771497,0.750154,0.804628,0.785326,0.76352,0.729848,0.772839,0.713671,0.688141,0.369287228
233,Estonia,0.210996168,0.222491523,0.233046349,0.244708493,0.258107053,0.268055622,0.277879617,0.28842683,0.29810895,0.304687117,0.309032652,0.316275902,0.320968858,0.331548599,0.342701377,0.349117598,0.363849785,0.374275193,0.371165011,0.38808,0.361892,0.260558,0.215761,0.217761,0.206613,0.227115,0.222741,0.203244,0.191023,0.187068,0.195068,0.186955,0.206576,0.2105,0.206772,0.201743,0.225754,0.217816,0.193227,0.2231,0.223213,0.219091,0.387557065
246,Finland,0.720911,0.771047,0.834575,0.81593,0.781789,0.836288,0.849234,0.879637,0.938421,0.976071,0.939855,0.920409,0.92945,0.951217,1.0251,1.06994,1.16655,1.09727,1.13339,1.12614,1.1425,1.07655,1.12927,1.20589,1.14754,1.23434,1.28018,1.29224,1.288,1.28088,1.31653,1.38345,1.45968,1.4743,1.36075,1.48214,1.46174,1.40189,1.32232,1.44881,1.38204,1.32148,2.897680179
250,France,6.2921,6.64219,7.14777,6.91834,6.54569,6.98737,6.85734,7.31205,7.61795,7.60944,7.43239,7.25242,7.44164,7.70905,8.08772,8.21336,8.41804,8.38185,8.72703,8.88857,9.39448,9.23325,9.38569,9.03048,9.40638,9.93909,9.63485,9.91492,9.89863,9.99831,10.3388,10.3633,10.5495,10.7042,10.7393,10.5858,10.4572,10.5074,10.0568,10.3628,9.98304,10.0125,4.687687201
276,Germany,12.1044,12.5436,13.2808,13.0296,12.4402,13.4115,13.4479,13.8941,14.5247,14.1727,13.6878,13.2346,13.2315,13.7397,14.1739,14.1527,14.2586,14.3541,14.1078,13.9314,13.6573,13.4029,13.2716,13.2072,13.3454,13.7977,13.6767,13.5936,13.2846,13.3484,13.7492,13.4401,13.3695,13.4641,13.3655,13.7375,13.0047,13.1469,12.3129,12.9938,12.3374,12.401,3.059435081
300,Greece,0.344824,0.40024,0.468663,0.446774,0.466012,0.505353,0.542793,0.570792,0.605414,0.5945,0.581129,0.597152,0.624779,0.64897,0.696447,0.661993,0.711042,0.757869,0.837981,0.850762,0.857736,0.878868,0.867811,0.891978,0.899878,0.928675,0.965432,1.01659,1.02062,1.07478,1.11119,1.12377,1.15624,1.17855,1.20019,1.19924,1.199,1.20701,1.16795,1.09557,1.06125,1.05362,1.130638995
348,Hungary,0.755444,0.775933,0.844184,0.873997,0.908956,0.971977,1.02621,1.13373,1.12055,1.12473,1.11789,1.11753,1.10043,1.14183,1.18069,1.1759,1.21905,1.20421,1.19571,1.14209,1.08787,0.99703,1.01984,0.987763,1.02589,1.05273,1.03196,1.01934,1.01179,0.991916,1.01573,1.01586,1.03709,1.03443,1.09311,1.0843,1.06059,1.05022,0.986546,1.01914,0.99091,0.931241,0.797205894
352,Iceland,0.035806,0.036546,0.04439,0.043827,0.043867,0.044426,0.049311,0.050654,0.058357,0.059393,0.065732,0.065664,0.068214,0.071576,0.070261,0.073389,0.076655,0.078113,0.080095,0.082871,0.081368,0.080721,0.086512,0.086646,0.08938,0.094687,0.096316,0.102304,0.117445,0.122999,0.128494,0.130333,0.129885,0.133647,0.138105,0.165023,0.191899,0.212458,0.213645,0.213055,0.227403,0.225958,0.882642235
372,Ireland,0.266575,0.264444,0.274102,0.282368,0.263753,0.27113,0.287021,0.287806,0.339273,0.326789,0.327871,0.325997,0.325432,0.328856,0.342335,0.351629,0.366457,0.36266,0.36992,0.393231,0.396541,0.39174,0.399291,0.419036,0.4218,0.451321,0.473072,0.50405,0.526753,0.542486,0.572954,0.575994,0.563039,0.573443,0.569377,0.577261,0.596996,0.587266,0.562348,0.566726,0.524346,0.52557,0.602253362
376,Israel,0.227738,0.219388,0.308065,0.232212,0.278681,0.256848,0.256118,0.270787,0.30133,0.310417,0.288948,0.313233,0.292206,0.301762,0.300489,0.35861,0.395002,0.432141,0.4462,0.454962,0.456485,0.524661,0.550005,0.586654,0.615247,0.632677,0.66719,0.683713,0.66538,0.723545,0.759611,0.746324,0.782884,0.763466,0.733195,0.808689,0.821386,0.907488,0.853624,0.920467,0.919086,0.963319,0.177985235
380,Italy,4.18216,4.42519,4.72654,4.83765,4.63316,5.00561,4.89396,5.00811,5.22926,5.19165,5.08019,4.95071,4.94649,5.05952,5.1308,5.19112,5.40661,5.53403,5.7705,5.81535,5.95853,5.92126,5.89026,5.81585,6.31422,6.30873,6.39841,6.57761,6.67891,6.80598,6.82882,6.83938,7.11631,7.21714,7.291,7.20927,7.11902,6.97686,6.53743,6.76499,6.64375,6.30119,2.581342916
442,Luxembourg,0.161187,0.165169,0.175889,0.183485,0.149624,0.152708,0.147381,0.159388,0.150577,0.141239,0.12356,0.116871,0.109915,0.117819,0.121455,0.119321,0.116852,0.120896,0.13018,0.134459,0.143632,0.144132,0.146157,0.141067,0.124937,0.126744,0.123328,0.119092,0.124129,0.132328,0.13922,0.144652,0.152485,0.16991,0.17385,0.171744,0.166957,0.166776,0.156911,0.167402,0.165442,0.162368,0.022160319
528,Netherland with Netherland Antilles,2.235484,2.528901,2.697448,2.640454,2.494414,2.760372,2.673893,2.726694,2.860466,2.709771,2.56107,2.312591,2.417189,2.493685,2.476966,2.563629,2.610577,2.582755,2.602828,2.664249,2.809897,2.77226,2.786052,2.804147,2.859396,2.967261,2.931123,2.975007,2.917125,2.989424,3.088034,3.090028,3.177457,3.224476,3.193842,3.131112,3.242251,3.246123,3.193716,3.375624,3.153726,3.199883,0.355850499
578,Norway,0.527661,0.545585,0.565826,0.565013,0.579174,0.631346,0.649702,0.700653,0.720356,0.726799,0.716825,0.694681,0.723966,0.766093,0.791922,0.82936,0.836936,0.802957,0.834018,0.833381,0.860805,0.874818,0.931339,0.911785,0.930087,0.901709,0.954659,0.996747,1.04404,1.03532,1.06436,0.988506,1.07214,1.04887,1.06227,1.07648,1.09308,1.18003,1.18246,1.28458,1.11087,1.15844,2.774770106
616,Poland,3.41736,3.53325,3.68538,3.8516,4.08889,4.3051,4.47598,4.83994,4.9865,5.02428,4.62278,4.9059,4.86275,4.70307,4.94806,5.14876,5.28437,5.24854,4.90941,4.09152,4.00805,3.91098,4.0056,3.81758,3.94736,4.10756,4.05354,3.78796,3.68989,3.53627,3.56071,3.52595,3.61508,3.62409,3.66796,3.85237,3.83469,3.88679,3.74199,3.99277,4.01504,3.88288,2.67950473
620,Portugal,0.249024,0.255227,0.27365,0.286361,0.305031,0.32385,0.317183,0.347704,0.382654,0.396233,0.393441,0.440182,0.441719,0.44262,0.435068,0.481092,0.493985,0.516687,0.625572,0.665886,0.673188,0.716331,0.70636,0.724616,0.801255,0.793418,0.835737,0.903098,0.96921,0.975884,0.983256,1.02432,0.996332,1.0246,1.04985,0.998019,1.00506,0.979204,0.966215,0.932463,0.906025,0.848899,0.791730085
703,Slovakia,0.565775,0.588133,0.615754,0.644608,0.665666,0.690113,0.726142,0.762414,0.777493,0.787204,0.770786,0.753138,0.761241,0.799978,0.822379,0.820177,0.844467,0.855491,0.854912,0.846274,0.75895,0.717969,0.704669,0.691718,0.705323,0.71731,0.718129,0.696552,0.700456,0.70404,0.737777,0.743304,0.739598,0.728249,0.747129,0.739663,0.708202,0.726938,0.664,0.707431,0.688454,0.660655,0.418569514
705,Slovenia,,,,,,,,,,,,,,,,,,,,0.226568,0.220474,0.204734,0.214604,0.223239,0.240774,0.250946,0.260869,0.25585,0.255142,0.25447,0.26726,0.271021,0.274279,0.282987,0.289402,0.290613,0.290489,0.307033,0.279377,0.287133,0.288937,0.277612,0.173726272
724,Spain,1.69061,1.77901,2.04638,2.21789,2.28118,2.44902,2.40669,2.57072,2.6103,2.68609,2.72699,2.65342,2.6983,2.75813,2.81358,2.87189,2.94226,3.17764,3.49584,3.57414,3.70731,3.77626,3.62191,3.82286,3.99906,3.9402,4.18772,4.39912,4.61211,4.83525,4.96152,5.10935,5.28522,5.51563,5.63193,5.62697,5.70689,5.5184,5.06806,5.06409,4.98347,4.95875,4.325649637
752,Sweden,1.43009,1.45909,1.54122,1.46042,1.54882,1.68065,1.65506,1.64738,1.72103,1.60645,1.68286,1.61136,1.63307,1.72552,1.87414,1.95244,1.9204,1.95985,1.88537,1.87282,1.93213,1.84679,1.84537,1.97215,1.9972,2.04351,1.99094,2.02636,1.9899,1.88701,2.00509,2.05477,2.00852,2.0867,2.04626,1.99221,1.98636,1.96818,1.80173,2.01986,1.9777,1.99044,3.855895442
756,Switzerland,0.650312,0.67766,0.750327,0.700407,0.681805,0.705489,0.717252,0.746536,0.759816,0.795035,0.779919,0.75682,0.808232,0.828026,0.876111,0.914783,0.891027,0.899175,0.880681,0.966668,0.981437,0.985813,0.961163,0.969852,0.956175,0.974797,0.99185,1.0038,1.00555,0.992179,1.05378,1.02725,1.03153,1.03526,1.02933,1.07471,1.02216,1.06236,1.0701,1.03955,1.00687,1.01633,0.353828135
792,Turkey,0.775495,0.87584,0.966401,1.00007,1.06169,1.15535,1.26704,1.26189,1.20026,1.24791,1.25815,1.33725,1.41576,1.47262,1.56025,1.68067,1.86384,1.87631,1.94838,2.09182,2.06239,2.12791,2.25732,2.23044,2.44304,2.65544,2.7938,2.84698,2.79556,3.01397,2.78705,2.94519,3.09021,3.2032,3.34151,3.6962,3.96797,3.91682,3.88034,4.17717,4.45256,4.63849,6.689057045
826,United Kingdom,8.28028,8.34107,8.65307,8.3332,7.91086,8.06763,8.23981,8.19577,8.61277,7.87376,7.63448,7.59096,7.55059,7.54602,7.96766,8.0922,8.15706,8.22925,8.21285,8.17094,8.44888,8.41799,8.5029,8.56917,8.58355,8.95182,8.69924,8.78856,8.81059,8.84689,8.87898,8.66216,8.81201,8.79198,8.83431,8.68811,8.37352,8.21769,7.75364,7.99251,7.41749,7.62771,2.097946329
304,Greenland,,,,,,,,,,,,,,,,,,,,,,,,,,,,,,,,,,,,,,,,,,,15.57035827
8,Albania,0.068163,0.077044,0.069511,0.072451,0.078911,0.086916,0.092131,0.102931,0.089769,0.12188,0.107002,0.1068,0.112862,0.117352,0.107825,0.115612,0.1128,0.115679,0.11482,0.106057,0.074248,0.053893,0.052809,0.05616,0.052751,0.056298,0.048045,0.051831,0.069302,0.06997,0.070743,0.078096,0.078177,0.085928,0.085987,0.08185,0.080122,0.081514,0.083938,0.083751,0.088791,0.08232,0.246351446
51,Armenia,0.166291599,0.175351389,0.183669924,0.192861165,0.20342092,0.211261648,0.219004195,0.22731673,0.234947462,0.240131887,0.243556717,0.249265312,0.252963954,0.261302124,0.27009192,0.275148712,0.286759534,0.29497607,0.292524855,0.305856,0.322396,0.163902,0.087,0.054701,0.065259,0.070672,0.073878,0.075245,0.072752,0.079939,0.079588,0.074455,0.078615,0.08312,0.099688,0.101525,0.113201,0.119202,0.103566,0.098536,0.107767,0.117875,0.255366394
31,Azerbaijan,0.488898585,0.515534437,0.539990993,0.567013314,0.598059075,0.621110874,0.643874024,0.66831294,0.690747351,0.705989602,0.716058627,0.732841941,0.743715975,0.76823026,0.794072329,0.808939336,0.843075242,0.867231923,0.860025329,0.899219,0.890893,0.721924,0.646933,0.58713,0.551685,0.466266,0.449215,0.46632,0.433674,0.448212,0.454123,0.458679,0.482445,0.507333,0.532769,0.525055,0.480644,0.528661,0.473665,0.459712,0.498427,0.543288,0.742105025
112,Belarus,0.981555172,1.035031618,1.084132718,1.138385071,1.200715233,1.246996023,1.292697296,1.341762981,1.38680425,1.417405913,1.437621362,1.471316996,1.49314865,1.542365653,1.59424843,1.624096722,1.692630925,1.741129972,1.72666139,1.80535,1.75895,1.46774,1.25001,1.06149,0.981987,1.00842,1.00586,0.985327,0.959469,0.975092,0.979225,0.998278,1.02769,1.06282,1.06174,1.13017,1.10699,1.10854,1.05252,1.09114,1.16439,1.21019,1.778995417
70,Bosnia and Herzegovina,,,,,,,,,,,,,,,,,,,,0.278458,0.250643,0.176532,0.147072,0.056943,0.059289,0.069251,0.106914,0.13288,0.131494,0.172458,0.166661,0.17484,0.174553,0.190827,0.199986,0.210306,0.210466,0.236108,0.244126,0.255694,0.281153,0.264646,0.438141891
100,Bulgaria,0.75491,0.770034,0.813553,0.848274,0.922353,0.96628,1.03207,1.07876,1.12086,1.12647,1.12385,1.17095,1.19548,1.20438,1.21591,1.22667,1.21429,1.24317,1.2071,1.11994,0.869372,0.81285,0.874825,0.843789,0.913882,0.911543,0.82572,0.794811,0.725184,0.741553,0.770424,0.74841,0.769747,0.7473,0.78956,0.811805,0.798233,0.786077,0.694751,0.710193,0.762403,0.727934,0.950425731
191,Croatia,,,,,,,,,,,,,,,,,,,,0.358148,0.289544,0.266438,0.273572,0.272202,0.279769,0.287111,0.309291,0.319493,0.316043,0.309119,0.315377,0.327142,0.349659,0.35042,0.353078,0.354917,0.370021,0.360454,0.346093,0.339808,0.334854,0.314135,0.48452774
196,Cyprus,0.023301,0.02962,0.031028,0.02357,0.02241,0.02605,0.028372,0.030014,0.032601,0.034309,0.033693,0.034249,0.035542,0.036744,0.036488,0.04128,0.046947,0.047991,0.049944,0.054168,0.055279,0.062227,0.066811,0.076342,0.067252,0.074775,0.073269,0.078417,0.078831,0.084794,0.083893,0.08504,0.092521,0.086667,0.088063,0.091599,0.096751,0.10251,0.100207,0.096921,0.093965,0.088343,0.079266414
807,Former Yugoslavia,0.869555,0.857882,0.92196,1.0082,1.01213,1.07074,1.13586,1.19718,1.33314,1.33766,1.32355,1.4039,1.50898,1.60471,1.63189,1.71436,1.73818,1.76533,1.73788,1.74376,1.52052,1.36779,1.2692,1.13097,1.22628,1.38222,1.47694,1.51434,1.31495,1.4479,1.52083,1.57898,1.64785,1.7311,1.71192,1.7737,1.77881,1.82862,1.72037,1.75919,1.81548,1.68416,0.085076428
268,Georgia,0.267859874,0.28245324,0.295852604,0.31065771,0.327667196,0.340296916,0.352768489,0.366158188,0.37844965,0.38680064,0.392317302,0.401512616,0.407470329,0.420901322,0.435059787,0.443205187,0.461907714,0.475142782,0.471194402,0.492668,0.398946,0.343592,0.301726,0.185894,0.147825,0.148649,0.130459,0.120604,0.110411,0.113849,0.101994,0.100944,0.107346,0.11033,0.112712,0.12029,0.132584,0.119221,0.12283,0.123892,0.140641,0.147035,0.597283143
292,Gibraltar,0.001293,0.001133,0.001207,0.001165,0.00128,0.001123,0.001085,0.001045,0.001442,0.00149,0.001104,0.001338,0.001444,0.001364,0.001521,0.001807,0.001967,0.002286,0.0022,0.002283,0.003003,0.003641,0.00368,0.004242,0.004161,0.00424,0.0044,0.004639,0.004837,0.005073,0.005233,0.005312,0.005428,0.005836,0.00603,0.006269,0.006264,0.006377,0.006863,0.006904,0.006741,0.00686,5.99854E-05
398,Kazakhstan,1.58456991,1.67089941,1.750165587,1.83774767,1.938370133,2.013083351,2.08686103,2.166070035,2.238782239,2.288183918,2.320818652,2.375215072,2.410458922,2.489912207,2.573668973,2.621854451,2.732492383,2.810786639,2.787429338,2.91446,2.97389,3.12854,2.60393,2.30692,2.07301,1.79959,1.56714,1.5609,1.42537,1.41575,1.3705,1.57675,1.71034,2.01535,2.01886,2.43746,2.62231,2.77211,2.51868,2.74271,3.06868,2.97016,23.28547325
-2,Kosovo,,,,,,,,,,,,,,,,,,,,,,,,,,,,,,0.061292,0.075459,0.075137,0.079104,0.079549,0.077209,0.078022,0.081146,0.087932,0.096625,0.099031,0.100333,0.093999,0.036094069
417,Kyrgyzstan,0.161504931,0.170303937,0.178383024,0.187309697,0.197565492,0.205180526,0.212700206,0.220773466,0.228184549,0.233219742,0.236545989,0.242090263,0.24568244,0.253780598,0.262317382,0.267228615,0.278505221,0.286485247,0.284104589,0.297052,0.269325,0.197581,0.153575,0.110876,0.094604,0.109406,0.102901,0.109551,0.095728,0.09201,0.085528,0.096102,0.102311,0.100846,0.102128,0.100514,0.117197,0.12535,0.114455,0.109254,0.131354,0.163938,1.701014404
428,Latvia,0.169448278,0.178680048,0.187156491,0.196522208,0.207282417,0.215271983,0.223161506,0.231631836,0.23940742,0.24469026,0.248180103,0.253997063,0.257765915,0.266262367,0.275219018,0.280371802,0.292203029,0.300575539,0.298077792,0.311662,0.293615,0.242268,0.209388,0.18944,0.182382,0.179403,0.175825,0.171768,0.15783,0.152045,0.163143,0.161634,0.171581,0.176109,0.179676,0.186058,0.190317,0.181982,0.174707,0.184243,0.168905,0.175213,0.553485236
440,Lithuania,0.346561532,0.36544267,0.382778988,0.401934079,0.423941233,0.440281773,0.456417701,0.473741514,0.489644412,0.500449061,0.507586608,0.519483658,0.527191846,0.544569086,0.562887541,0.573426195,0.597623834,0.614747583,0.609639104,0.637422,0.676358,0.437292,0.361255,0.322217,0.345768,0.373006,0.353284,0.370862,0.315994,0.282947,0.328432,0.35171,0.367146,0.372419,0.351058,0.345915,0.375324,0.377696,0.347752,0.279712,0.289873,0.292686,0.558721104
470,Malta,0.008359,0.010478,0.010126,0.009293,0.008305,0.009441,0.010023,0.011697,0.011284,0.012629,0.014296,0.01624,0.012395,0.016335,0.013669,0.022781,0.02393,0.025791,0.027601,0.027589,0.02668,0.026382,0.033747,0.030604,0.028163,0.027709,0.03112,0.027432,0.029911,0.026827,0.031235,0.029121,0.032786,0.032928,0.034975,0.033084,0.034829,0.03322,0.030825,0.033685,0.033122,0.026619,0.002707912
499,Montenegro,,,,,,,,,,,,,,,,,,,,,,,,,,,,,,,,,,,0.042556,0.046699,0.047116,0.050627,0.040391,0.046658,0.044671,0.042154,3.826639708
-1,Northern Cyprus,0.011824368,0.011799474,0.012656737,0.014111737,0.013586474,0.013415053,0.014395947,0.014591842,0.01578,0.016175789,0.016730789,0.016423263,0.017391421,0.017668789,0.014165556,0.014136444,0.014413611,0.014370056,0.014522167,0.0273569,0.0274951,0.0266244,0.0267554,0.0280048,0.030415111,0.033827333,0.033991,0.034642556,0.035375556,0.036329111,0.037557556,0.038219333,0.039606222,0.041399111,0.041942111,0.042908222,0.042862333,0.045923111,0.049057333,0.054271556,0.058558,0.062103556,0.011097298
642,Romania,1.67162,1.74751,1.89804,1.90721,2.05555,2.21864,2.36146,2.54455,2.52651,2.58821,2.56939,2.5701,2.59066,2.56835,2.57679,2.64604,2.757,2.7756,2.74523,2.47024,2.03699,1.85655,1.80986,1.70708,1.84878,1.89345,1.78093,1.62852,1.43899,1.43751,1.46098,1.51339,1.56836,1.53493,1.53146,1.58466,1.57756,1.572,1.38413,1.39003,1.42008,1.38563,2.035218745
643,Russian Federation,18.96747243,20.00084584,20.94967051,21.99803748,23.20249919,24.09682446,24.97995122,25.92809154,26.79846445,27.38980787,27.78044915,28.43158016,28.85345283,29.8045172,30.80709471,31.38388007,32.70822804,33.6454187,33.36582929,34.8864,34.5661,31.5721,29.8077,26.0683,25.2621,25.0017,23.8865,23.3298,24.1646,24.5724,24.8402,24.7245,25.6064,25.6885,25.8599,26.6123,26.6884,27.319,25.6696,27.9167,29.3039,30.0216,34.795
688,Serbia,,,,,,,,,,,,,,,,,,,,0.782269,0.663561,0.612935,0.52394,0.480401,0.547255,0.657686,0.693258,0.691559,0.504734,0.544709,0.593824,0.630554,0.660085,0.717959,0.636902,0.677113,0.658757,0.66696,0.602223,0.616469,0.642237,0.573838,0.757195636
762,Tajikistan,0.114508155,0.120746713,0.126474844,0.13280392,0.140075352,0.145474466,0.150805973,0.156529972,0.161784483,0.165354471,0.167712804,0.171643734,0.174190613,0.179932265,0.185984906,0.189467006,0.197462201,0.203120096,0.201432192,0.210612,0.201207,0.164401,0.128727,0.098728,0.088291,0.085243,0.084955,0.089314,0.088819,0.085259,0.084153,0.084414,0.086027,0.093035,0.092855,0.095742,0.102328,0.097368,0.08461,0.086342,0.086589,0.089937,1.226272852
795,Turkmenistan,0.37791845,0.398507956,0.417412865,0.43830111,0.462299474,0.480118507,0.497714415,0.516605689,0.533947482,0.545729737,0.55351309,0.566486586,0.574892211,0.593841746,0.613817657,0.625309849,0.651696893,0.67037,0.664799305,0.695096,0.603144,0.411988,0.41645,0.527925,0.543279,0.474624,0.475233,0.496688,0.588148,0.590078,0.601275,0.627367,0.699516,0.730344,0.760522,0.778848,0.887542,0.899518,0.788542,0.89973,0.980498,1.01462,4.182695872
804,Ukraine,5.436179683,5.732350063,6.004288321,6.304755935,6.649961146,6.906279581,7.159388464,7.431130582,7.680584141,7.850066348,7.962026241,8.148643893,8.269554871,8.542135039,8.829479149,8.994788938,9.374354192,9.642958082,9.562826252,9.99863,10.0151,8.71268,7.71805,6.57776,6.49548,5.95076,5.6939,5.38443,5.35924,5.30894,5.32093,5.38066,5.73934,5.70769,5.6696,5.44937,5.44976,5.34257,4.5448,5.25476,5.02177,4.86718,5.173311817
860,Uzbekistan,1.000339746,1.054839601,1.104880377,1.160170988,1.223693997,1.270860488,1.317436372,1.367441055,1.413344304,1.444531608,1.465133931,1.499474418,1.521723877,1.571882774,1.624758461,1.655177976,1.725023756,1.774450957,1.759705482,1.8399,1.90786,1.79624,1.86489,1.845,1.69236,1.75019,1.78018,1.9784,2.03158,2.01409,2.0265,2.11053,2.04004,2.0109,1.86358,1.9038,1.8906,1.97028,1.74956,1.71007,1.87382,1.91592,3.833923649
28,Antigua and Barbuda,,,,,,,,,,,,,,,,,,,,,,,,,,,,,,,,,,,,,,,,,,,0.001978996
533,Aruba,,,,,,,,,,,,,,,,,,,,,,,,,,,,,,,,,,,,,,,,,,,0.000862181
44,Bahamas,,,,,,,,,,,,,,,,,,,,,,,,,,,,,,,,,,,,,,,,,,,0.062273614
52,Barbados,,,,,,,,,,,,,,,,,,,,,,,,,,,,,,,,,,,,,,,,,,,0.001925389
84,Belize,,,,,,,,,,,,,,,,,,,,,,,,,,,,,,,,,,,,,,,,,,,0.102595109
60,Bermuda ,,,,,,,,,,,,,,,,,,,,,,,,,,,,,,,,,,,,,,,,,,,0.000236765
136,Cayman Islands,,,,,,,,,,,,,,,,,,,,,,,,,,,,,,,,,,,,,,,,,,,0.001170422
212,Dominica,,,,,,,,,,,,,,,,,,,,,,,,,,,,,,,,,,,,,,,,,,,0.003368315
238,Falkland Islands (Malvinas),0.032124167,0.028783429,0.032616286,0.02952,0.034164714,0.029608714,0.036648,0.031121143,0.031320857,0.032734143,0.023432429,0.022253,0.019736857,0.021091571,0.020427,0.022016429,0.023783571,0.024132571,0.025520143,0.028844429,0.029049,0.02818,0.026905857,0.027662286,0.028409286,0.028785286,0.028850429,0.030965571,0.031849286,0.031937857,0.034117857,0.034154143,0.035132,0.035668571,0.034658571,0.034817,0.036483857,0.036110143,0.037020429,0.039474143,0.039562,0.040091286,0.020996125
254,French Guiana,0.032124167,0.028783429,0.032616286,0.02952,0.034164714,0.029608714,0.036648,0.031121143,0.031320857,0.032734143,0.023432429,0.022253,0.019736857,0.021091571,0.020427,0.022016429,0.023783571,0.024132571,0.025520143,0.028844429,0.029049,0.02818,0.026905857,0.027662286,0.028409286,0.028785286,0.028850429,0.030965571,0.031849286,0.031937857,0.034117857,0.034154143,0.035132,0.035668571,0.034658571,0.034817,0.036483857,0.036110143,0.037020429,0.039474143,0.039562,0.040091286,0.406520722
308,Grenada,,,,,,,,,,,,,,,,,,,,,,,,,,,,,,,,,,,,,,,,,,,0.001536738
312,Guadeloupe,0.032124167,0.028783429,0.032616286,0.02952,0.034164714,0.029608714,0.036648,0.031121143,0.031320857,0.032734143,0.023432429,0.022253,0.019736857,0.021091571,0.020427,0.022016429,0.023783571,0.024132571,0.025520143,0.028844429,0.029049,0.02818,0.026905857,0.027662286,0.028409286,0.028785286,0.028850429,0.030965571,0.031849286,0.031937857,0.034117857,0.034154143,0.035132,0.035668571,0.034658571,0.034817,0.036483857,0.036110143,0.037020429,0.039474143,0.039562,0.040091286,0.007951724
328,Guyana,0.032124167,0.028783429,0.032616286,0.02952,0.034164714,0.029608714,0.036648,0.031121143,0.031320857,0.032734143,0.023432429,0.022253,0.019736857,0.021091571,0.020427,0.022016429,0.023783571,0.024132571,0.025520143,0.028844429,0.029049,0.02818,0.026905857,0.027662286,0.028409286,0.028785286,0.028850429,0.030965571,0.031849286,0.031937857,0.034117857,0.034154143,0.035132,0.035668571,0.034658571,0.034817,0.036483857,0.036110143,0.037020429,0.039474143,0.039562,0.040091286,0.96032703
474,Martinique,0.032124167,0.028783429,0.032616286,0.02952,0.034164714,0.029608714,0.036648,0.031121143,0.031320857,0.032734143,0.023432429,0.022253,0.019736857,0.021091571,0.020427,0.022016429,0.023783571,0.024132571,0.025520143,0.028844429,0.029049,0.02818,0.026905857,0.027662286,0.028409286,0.028785286,0.028850429,0.030965571,0.031849286,0.031937857,0.034117857,0.034154143,0.035132,0.035668571,0.034658571,0.034817,0.036483857,0.036110143,0.037020429,0.039474143,0.039562,0.040091286,0.004913987
500,Montserrat,,,,,,,,,,,,,,,,,,,,,,,,,,,,,,,,,,,,,,,,,,,0.000455661
659,Saint Kitts and Nevis,,,,,,,,,,,,,,,,,,,,,,,,,,,,,,,,,,,,,,,,,,,0.001844979
662,Saint Lucia,,,,,,,,,,,,,,,,,,,,,,,,,,,,,,,,,,,,,,,,,,,0.001165955
666,Saint Pierre and Miquelon),,,,,,,,,,,,,,,,,,,,,,,,,,,,,,,,,,,,,,,,,,,0.001081077
670,Saint Vincent and the Grenadines,,,,,,,,,,,,,,,,,,,,,,,,,,,,,,,,,,,,,,,,,,,0.001737764
740,Suriname,0.032124167,0.028783429,0.032616286,0.02952,0.034164714,0.029608714,0.036648,0.031121143,0.031320857,0.032734143,0.023432429,0.022253,0.019736857,0.021091571,0.020427,0.022016429,0.023783571,0.024132571,0.025520143,0.028844429,0.029049,0.02818,0.026905857,0.027662286,0.028409286,0.028785286,0.028850429,0.030965571,0.031849286,0.031937857,0.034117857,0.034154143,0.035132,0.035668571,0.034658571,0.034817,0.036483857,0.036110143,0.037020429,0.039474143,0.039562,0.040091286,0.729369652
796,Turks and Caicos Islands,,,,,,,,,,,,,,,,,,,,,,,,,,,,,,,,,,,,,,,,,,,0.001920922
92,"Virgin Islands, British",,,,,,,,,,,,,,,,,,,,,,,,,,,,,,,,,,,,,,,,,,,0.008532468
32,Argentina,1.33543,1.35702,1.41267,1.44052,1.42643,1.47556,1.51596,1.54356,1.63132,1.65941,1.62039,1.62977,1.65853,1.7193,1.64041,1.74106,1.83604,1.89914,1.84541,1.8282,1.88432,1.98226,1.98845,2.11579,2.14614,2.2247,2.29536,2.37413,2.41471,2.44337,2.32399,2.25879,2.41629,2.64013,2.65749,2.89135,2.9193,3.08334,2.99879,3.12425,3.17149,3.18376,12.36041892
68,"Bolivia, Plurinational State of",0.040501,0.04477,0.047353,0.050714,0.058759,0.064364,0.068831,0.074613,0.082157,0.097011,0.101834,0.107072,0.10158,0.1013,0.100017,0.09455,0.0876,0.091536,0.097514,0.103621,0.106821,0.113146,0.120983,0.133172,0.149445,0.159293,0.173776,0.175584,0.172447,0.230167,0.193639,0.225262,0.234283,0.235492,0.252292,0.307304,0.263655,0.280661,0.293732,0.297389,0.311392,0.337803,4.907643244
76,Brazil,2.76833,2.96859,3.25261,3.46205,3.6159,3.79253,3.9224,4.17208,4.436,4.51771,4.334,4.4064,4.51606,4.80668,5.13283,5.37287,5.58146,5.65702,5.77092,5.56338,5.66859,5.72773,5.87106,6.18056,6.39224,6.73222,7.07399,7.2437,7.40789,7.43768,7.56744,7.7677,7.89538,8.33447,8.54438,8.8414,9.34304,9.86361,9.54119,10.5494,10.7147,11.1788,20.7939
170,Colombia,0.549637,0.550138,0.553376,0.586058,0.612482,0.636873,0.655836,0.653137,0.637773,0.702575,0.711652,0.73189,0.755819,0.781206,0.79319,0.863561,0.892795,0.919766,0.927226,0.961153,0.971634,0.993822,1.03959,1.0763,1.09512,1.12182,1.08848,1.13989,1.01939,1.02428,1.02007,1.0001,1.02111,1.03163,1.07468,1.12953,1.12252,1.17523,1.21831,1.23812,1.24007,1.25348,5.087807868
188,Costa Rica,0.032019,0.034183,0.037188,0.036363,0.039399,0.039734,0.046269,0.050079,0.051742,0.049797,0.04676,0.0456,0.044864,0.048648,0.050118,0.052552,0.056015,0.057396,0.063903,0.066574,0.070632,0.091189,0.093047,0.091674,0.09317,0.09365,0.094547,0.094592,0.104313,0.114024,0.11462,0.121953,0.130838,0.153952,0.153354,0.165932,0.178895,0.18197,0.18098,0.18436,0.184714,0.187583,0.228277021
192,Cuba,0.428077,0.413474,0.440748,0.466865,0.479165,0.501783,0.544683,0.576543,0.590341,0.594517,0.596912,0.605308,0.63727,0.62414,0.619749,0.618122,0.643117,0.67499,0.738555,0.701861,0.587071,0.517699,0.432773,0.443583,0.441567,0.478608,0.492105,0.46137,0.478956,0.513074,0.502041,0.466983,0.464863,0.450796,0.429263,0.432345,0.404675,0.421941,0.501224,0.456676,0.444788,0.451596,0.49524052
214,Dominican Republic,0.092874,0.108295,0.113753,0.119692,0.122247,0.126336,0.129265,0.132558,0.137741,0.136287,0.141002,0.143985,0.153251,0.160892,0.133543,0.138194,0.156272,0.149166,0.146731,0.156547,0.157512,0.174773,0.169022,0.194418,0.204196,0.21313,0.23815,0.241266,0.248964,0.274423,0.266936,0.279023,0.275154,0.243094,0.262903,0.27496,0.279145,0.276045,0.269478,0.282226,0.286355,0.299617,0.217689613
218,Ecuador,0.088761,0.091986,0.093318,0.113062,0.124673,0.138676,0.166224,0.171206,0.18075,0.198252,0.206221,0.222011,0.205834,0.220403,0.22282,0.221881,0.227206,0.237945,0.227499,0.251176,0.264,0.267294,0.249205,0.266694,0.312308,0.328942,0.341491,0.350886,0.315715,0.349807,0.371206,0.38355,0.377848,0.409954,0.403165,0.435025,0.458377,0.479111,0.513718,0.531791,0.551892,0.5722,1.26673644
222,El Salvador,0.06952,0.074321,0.07855,0.080317,0.089681,0.10356,0.106862,0.113147,0.110357,0.099952,0.107998,0.111535,0.107207,0.109429,0.104134,0.09044,0.100927,0.094169,0.096537,0.097958,0.107705,0.112426,0.118344,0.125341,0.133278,0.127374,0.140965,0.145007,0.150465,0.157416,0.16469,0.167909,0.175276,0.173852,0.178861,0.187849,0.177709,0.178467,0.167156,0.16731,0.170272,0.173569,0.093991165
320,Guatemala,0.108505,0.111895,0.116883,0.120104,0.132221,0.141413,0.149955,0.153579,0.162917,0.150481,0.146363,0.143811,0.138969,0.146835,0.149593,0.143625,0.151759,0.157855,0.163887,0.175033,0.179978,0.18983,0.189202,0.199381,0.211113,0.216991,0.227053,0.246916,0.271229,0.279376,0.285231,0.28754,0.298908,0.307842,0.309499,0.314338,0.337656,0.323595,0.371443,0.404514,0.432511,0.43935,0.486440016
332,Haiti,0.059694,0.061497,0.06307,0.065696,0.068027,0.072114,0.074273,0.077435,0.080492,0.082652,0.068804,0.071328,0.0734,0.074097,0.074671,0.058095,0.059906,0.061981,0.063169,0.061919,0.061837,0.064215,0.062052,0.056998,0.067186,0.077122,0.081263,0.081324,0.082407,0.079769,0.081501,0.091628,0.088009,0.090778,0.135155,0.139164,0.145815,0.147692,0.14983,0.150648,0.155935,0.161546,0.123966484
340,Honduras,0.055121,0.056368,0.058538,0.059451,0.061104,0.063565,0.067265,0.068997,0.07133,0.074221,0.073794,0.079877,0.078325,0.080099,0.079408,0.081481,0.085904,0.09,0.093723,0.094422,0.095248,0.099337,0.101528,0.105396,0.112056,0.112508,0.122898,0.13195,0.11601,0.118682,0.127993,0.13317,0.144759,0.156029,0.163084,0.158466,0.186088,0.184568,0.176778,0.181032,0.189142,0.201432,0.50073525
388,Jamaica,0.079774,0.101751,0.11573,0.108348,0.106412,0.0965,0.094259,0.09796,0.101392,0.090409,0.092139,0.090819,0.079422,0.079606,0.068426,0.069528,0.071396,0.072793,0.091295,0.110494,0.110909,0.116744,0.117092,0.119379,0.127061,0.133909,0.133899,0.13916,0.143244,0.151948,0.152421,0.1423,0.147937,0.149552,0.14751,0.165698,0.166675,0.140382,0.120547,0.106857,0.113895,0.111348,0.049099662
558,Nicaragua,0.048312,0.04937,0.053541,0.0562,0.058434,0.062729,0.069035,0.066713,0.056239,0.060899,0.062544,0.063972,0.066685,0.07332,0.076636,0.076635,0.077405,0.073193,0.078473,0.080118,0.085018,0.087624,0.086223,0.08714,0.089641,0.091289,0.095545,0.096076,0.097453,0.09986,0.100731,0.104401,0.106849,0.111729,0.113307,0.112469,0.114371,0.115648,0.116368,0.117361,0.121484,0.131379,0.578483455
591,Panama,0.065708,0.073987,0.080733,0.079396,0.067104,0.06647,0.065618,0.064294,0.068819,0.056044,0.059843,0.065541,0.069965,0.0641,0.061894,0.062902,0.067231,0.062618,0.058968,0.059158,0.06413,0.073104,0.074159,0.078093,0.079237,0.084696,0.088038,0.102096,0.100634,0.101938,0.111731,0.104152,0.105125,0.103687,0.114428,0.122734,0.119998,0.12114,0.133595,0.147195,0.161031,0.164753,0.349339786
600,Paraguay,0.054301,0.055702,0.060287,0.059793,0.058486,0.06219,0.067618,0.07546,0.076554,0.082719,0.082582,0.084249,0.086188,0.087782,0.089629,0.09338,0.107784,0.115215,0.125534,0.121926,0.125872,0.125356,0.130162,0.142264,0.155768,0.159401,0.173322,0.171083,0.163249,0.152815,0.15553,0.154195,0.157357,0.158855,0.157113,0.161899,0.167795,0.172829,0.178156,0.190758,0.193477,0.198279,1.817058284
604,Peru,0.362203,0.362292,0.377403,0.399256,0.410889,0.417301,0.432423,0.419722,0.418262,0.446708,0.449477,0.457585,0.420755,0.43107,0.419818,0.427582,0.439014,0.431778,0.398509,0.386256,0.378897,0.368491,0.393379,0.407503,0.435337,0.448373,0.434016,0.456526,0.486361,0.484956,0.468028,0.471133,0.46179,0.51087,0.541465,0.525662,0.568775,0.596593,0.682065,0.76229,0.818094,0.861179,5.741412779
780,Trinidad and Tobago,0.104656,0.106589,0.104706,0.106129,0.092112,0.102283,0.115873,0.139209,0.144194,0.151892,0.161273,0.16222,0.168138,0.189964,0.202004,0.21114,0.198656,0.217942,0.211617,0.237577,0.236121,0.259575,0.248421,0.249867,0.244008,0.28857,0.272024,0.315855,0.368796,0.390842,0.436213,0.474665,0.530615,0.556773,0.639338,0.713289,0.758587,0.736598,0.744618,0.795862,0.782792,0.762933,0.022908113
858,Uruguay,0.0959,0.097735,0.094705,0.093273,0.097024,0.098455,0.098495,0.100865,0.10773,0.104887,0.101087,0.089812,0.083159,0.079896,0.079273,0.081794,0.086948,0.093206,0.095644,0.089326,0.096866,0.107048,0.099899,0.095426,0.102057,0.112502,0.114301,0.117646,0.128412,0.122686,0.107595,0.100711,0.100112,0.113843,0.11734,0.126288,0.125871,0.164797,0.164057,0.162355,0.17563,0.183591,0.787220678
862,"Venezuela, Bolivarian Republic of",0.776573,0.75447,0.838832,0.97925,0.993671,1.03173,1.10587,1.18587,1.23823,1.40309,1.49481,1.49668,1.60409,1.58312,1.56797,1.63614,1.63305,1.58354,1.62218,1.7297,1.80366,2.00423,1.87896,2.16023,2.04979,2.19632,2.19185,2.30318,2.17841,2.24176,2.29901,2.28514,2.10145,2.24316,2.45931,2.65801,2.49755,2.76296,2.76347,2.98626,2.8008,3.03058,4.074365108
48,Bahrain,0.055902,0.054298,0.080743,0.090053,0.084618,0.107913,0.098511,0.100685,0.119892,0.111312,0.123141,0.138918,0.133761,0.142661,0.165039,0.186022,0.169574,0.193599,0.19553,0.2076,0.20436,0.224824,0.236942,0.251863,0.255042,0.254952,0.283791,0.299306,0.297657,0.315223,0.324286,0.336963,0.356657,0.356093,0.411276,0.440056,0.459662,0.505003,0.485178,0.494056,0.494998,0.500051,0.006381442
368,Iraq,0.16382,0.17037,0.184858,0.200961,0.241865,0.299223,0.309627,0.352733,0.420514,0.382976,0.380108,0.395401,0.476755,0.487303,0.548078,0.621498,0.619236,0.75024,0.819673,0.78204,0.651147,0.961834,1.22417,1.38704,1.37082,1.32788,1.5459,1.14458,0.880463,1.02916,1.06877,1.11223,1.07478,1.06734,1.0661,0.853239,0.940249,1.13092,1.31726,1.49044,1.58439,1.78737,4.194209775
364,Islamic Republic of Iran,0.659027,0.646485,0.819292,0.974022,1.0572,1.203,1.34677,1.30422,1.47765,1.51054,1.70083,1.98964,1.69954,1.9769,2.13456,2.14872,2.19181,2.24055,2.62918,2.75128,3.04998,3.21057,3.45679,3.83768,4.01656,3.87415,4.33519,4.41479,5.00815,4.88137,5.29573,5.47757,5.66098,6.1736,6.85099,7.16003,7.57656,8.11943,8.23336,8.2337,8.42814,8.71335,15.81446011
400,Jordan,0.019536,0.021413,0.024391,0.025761,0.029893,0.038423,0.039304,0.04821,0.049501,0.060405,0.075228,0.085567,0.092907,0.102189,0.103859,0.111414,0.118145,0.117087,0.117929,0.129922,0.134231,0.150869,0.149425,0.160191,0.170693,0.175144,0.178884,0.185057,0.184434,0.193006,0.191196,0.200799,0.205375,0.246785,0.264939,0.271926,0.286071,0.28048,0.295925,0.281892,0.280311,0.302508,0.88572492
414,Kuwait,0.24283,0.268248,0.282755,0.270229,0.257129,0.278909,0.301231,0.328416,0.413673,0.414709,0.408528,0.454871,0.483203,0.499954,0.55658,0.602672,0.655796,0.800559,0.935058,0.361491,0.106803,0.352444,0.490671,0.575443,0.590137,0.580543,0.586477,0.669573,0.71848,0.7462,0.796272,0.818965,0.873005,0.931258,1.0475,1.02296,1.04711,1.14449,1.25161,1.2778,1.2905,1.37337,0.171003446
422,Lebanon,0.07334,0.075717,0.094374,0.097023,0.085876,0.092064,0.071997,0.0858,0.092456,0.098149,0.093546,0.070877,0.076789,0.07832,0.092406,0.102533,0.105708,0.078545,0.077818,0.077531,0.095959,0.097255,0.139328,0.152664,0.175011,0.184578,0.208413,0.204808,0.214281,0.194782,0.208814,0.207475,0.207668,0.209831,0.200157,0.190341,0.167847,0.215664,0.263949,0.253249,0.251946,0.284721,0.099799991
512,Oman,0.009036,0.003452,0.003832,0.005914,0.009479,0.014986,0.029552,0.022044,0.033456,0.045667,0.038888,0.058961,0.05426,0.089211,0.083744,0.078862,0.090822,0.087611,0.101736,0.167419,0.231724,0.216551,0.235429,0.242898,0.242031,0.248844,0.267638,0.269543,0.279362,0.305561,0.337666,0.358388,0.3832,0.395942,0.441074,0.610031,0.704615,0.67973,0.680933,0.885475,1.01302,1.04433,2.038798662
634,Qatar,0.036741,0.040406,0.056844,0.048846,0.080986,0.060638,0.068874,0.064349,0.111756,0.131411,0.164528,0.190848,0.19707,0.223217,0.224068,0.238011,0.245472,0.256681,0.262998,0.258971,0.286562,0.29964,0.310911,0.312075,0.323351,0.343104,0.403725,0.42402,0.449093,0.433318,0.491705,0.541657,0.560761,0.661229,0.661258,0.777362,0.87782,0.902538,0.961598,1.11265,1.26969,1.5047,0.109751202
682,Saudi Arabia,0.291969,0.248031,0.287,0.321133,0.347951,0.403456,0.450605,0.677705,0.890803,1.23407,1.67879,1.88128,2.05693,1.81355,1.82503,1.82312,2.17931,2.4949,2.49515,2.30165,2.67927,3.05249,3.16884,3.3343,3.35326,3.58948,3.423,3.64785,3.7137,3.88301,3.98588,4.41451,4.467,4.75383,4.86287,5.38812,5.56626,6.20942,6.60976,7.35664,7.06424,7.94615,18.8140448
760,Syrian Arab Republic,0.094365,0.078547,0.08168,0.105025,0.12114,0.137189,0.152503,0.166718,0.216212,0.177179,0.211559,0.25376,0.290982,0.334932,0.310776,0.31919,0.354959,0.367642,0.369024,0.415263,0.452438,0.432853,0.435034,0.453911,0.48005,0.506844,0.550331,0.618067,0.621477,0.625547,0.62052,0.664054,0.656405,0.711737,0.825019,0.858257,0.904817,0.916633,0.842501,0.859472,0.793454,0.596179,1.777015609
784,United Arab Emirates,0.040155,0.041708,0.05178,0.053219,0.076876,0.097647,0.16298,0.189286,0.220988,0.286969,0.352002,0.383581,0.36959,0.479234,0.544306,0.618383,0.686464,0.704112,0.812916,0.810427,0.931999,0.887123,0.933019,1.03381,1.09853,1.24104,1.22516,1.2722,1.294,1.34691,1.48281,1.61052,1.59625,1.68067,1.72447,1.83177,1.99714,2.30857,2.37885,2.45064,2.5388,2.67715,0.795329159
887,Yemen,0.029177,0.022877,0.038515,0.031716,0.027418,0.033367,0.036143,0.038167,0.038816,0.050467,0.04976,0.058574,0.062098,0.065161,0.068936,0.074672,0.088527,0.094314,0.096736,0.099733,0.121375,0.132566,0.114749,0.119807,0.135599,0.13845,0.147114,0.157183,0.177416,0.188352,0.208908,0.202367,0.224843,0.24541,0.261387,0.279829,0.273841,0.283698,0.303287,0.33129,0.27478,0.274721,5.066480888
124,Canada,5.60887,6.05101,6.32284,6.41659,6.58477,6.7867,6.99627,7.19016,7.55021,7.61575,7.44082,7.14945,7.12281,7.48729,7.6579,7.79011,8.05017,8.38278,8.61902,8.27589,8.25912,8.46421,8.74273,9.05056,9.15697,9.36807,9.47811,9.40688,9.69575,9.97957,9.83477,9.85614,10.3973,10.6197,10.7428,10.7982,10.5396,10.4905,9.88966,9.97205,10.0387,9.96458,20.83410107
152,Chile,0.345373,0.350707,0.337299,0.334869,0.302848,0.320681,0.332344,0.344195,0.364003,0.376102,0.382081,0.350358,0.362254,0.381123,0.38024,0.397299,0.410071,0.464168,0.520301,0.555891,0.568418,0.614678,0.629962,0.677311,0.727801,0.80614,0.902681,0.934693,0.993107,0.998657,0.979993,1.01452,1.02507,1.09166,1.12514,1.17108,1.21482,1.20318,1.1712,1.22385,1.3362,1.47659,1.57945859
484,Mexico,1.70516,1.88623,2.08542,2.21951,2.34685,2.51135,2.71575,3.03683,3.33172,3.77414,4.02983,4.21745,3.97087,4.14895,4.30983,4.19292,4.40981,4.46367,4.66293,4.86087,5.08036,5.13754,5.15706,5.32913,5.15577,5.27713,5.43564,5.61207,5.82157,5.74612,5.89114,5.919,6.22316,6.38149,6.69374,6.78046,6.96435,7.17566,6.95483,6.99435,7.28523,7.47537,4.115940343
840,United States,62.9908,66.138,68.6441,67.1186,65.6127,70.0831,72.4083,74.5294,74.362,71.6096,69.6324,66.7286,66.7853,69.6511,70.3933,70.283,73.2798,76.1561,77.2757,75.9892,76.6069,78.1442,79.5126,80.9983,82.0311,83.8539,84.6977,85.4184,87.7284,90.2063,88.5144,89.5158,89.7232,91.5722,92.0088,91.138,92.7322,90.3546,85.9,87.9068,86.9448,84.9397,97.2585
