numcode,country,GDP1971,GDP1972,GDP1973,GDP1974,GDP1975,GDP1976,GDP1977,GDP1978,GDP1979,GDP1980,GDP1981,GDP1982,GDP1983,GDP1984,GDP1985,GDP1986,GDP1987,GDP1988,GDP1989,GDP1990,GDP1991,GDP1992,GDP1993,GDP1994,GDP1995,GDP1996,GDP1997,GDP1998,GDP1999,GDP2000,GDP2001,GDP2002,GDP2003,GDP2004,GDP2005,GDP2006,GDP2007,GDP2008,GDP2009,GDP2010,GDP2011,GDP2012,GDP2013,GDP2014,GDP2015,GDP2016,GDP2017,GDP2018,GDP2019,GDP2020,GDP2021,GDP2022,GDP2023,GDP2024,GDP2025,GDP2026,GDP2027,GDP2028,GDP2029,GDP2030,GDP2031,GDP2032,GDP2033,GDP2034,GDP2035,GDP2036,GDP2037,GDP2038,GDP2039,GDP2040
12,Algeria,0.08938,0.1139,0.11824,0.1271,0.13351,0.14471,0.15232,0.16636,0.1788,0.18021,0.18562,0.1975,0.20816,0.21982,0.22795,0.22886,0.22726,0.22499,0.23489,0.23677,0.23393,0.23814,0.23314,0.23104,0.23982,0.24965,0.2524,0.26527,0.27376,0.27978,0.29268,0.30907,0.33133,0.34557,0.36596,0.37218,0.38484,0.39254,0.39921,0.41358,0.42433,0.43834,0.448906685,0.459473371,0.488207487,0.516941603,0.545675719,0.574409835,0.60314395,0.631878066,0.660612182,0.707304573,0.753996964,0.800689355,0.847381746,0.894074137,0.940766528,0.987458919,1.03415131,1.080843701,1.127536092,1.174228483,1.220920874,1.267613265,1.314305656,1.360998047,1.407690438,1.454382829,1.50107522,1.547767611
24,Angola,0.03006,0.03051,0.03259,0.03096,0.03033,0.02722,0.02785,0.02905,0.02971,0.03042,0.02908,0.02908,0.0303,0.03212,0.03325,0.03418,0.03688,0.03894,0.0391,0.03898,0.03851,0.03586,0.027,0.02794,0.03085,0.03431,0.03702,0.03953,0.04082,0.04204,0.04382,0.04988,0.05249,0.0582,0.06883,0.08311,0.10188,0.11596,0.11876,0.1228,0.12761,0.13633,0.13961639,0.14290278,0.151839501,0.160776221,0.169712941,0.178649662,0.187586382,0.196523103,0.205459823,0.219981823,0.234503824,0.249025824,0.263547825,0.278069825,0.292591825,0.307113826,0.321635826,0.336157827,0.350679827,0.365201828,0.379723828,0.394245828,0.408767829,0.423289829,0.43781183,0.45233383,0.46685583,0.481377831
204,Benin,0.00333,0.00355,0.00368,0.0038,0.00362,0.00365,0.00383,0.00388,0.00413,0.00441,0.00485,0.00496,0.00474,0.00512,0.0055,0.00562,0.00554,0.00573,0.00556,0.00606,0.00632,0.00651,0.00689,0.00703,0.00745,0.00777,0.00822,0.00854,0.009,0.00944,0.01003,0.01047,0.01088,0.01122,0.01154,0.01197,0.01252,0.01315,0.0135,0.01385,0.01434,0.01511,0.015474244,0.015838488,0.01682898,0.017819473,0.018809965,0.019800458,0.02079095,0.021781443,0.022771935,0.024381467,0.025990998,0.02760053,0.029210061,0.030819593,0.032429124,0.034038656,0.035648187,0.037257718,0.03886725,0.040476781,0.042086313,0.043695844,0.045305376,0.046914907,0.048524439,0.05013397,0.051743502,0.053353033
72,Botswana,,,,,,,,,,,0.00386,0.00433,0.0049,0.00532,0.0057,0.00617,0.0069,0.00824,0.00932,0.00995,0.01069,0.011,0.01121,0.01162,0.01243,0.01316,0.01421,0.01432,0.0157,0.01601,0.01605,0.01703,0.01782,0.0183,0.01913,0.02065,0.02245,0.02332,0.02149,0.02334,0.02477,0.0258,0.026421938,0.027043877,0.028735122,0.030426366,0.032117611,0.033808856,0.0355001,0.037191345,0.03888259,0.04163083,0.04437907,0.047127311,0.049875551,0.052623791,0.055372032,0.058120272,0.060868513,0.063616753,0.066364993,0.069113234,0.071861474,0.074609714,0.077357955,0.080106195,0.082854436,0.085602676,0.088350916,0.091099157
120,Cameroon,0.0113,0.0116,0.01222,0.01354,0.01506,0.01423,0.01618,0.01975,0.02094,0.02053,0.02403,0.02584,0.02761,0.02968,0.03207,0.03424,0.03351,0.03088,0.03032,0.02847,0.02739,0.02654,0.02569,0.02505,0.02587,0.02717,0.02855,0.02999,0.03131,0.03262,0.0341,0.03546,0.03689,0.03826,0.03914,0.0404,0.04155,0.04305,0.04386,0.04532,0.04718,0.04934,0.050529397,0.051718794,0.054953135,0.058187477,0.061421819,0.06465616,0.067890502,0.071124843,0.074359185,0.079614928,0.084870672,0.090126415,0.095382158,0.100637902,0.105893645,0.111149389,0.116405132,0.121660876,0.126916619,0.132172362,0.137428106,0.142683849,0.147939593,0.153195336,0.15845108,0.163706823,0.168962566,0.17421831
178,Congo,0.00405,0.0044,0.00476,0.00514,0.00553,0.00558,0.00508,0.00541,0.00594,0.00699,0.00822,0.01016,0.01075,0.0115,0.01136,0.01058,0.0106,0.01079,0.01107,0.01118,0.01145,0.01175,0.01163,0.011,0.01143,0.01192,0.01185,0.01229,0.01198,0.01288,0.01337,0.01399,0.0141,0.01459,0.01572,0.0167,0.01644,0.01735,0.01865,0.02028,0.02097,0.02177,0.022294791,0.022819581,0.024246651,0.025673721,0.02710079,0.02852786,0.02995493,0.031381999,0.032809069,0.03512803,0.037446991,0.039765952,0.042084913,0.044403874,0.046722835,0.049041796,0.051360757,0.053679718,0.055998678,0.058317639,0.0606366,0.062955561,0.065274522,0.067593483,0.069912444,0.072231405,0.074550366,0.076869327
384,C“te d'Ivoire,0.02031,0.02117,0.02242,0.02339,0.02533,0.0286,0.03069,0.03404,0.03485,0.03103,0.03212,0.03218,0.03093,0.03009,0.03145,0.03247,0.03236,0.03273,0.03369,0.03332,0.03333,0.03325,0.03319,0.03346,0.03584,0.03861,0.04082,0.04276,0.04344,0.04183,0.04182,0.04123,0.04058,0.04131,0.04183,0.04212,0.04284,0.04384,0.04548,0.04657,0.04437,0.04858,0.049751076,0.050922153,0.054106675,0.057291196,0.060475718,0.06366024,0.066844762,0.070029284,0.073213806,0.078388594,0.083563381,0.088738169,0.093912956,0.099087744,0.104262531,0.109437319,0.114612106,0.119786894,0.124961681,0.130136469,0.135311256,0.140486044,0.145660831,0.150835619,0.156010406,0.161185194,0.166359981,0.171534769
180,Democratic Republic of Congo,0.02364,0.02367,0.0256,0.0264,0.02509,0.02375,0.02393,0.02266,0.02275,0.02325,0.0238,0.02369,0.02402,0.02536,0.02547,0.02668,0.02739,0.02752,0.02717,0.02539,0.02325,0.02081,0.018,0.0173,0.01742,0.01724,0.01628,0.01601,0.01533,0.01427,0.01397,0.01445,0.01529,0.01631,0.01758,0.01856,0.01972,0.02093,0.02153,0.02307,0.02466,0.02642,0.027056884,0.027693768,0.029425655,0.031157542,0.032889429,0.034621316,0.036353203,0.03808509,0.039816977,0.042631261,0.045445544,0.048259827,0.051074111,0.053888394,0.056702678,0.059516961,0.062331244,0.065145528,0.067959811,0.070774094,0.073588378,0.076402661,0.079216944,0.082031228,0.084845511,0.087659795,0.090474078,0.093288361
818,Egypt,0.097,0.09897,0.09967,0.10215,0.11128,0.12756,0.14393,0.15225,0.16144,0.17761,0.18428,0.20253,0.21752,0.23077,0.24601,0.25252,0.25888,0.2726,0.28616,0.30248,0.30574,0.31929,0.32855,0.3416,0.35746,0.3753,0.3959,0.41188,0.43703,0.46049,0.47677,0.48807,0.50366,0.52427,0.54771,0.5852,0.62668,0.67152,0.70299,0.73917,0.7522,0.76885,0.787384006,0.805918011,0.856317758,0.906717505,0.957117252,1.007516999,1.057916746,1.108316493,1.158716239,1.240614868,1.322513496,1.404412125,1.486310753,1.568209382,1.65010801,1.732006638,1.813905267,1.895803895,1.977702524,2.059601152,2.141499781,2.223398409,2.305297038,2.387195666,2.469094294,2.550992923,2.632891551,2.71479018
232,Eritrea,,,,,,,,,,,,,,,,,,,,,,0.00309,0.0035,0.00425,0.00437,0.00477,0.00515,0.00524,0.00524,0.00508,0.00552,0.00569,0.00554,0.00562,0.00576,0.00571,0.00579,0.00522,0.00543,0.00554,0.00603,0.00645,0.006605485,0.006760969,0.00718378,0.007606592,0.008029403,0.008452214,0.008875025,0.009297836,0.009720647,0.010407707,0.011094768,0.011781828,0.012468888,0.013155948,0.013843008,0.014530068,0.015217128,0.015904188,0.016591248,0.017278308,0.017965369,0.018652429,0.019339489,0.020026549,0.020713609,0.021400669,0.022087729,0.022774789
231,Ethiopia,0.02162,0.02206,0.02233,0.02263,0.02214,0.02252,0.02291,0.02151,0.02178,0.02265,0.02265,0.02286,0.02474,0.02404,0.02136,0.02342,0.02667,0.0268,0.02671,0.02743,0.02548,0.02327,0.02632,0.02716,0.02883,0.03241,0.03343,0.03227,0.03394,0.036,0.03899,0.03958,0.03872,0.04398,0.04917,0.0545,0.06075,0.0673,0.07322,0.08241,0.09162,0.09962,0.102021454,0.104422907,0.110953209,0.117483512,0.124013814,0.130544116,0.137074418,0.14360472,0.150135022,0.160746639,0.171358255,0.181969872,0.192581488,0.203193105,0.213804721,0.224416338,0.235027954,0.245639571,0.256251187,0.266862804,0.27747442,0.288086037,0.298697653,0.30930927,0.319920887,0.330532503,0.34114412,0.351755736
266,Gabon,0.00713,0.00793,0.00874,0.01219,0.01453,0.01971,0.01723,0.01309,0.01315,0.01349,0.01417,0.01373,0.0145,0.01559,0.01523,0.01511,0.01252,0.01412,0.01533,0.01613,0.01711,0.01658,0.01724,0.01788,0.01877,0.01945,0.02056,0.02128,0.01938,0.01901,0.01942,0.01937,0.01985,0.02011,0.02072,0.02097,0.02213,0.02235,0.0217,0.02316,0.0248,0.02619,0.02682134,0.02745268,0.02916949,0.0308863,0.03260311,0.03431992,0.03603673,0.03775354,0.03947035,0.042260133,0.045049917,0.0478397,0.050629484,0.053419267,0.056209051,0.058998834,0.061788618,0.064578402,0.067368185,0.070157969,0.072947752,0.075737536,0.078527319,0.081317103,0.084106886,0.08689667,0.089686453,0.092476237
288,Ghana,0.02026,0.01975,0.02032,0.02171,0.01902,0.01834,0.01876,0.02035,0.01984,0.01993,0.01923,0.0179,0.01709,0.01856,0.01951,0.02052,0.02151,0.02272,0.02387,0.02467,0.02597,0.02698,0.02829,0.02922,0.03042,0.03182,0.03316,0.03472,0.03624,0.03758,0.03909,0.04085,0.04297,0.04538,0.04805,0.05113,0.05443,0.05902,0.06138,0.06629,0.07624,0.08227,0.084253212,0.086236424,0.091629397,0.09702237,0.102415343,0.107808316,0.113201289,0.118594261,0.123987234,0.132750712,0.14151419,0.150277669,0.159041147,0.167804625,0.176568103,0.185331581,0.194095059,0.202858537,0.211622016,0.220385494,0.229148972,0.23791245,0.246675928,0.255439406,0.264202884,0.272966362,0.281729841,0.290493319
404,Kenya,0.01563,0.0183,0.01938,0.02016,0.02034,0.02078,0.02275,0.02432,0.02617,0.02763,0.02868,0.02911,0.02949,0.03001,0.0313,0.03354,0.03553,0.03774,0.03951,0.04116,0.04176,0.04142,0.04157,0.04266,0.04454,0.04639,0.04661,0.04814,0.04925,0.04955,0.05142,0.0517,0.05322,0.05594,0.05924,0.06299,0.0674,0.06843,0.0703,0.07435,0.0776,0.08117,0.083126695,0.085083391,0.090404256,0.095725122,0.101045987,0.106366853,0.111687718,0.117008584,0.122329449,0.130975754,0.13962206,0.148268365,0.15691467,0.165560975,0.17420728,0.182853585,0.19149989,0.200146195,0.2087925,0.217438805,0.22608511,0.234731416,0.243377721,0.252024026,0.260670331,0.269316636,0.277962941,0.286609246
434,Libya,0.07899,0.06864,0.06934,0.05935,0.06382,0.07829,0.08528,0.08807,0.09996,0.10066,0.08048,0.08171,0.07784,0.07138,0.07182,0.06368,0.05431,0.05842,0.06264,0.06496,0.07527,0.07315,0.0703,0.07165,0.06255,0.06417,0.06368,0.06343,0.06368,0.06603,0.06319,0.06237,0.07048,0.07358,0.08087,0.08564,0.09077,0.09422,0.0962,0.09864,0.03844,0.06777,0.069403673,0.071037346,0.075479813,0.07992228,0.084364748,0.088807215,0.093249682,0.097692149,0.102134616,0.10935354,0.116572465,0.123791389,0.131010314,0.138229238,0.145448163,0.152667087,0.159886011,0.167104936,0.17432386,0.181542785,0.188761709,0.195980634,0.203199558,0.210418483,0.217637407,0.224856331,0.232075256,0.23929418
480,Mauritius,0.00235,0.00254,0.00285,0.0031,0.00313,0.00387,0.00412,0.00428,0.00443,0.00398,0.00422,0.00445,0.00447,0.00468,0.005,0.00549,0.00598,0.00638,0.00667,0.00715,0.00746,0.00795,0.00835,0.0087,0.00907,0.00958,0.01012,0.01074,0.01102,0.01201,0.01232,0.01258,0.01304,0.01379,0.01396,0.01451,0.01537,0.01622,0.0167,0.01739,0.01806,0.01864,0.019089338,0.019538677,0.020760568,0.02198246,0.023204351,0.024426243,0.025648134,0.026870026,0.028091917,0.030077468,0.032063018,0.034048569,0.036034119,0.038019669,0.04000522,0.04199077,0.043976321,0.045961871,0.047947422,0.049932972,0.051918522,0.053904073,0.055889623,0.057875174,0.059860724,0.061846274,0.063831825,0.065817375
504,Morocco,0.03925,0.04021,0.04164,0.04397,0.04729,0.05241,0.05558,0.05682,0.05955,0.06172,0.06001,0.06578,0.06541,0.06825,0.07257,0.07859,0.07659,0.08457,0.08657,0.09006,0.09627,0.09239,0.09146,0.10093,0.09429,0.10581,0.10345,0.11137,0.11196,0.11375,0.12234,0.12639,0.13438,0.14083,0.14502,0.15628,0.16051,0.16947,0.17754,0.18401,0.19458,0.20276,0.207647761,0.212535522,0.22582687,0.239118217,0.252409565,0.265700913,0.27899226,0.292283608,0.305574956,0.327173143,0.348771329,0.370369516,0.391967703,0.41356589,0.435164076,0.456762263,0.47836045,0.499958637,0.521556823,0.54315501,0.564753197,0.586351384,0.607949571,0.629547757,0.651145944,0.672744131,0.694342318,0.715940504
508,Mozambique,0.00599,0.00619,0.00654,0.00583,0.00507,0.00483,0.00486,0.0049,0.00497,0.00518,0.00544,0.00507,0.00427,0.00399,0.00403,0.00394,0.00452,0.00489,0.00521,0.00526,0.00552,0.00524,0.00569,0.00607,0.00624,0.0067,0.00738,0.00818,0.00884,0.00894,0.01,0.01089,0.01154,0.01255,0.01364,0.01451,0.01556,0.01663,0.01768,0.01893,0.02032,0.02182,0.022345996,0.022871992,0.024302339,0.025732686,0.027163034,0.028593381,0.030023728,0.031454075,0.032884423,0.03520871,0.037532997,0.039857284,0.042181571,0.044505858,0.046830145,0.049154432,0.051478719,0.053803006,0.056127293,0.05845158,0.060775867,0.063100154,0.065424441,0.067748728,0.070073015,0.072397302,0.074721589,0.077045876
516,Namibia,,,,,,,,,,,,,,,,,,,,,0.00762,0.00817,0.00801,0.00859,0.00895,0.00923,0.00962,0.00994,0.01027,0.01063,0.01076,0.01127,0.01175,0.01319,0.01352,0.01448,0.01526,0.01577,0.0156,0.01658,0.01752,0.0184,0.018843553,0.019287106,0.020493265,0.021699424,0.022905583,0.024111742,0.025317901,0.02652406,0.027730219,0.029690204,0.03165019,0.033610175,0.03557016,0.037530146,0.039490131,0.041450117,0.043410102,0.045370087,0.047330073,0.049290058,0.051250044,0.053210029,0.055170014,0.05713,0.059089985,0.06104997,0.063009956,0.064969941
566,Nigeria,0.20523,0.21214,0.22358,0.24853,0.23554,0.25683,0.27231,0.25661,0.27395,0.28547,0.248,0.24539,0.23299,0.22828,0.24728,0.22563,0.20137,0.21656,0.23057,0.26,0.2584,0.25952,0.26494,0.26735,0.26653,0.27984,0.28768,0.2955,0.2969,0.31269,0.32648,0.33883,0.37392,0.50006,0.51729,0.55976,0.59798,0.63548,0.67955,0.73282,0.76692,0.81865,0.838384492,0.858118983,0.911783225,0.965447468,1.01911171,1.072775953,1.126440195,1.180104437,1.23376868,1.320972051,1.408175423,1.495378794,1.582582166,1.669785537,1.756988909,1.84419228,1.931395652,2.018599023,2.105802395,2.193005766,2.280209138,2.367412509,2.454615881,2.541819252,2.629022624,2.716225995,2.803429366,2.890632738
686,Senegal,0.00813,0.00864,0.00816,0.0085,0.00915,0.00996,0.00969,0.00931,0.00996,0.00963,0.01012,0.01091,0.01033,0.01072,0.01107,0.01142,0.01211,0.01204,0.01252,0.01244,0.01275,0.01291,0.01308,0.01308,0.01378,0.01406,0.01449,0.01535,0.01632,0.01685,0.01762,0.01773,0.01892,0.02003,0.02116,0.02168,0.02275,0.02358,0.02416,0.02519,0.02571,0.02659,0.027230982,0.027871965,0.029614995,0.031358026,0.033101057,0.034844088,0.036587119,0.03833015,0.04007318,0.042905572,0.045737964,0.048570356,0.051402748,0.05423514,0.057067532,0.059899924,0.062732316,0.065564708,0.0683971,0.071229492,0.074061884,0.076894275,0.079726667,0.082559059,0.085391451,0.088223843,0.091056235,0.093888627
710,South Africa,0.20021,0.20353,0.21283,0.22584,0.22967,0.23483,0.23461,0.24168,0.25085,0.26745,0.28179,0.28071,0.27553,0.28958,0.28607,0.28612,0.29213,0.3044,0.31169,0.3107,0.30753,0.30096,0.30468,0.31453,0.32433,0.3383,0.34725,0.34905,0.35728,0.37212,0.3823,0.39632,0.40801,0.42659,0.4491,0.47427,0.50058,0.51871,0.5108,0.52656,0.54477,0.55865,0.572116895,0.58558379,0.622204482,0.658825173,0.695445864,0.732066556,0.768687247,0.805307939,0.84192863,0.901436556,0.960944482,1.020452407,1.079960333,1.139468259,1.198976185,1.258484111,1.317992037,1.377499962,1.437007888,1.496515814,1.55602374,1.615531666,1.675039592,1.734547517,1.794055443,1.853563369,1.913071295,1.972579221
729,Sudan,0.02295,0.02178,0.02192,0.02443,0.02827,0.03298,0.03503,0.03296,0.0313,0.03178,0.03414,0.03618,0.03692,0.03507,0.03287,0.03465,0.03958,0.03945,0.04297,0.04062,0.04367,0.04654,0.04867,0.04916,0.05211,0.05519,0.06102,0.06365,0.06563,0.06979,0.07433,0.07911,0.08523,0.08854,0.09517,0.10475,0.11681,0.12032,0.12421,0.12853,0.12429,0.11174,0.11443362,0.11712724,0.124452034,0.131776828,0.139101622,0.146426415,0.153751209,0.161076003,0.168400797,0.180303447,0.192206098,0.204108748,0.216011398,0.227914049,0.239816699,0.251719349,0.263622,0.27552465,0.287427301,0.299329951,0.311232601,0.323135252,0.335037902,0.346940552,0.358843203,0.370745853,0.382648504,0.394551154
768,Togo,0.00266,0.00286,0.00297,0.00311,0.00319,0.00312,0.00334,0.00371,0.00352,0.00403,0.0039,0.00376,0.00355,0.00375,0.00396,0.00402,0.00404,0.00431,0.00449,0.00448,0.00445,0.00427,0.00362,0.00417,0.00449,0.00489,0.00559,0.00547,0.0056,0.00556,0.00547,0.00542,0.00568,0.00581,0.00587,0.00611,0.00625,0.00639,0.00661,0.00688,0.00721,0.00761,0.007793448,0.007976895,0.008475747,0.008974599,0.00947345,0.009972302,0.010471154,0.010970005,0.011468857,0.012279481,0.013090106,0.01390073,0.014711354,0.015521979,0.016332603,0.017143228,0.017953852,0.018764476,0.019575101,0.020385725,0.02119635,0.022006974,0.022817598,0.023628223,0.024438847,0.025249471,0.026060096,0.02687072
788,Tunisia,0.01562,0.01839,0.01827,0.01975,0.02116,0.02283,0.02361,0.02513,0.02678,0.02876,0.03035,0.0302,0.03161,0.03343,0.03532,0.03481,0.03714,0.03717,0.03782,0.04082,0.04242,0.04573,0.04673,0.04821,0.04935,0.05287,0.05575,0.05842,0.06196,0.06487,0.06806,0.06929,0.07313,0.0776,0.08072,0.08504,0.09043,0.09461,0.09749,0.10042,0.09841,0.10195,0.104407621,0.106865242,0.113548281,0.120231319,0.126914358,0.133597396,0.140280435,0.146963473,0.153646512,0.164506322,0.175366132,0.186225943,0.197085753,0.207945563,0.218805374,0.229665184,0.240524994,0.251384805,0.262244615,0.273104425,0.283964236,0.294824046,0.305683856,0.316543667,0.327403477,0.338263287,0.349123098,0.359982908
834,United Republic of Tanzania,0.01193,0.01272,0.01311,0.01344,0.01423,0.01515,0.01521,0.01539,0.01591,0.01643,0.01663,0.01664,0.01649,0.01657,0.01723,0.0182,0.01933,0.02047,0.02124,0.02274,0.02321,0.02334,0.02363,0.024,0.02485,0.02598,0.0269,0.0279,0.02925,0.03069,0.03253,0.03486,0.03726,0.04018,0.04314,0.04605,0.04934,0.05301,0.0562,0.06016,0.06403,0.06843,0.070079583,0.071729166,0.076214898,0.080700629,0.085186361,0.089672092,0.094157824,0.098643555,0.103129287,0.110418515,0.117707743,0.124996972,0.1322862,0.139575428,0.146864656,0.154153885,0.161443113,0.168732341,0.176021569,0.183310798,0.190600026,0.197889254,0.205178483,0.212467711,0.219756939,0.227046167,0.234335396,0.241624624
894,Zambia,0.01396,0.01525,0.0151,0.01607,0.01571,0.01668,0.01592,0.01601,0.01553,0.016,0.01698,0.01651,0.01618,0.01613,0.01639,0.01651,0.01695,0.01801,0.01783,0.01774,0.01774,0.01743,0.01861,0.01701,0.01653,0.01768,0.01826,0.01792,0.01832,0.01896,0.01989,0.02055,0.0216,0.02277,0.02399,0.02549,0.02706,0.02869,0.03043,0.03275,0.03499,0.03752,0.038424462,0.039328925,0.04178844,0.044247956,0.046707471,0.049166987,0.051626502,0.054086018,0.056545533,0.060542199,0.064538865,0.068535531,0.072532197,0.076528863,0.080525528,0.084522194,0.08851886,0.092515526,0.096512192,0.100508858,0.104505524,0.108502189,0.112498855,0.116495521,0.120492187,0.124488853,0.128485519,0.132482184
716,Zimbabwe,0.0025,0.0027,0.00277,0.00296,0.0029,0.00291,0.00271,0.00264,0.00273,0.00312,0.00351,0.0036,0.00366,0.00359,0.00384,0.00392,0.00397,0.00427,0.00449,0.0048,0.00507,0.00461,0.00466,0.00509,0.0051,0.00562,0.00578,0.00594,0.00589,0.00571,0.0058,0.00528,0.00438,0.00413,0.00389,0.00376,0.00362,0.00298,0.00316,0.00344,0.00376,0.00394,0.004034978,0.004129956,0.004388232,0.004646507,0.004904782,0.005163058,0.005421333,0.005679608,0.005937884,0.006357576,0.006777269,0.007196961,0.007616654,0.008036346,0.008456039,0.008875731,0.009295424,0.009715117,0.010134809,0.010554502,0.010974194,0.011393887,0.011813579,0.012233272,0.012652964,0.013072657,0.013492349,0.013912042
32,Argentina,0.22385,0.22749,0.23389,0.24683,0.24676,0.24178,0.25855,0.24689,0.27213,0.28343,0.26731,0.25406,0.2639,0.26974,0.24927,0.26891,0.27673,0.26966,0.24944,0.24346,0.2743,0.30706,0.32519,0.34417,0.33438,0.35286,0.38148,0.39617,0.38276,0.37974,0.363,0.32345,0.35203,0.38382,0.41905,0.45453,0.49386,0.52723,0.53172,0.58043,0.63191,0.65858,0.686056632,0.713533264,0.739271447,0.76500963,0.790747813,0.816485996,0.842224178,0.867962361,0.893700544,0.927239829,0.960779114,0.994318399,1.027857683,1.061396968,1.094936253,1.128475538,1.162014823,1.195554107,1.229093392,1.262632677,1.296171962,1.329711246,1.363250531,1.396789816,1.430329101,1.463868385,1.49740767,1.530946955
68,Bolivia,0.01604,0.01731,0.01831,0.01885,0.02022,0.02116,0.02221,0.02266,0.0227,0.02238,0.02245,0.02156,0.02069,0.02065,0.0203,0.01978,0.02027,0.02086,0.02165,0.02265,0.02384,0.02424,0.02527,0.02645,0.02769,0.0289,0.03033,0.03185,0.03199,0.03279,0.03334,0.03417,0.0351,0.03656,0.03818,0.04001,0.04184,0.04441,0.0459,0.04779,0.05027,0.05287,0.055075791,0.057281581,0.059347811,0.061414041,0.063480271,0.065546501,0.067612731,0.069678961,0.071745191,0.074437684,0.077130177,0.07982267,0.082515163,0.085207655,0.087900148,0.090592641,0.093285134,0.095977627,0.09867012,0.101362613,0.104055106,0.106747599,0.109440092,0.112132585,0.114825078,0.11751757,0.120210063,0.122902556
76,Brazil,0.56522,0.63335,0.72188,0.78715,0.82816,0.90924,0.95112,0.98186,1.04829,1.1438,1.09355,1.09989,1.06239,1.11837,1.20723,1.30367,1.3506,1.34921,1.39346,1.33354,1.3537,1.34738,1.41024,1.48547,1.55108,1.58443,1.6379,1.63848,1.64267,1.7134,1.73593,1.78203,1.80247,1.90546,1.9656,2.04335,2.1679,2.27997,2.27248,2.44368,2.51046,2.53237,2.499935,2.4675,2.558334286,2.649168571,2.740002857,2.830837143,2.921671429,3.012505714,3.10334,3.261773158,3.420206316,3.578639474,3.737072632,3.895505789,4.053938947,4.212372105,4.370805263,4.529238421,4.687671579,4.846104737,5.004537895,5.162971053,5.321404211,5.479837368,5.638270526,5.796703684,5.955136842,6.11357
170,Colombia,0.10051,0.10822,0.1155,0.12213,0.12488,0.1309,0.13633,0.14786,0.15582,0.16221,0.16588,0.16745,0.17011,0.17581,0.18124,0.19182,0.20213,0.21033,0.21752,0.23066,0.23592,0.24779,0.25365,0.26845,0.28242,0.28823,0.29811,0.29981,0.28721,0.2999,0.30493,0.31257,0.32482,0.34214,0.35824,0.38224,0.40861,0.42311,0.43009,0.44718,0.47689,0.49698,0.504746178,0.512512357,0.535640235,0.558768114,0.581895993,0.605023872,0.62815175,0.651279629,0.674407508,0.699717043,0.725026578,0.750336114,0.775645649,0.800955184,0.82626472,0.851574255,0.87688379,0.902193325,0.927502861,0.952812396,0.978121931,1.003431467,1.028741002,1.054050537,1.079360072,1.104669608,1.129979143,1.155288678
188,Costa Rica,0.00964,0.01043,0.01124,0.01186,0.01211,0.01278,0.01392,0.01479,0.01552,0.01563,0.01528,0.01417,0.01457,0.01548,0.01564,0.01654,0.01768,0.01836,0.01928,0.02004,0.02055,0.02243,0.0241,0.02524,0.02623,0.02646,0.02793,0.03028,0.03277,0.03336,0.03372,0.0347,0.03692,0.03849,0.04076,0.04434,0.04786,0.04916,0.04866,0.05107,0.05334,0.05608,0.056956348,0.057832695,0.060442481,0.063052267,0.065662053,0.068271839,0.070881625,0.073491411,0.076101197,0.078957165,0.081813132,0.0846691,0.087525067,0.090381035,0.093237002,0.09609297,0.098948937,0.101804905,0.104660873,0.10751684,0.110372808,0.113228775,0.116084743,0.11894071,0.121796678,0.124652645,0.127508613,0.13036458
192,Cuba,0.02079,0.02179,0.02254,0.02276,0.02492,0.02627,0.02856,0.03044,0.03077,0.02928,0.03505,0.03817,0.04024,0.04343,0.04412,0.04416,0.0431,0.0447,0.045,0.04368,0.03901,0.03449,0.02936,0.02957,0.03029,0.03267,0.03358,0.03363,0.03571,0.03783,0.03903,0.03959,0.04109,0.04346,0.04833,0.05416,0.05809,0.06048,0.06136,0.06263,0.06357,0.06452,0.065528237,0.066536475,0.069539032,0.072541589,0.075544146,0.078546702,0.081549259,0.084551816,0.087554373,0.090840162,0.09412595,0.097411739,0.100697528,0.103983316,0.107269105,0.110554893,0.113840682,0.117126471,0.120412259,0.123698048,0.126983836,0.130269625,0.133555414,0.136841202,0.140126991,0.143412779,0.146698568,0.149984357
214,Dominican Republic,0.01357,0.01498,0.01692,0.01793,0.01886,0.02013,0.02114,0.02159,0.02257,0.02436,0.02541,0.02584,0.02703,0.02737,0.02679,0.02774,0.03054,0.0312,0.03257,0.0308,0.03109,0.03435,0.03684,0.03768,0.03975,0.04259,0.046,0.04922,0.05253,0.0555,0.0565,0.05978,0.05962,0.06041,0.066,0.07304,0.07923,0.0834,0.08628,0.09297,0.09713,0.10091,0.102486895,0.104063789,0.108759822,0.113455854,0.118151887,0.122847919,0.127543952,0.132239984,0.136936017,0.142075027,0.147214037,0.152353047,0.157492057,0.162631067,0.167770077,0.172909087,0.178048097,0.183187107,0.188326117,0.193465127,0.198604137,0.203743147,0.208882157,0.214021167,0.219160177,0.224299187,0.229438197,0.234577207
218,Ecuador,0.02798,0.02939,0.03349,0.03724,0.04133,0.04438,0.0451,0.04767,0.04945,0.05128,0.05416,0.05449,0.05431,0.05574,0.05793,0.05994,0.05978,0.0633,0.06394,0.06629,0.06914,0.0706,0.07199,0.07506,0.07675,0.07808,0.08146,0.08412,0.08013,0.08101,0.08426,0.08771,0.0901,0.0975,0.10266,0.10718,0.10952,0.11649,0.11715,0.12061,0.13006,0.13672,0.138856488,0.140992976,0.147355493,0.15371801,0.160080527,0.166443043,0.17280556,0.179168077,0.185530594,0.192493288,0.199455982,0.206418676,0.21338137,0.220344064,0.227306758,0.234269452,0.241232146,0.24819484,0.255157534,0.262120228,0.269082922,0.276045616,0.28300831,0.289971004,0.296933698,0.303896392,0.310859086,0.31782178
222,El Salvador,0.01831,0.01943,0.02037,0.02146,0.02209,0.0232,0.02477,0.02609,0.025,0.02206,0.01975,0.01851,0.01879,0.01904,0.01916,0.0192,0.01968,0.02005,0.02024,0.02122,0.02198,0.02364,0.02538,0.02691,0.02863,0.02912,0.03036,0.0315,0.03258,0.03329,0.03385,0.03465,0.03544,0.0361,0.03739,0.03885,0.04034,0.04085,0.03957,0.04011,0.041,0.04179,0.042443042,0.043096083,0.045040858,0.046985632,0.048930407,0.050875181,0.052819956,0.05476473,0.056709505,0.05883773,0.060965956,0.063094181,0.065222407,0.067350632,0.069478858,0.071607083,0.073735308,0.075863534,0.077991759,0.080119985,0.08224821,0.084376436,0.086504661,0.088632887,0.090761112,0.092889337,0.095017563,0.097145788
320,Guatemala,0.02352,0.02525,0.02696,0.02868,0.02924,0.0314,0.03385,0.03554,0.03721,0.03861,0.03886,0.03749,0.03653,0.03671,0.03648,0.03654,0.03783,0.0393,0.04085,0.04212,0.04366,0.04577,0.04757,0.04949,0.05194,0.05348,0.05581,0.0586,0.06085,0.06305,0.06452,0.06701,0.06871,0.07087,0.07318,0.07712,0.08198,0.08467,0.08512,0.08756,0.09127,0.09397,0.095438445,0.09690689,0.101279957,0.105653024,0.11002609,0.114399157,0.118772224,0.123145291,0.127518358,0.132303937,0.137089516,0.141875095,0.146660674,0.151446253,0.156231832,0.161017411,0.16580299,0.170588569,0.175374147,0.180159726,0.184945305,0.189730884,0.194516463,0.199302042,0.204087621,0.2088732,0.213658779,0.218444358
332,Haiti,0.00967,0.00981,0.00992,0.01055,0.01031,0.01119,0.01124,0.01178,0.01264,0.0136,0.01374,0.01335,0.01315,0.01318,0.01328,0.01332,0.01326,0.01333,0.01318,0.01312,0.01329,0.01258,0.0119,0.01048,0.01152,0.01199,0.01232,0.01258,0.01292,0.01304,0.0129,0.01287,0.01291,0.01246,0.01268,0.01297,0.0134,0.01352,0.01391,0.01315,0.01389,0.01428,0.01450315,0.0147263,0.015390846,0.016055392,0.016719938,0.017384484,0.01804903,0.018713576,0.019378122,0.020105355,0.020832588,0.021559821,0.022287054,0.023014286,0.023741519,0.024468752,0.025195985,0.025923218,0.02665045,0.027377683,0.028104916,0.028832149,0.029559382,0.030286614,0.031013847,0.03174108,0.032468313,0.033195546
340,Honduras,0.00678,0.00717,0.00773,0.00764,0.0078,0.00862,0.00951,0.01047,0.01095,0.01103,0.01131,0.01115,0.01105,0.01153,0.01201,0.0121,0.01283,0.01342,0.014,0.01401,0.01447,0.01528,0.01623,0.01602,0.01667,0.01727,0.01813,0.01866,0.01831,0.01936,0.01989,0.02063,0.02157,0.02291,0.0243,0.0259,0.0275,0.02866,0.02797,0.02901,0.03012,0.03129,0.031778961,0.032267922,0.033724059,0.035180197,0.036636335,0.038092472,0.03954861,0.041004748,0.042460886,0.044054381,0.045647876,0.047241372,0.048834867,0.050428363,0.052021858,0.053615354,0.055208849,0.056802344,0.05839584,0.059989335,0.061582831,0.063176326,0.064769822,0.066363317,0.067956812,0.069550308,0.071143803,0.072737299
388,Jamaica,0.01207,0.01424,0.01346,0.01289,0.01286,0.012,0.01168,0.01168,0.01155,0.01089,0.01118,0.01141,0.01163,0.01145,0.01111,0.01132,0.01221,0.0127,0.01361,0.01418,0.01487,0.01516,0.01658,0.01681,0.01721,0.01719,0.01699,0.0166,0.01677,0.01692,0.01715,0.01731,0.01818,0.01844,0.01863,0.01913,0.0194,0.0193,0.01871,0.0186,0.01888,0.01907,0.019368002,0.019666004,0.020553461,0.021440919,0.022328377,0.023215834,0.024103292,0.024990749,0.025878207,0.026849378,0.02782055,0.028791721,0.029762893,0.030734064,0.031705236,0.032676408,0.033647579,0.034618751,0.035589922,0.036561094,0.037532265,0.038503437,0.039474608,0.04044578,0.041416952,0.042388123,0.043359295,0.044330466
558,Nicaragua,0.01246,0.01274,0.01356,0.01548,0.01546,0.01626,0.01762,0.01624,0.01194,0.01249,0.01316,0.01305,0.01366,0.01344,0.01289,0.01276,0.01267,0.0111,0.01091,0.0109,0.01088,0.01092,0.01088,0.01124,0.0119,0.01266,0.01316,0.01365,0.01461,0.01521,0.01566,0.01578,0.01617,0.01703,0.01776,0.0185,0.01943,0.02021,0.01977,0.02048,0.0216,0.02272,0.02307504,0.023430079,0.024487396,0.025544713,0.02660203,0.027659347,0.028716664,0.029773981,0.030831298,0.031988352,0.033145406,0.03430246,0.035459514,0.036616568,0.037773622,0.038930675,0.040087729,0.041244783,0.042401837,0.043558891,0.044715945,0.045872999,0.047030053,0.048187107,0.04934416,0.050501214,0.051658268,0.052815322
591,Panama,0.00971,0.01015,0.0107,0.01097,0.01114,0.01132,0.01145,0.01257,0.01314,0.01328,0.0145,0.01528,0.01459,0.01499,0.01573,0.01629,0.01599,0.01385,0.01407,0.01521,0.01664,0.01801,0.01899,0.01953,0.01987,0.02043,0.02175,0.02335,0.02426,0.02492,0.02507,0.02562,0.0267,0.02871,0.03078,0.0334,0.03745,0.04123,0.04282,0.04602,0.05101,0.05645,0.05733213,0.058214259,0.060841264,0.063468268,0.066095273,0.068722278,0.071349282,0.073976287,0.076603292,0.079478102,0.082352912,0.085227723,0.088102533,0.090977343,0.093852154,0.096726964,0.099601775,0.102476585,0.105351395,0.108226206,0.111101016,0.113975827,0.116850637,0.119725447,0.122600258,0.125475068,0.128349879,0.131224689
600,Paraguay,0.00706,0.00753,0.00808,0.00875,0.00935,0.01006,0.01121,0.01256,0.01405,0.0157,0.01714,0.0169,0.01638,0.01685,0.01761,0.01848,0.01988,0.02106,0.02252,0.02345,0.02427,0.02468,0.0259,0.02727,0.02914,0.02959,0.03085,0.03087,0.03045,0.02974,0.0295,0.02949,0.03076,0.03201,0.0327,0.03427,0.03612,0.03842,0.0369,0.04173,0.04354,0.04301,0.043682106,0.044354212,0.046355762,0.048357311,0.050358861,0.05236041,0.05436196,0.056363509,0.058365059,0.060555415,0.062745771,0.064936127,0.067126483,0.069316839,0.071507195,0.073697551,0.075887907,0.078078263,0.080268619,0.082458975,0.08464933,0.086839686,0.089030042,0.091220398,0.093410754,0.09560111,0.097791466,0.099981822
604,Peru,0.08412,0.08653,0.09118,0.09962,0.10301,0.10503,0.10545,0.10575,0.11188,0.11532,0.1236,0.12286,0.10836,0.114,0.11719,0.12891,0.13922,0.12711,0.11224,0.10646,0.10877,0.1083,0.11346,0.12801,0.13903,0.14253,0.15232,0.15131,0.1527,0.1572,0.15754,0.16545,0.17212,0.18069,0.19302,0.20796,0.22641,0.24851,0.2508,0.27285,0.29169,0.31015,0.314996634,0.319843268,0.334276669,0.34871007,0.363143471,0.377576872,0.392010273,0.406443674,0.420877075,0.436671981,0.452466887,0.468261793,0.484056699,0.499851604,0.51564651,0.531441416,0.547236322,0.563031228,0.578826134,0.59462104,0.610415946,0.626210852,0.642005758,0.657800664,0.67359557,0.689390476,0.705185382,0.720980288
780,Trinidad and Tobago,0.01112,0.01176,0.01196,0.01241,0.0126,0.0134,0.01462,0.01609,0.01667,0.0184,0.01924,0.02002,0.01818,0.01713,0.01643,0.01589,0.01516,0.01457,0.01445,0.01467,0.01506,0.01481,0.0146,0.01512,0.01571,0.01633,0.01678,0.01808,0.01887,0.02003,0.02085,0.02252,0.02577,0.02781,0.02941,0.03345,0.03504,0.03623,0.03464,0.03471,0.03416,0.03468,0.035221935,0.035763871,0.037377768,0.038991666,0.040605564,0.042219461,0.043833359,0.045447257,0.047061154,0.048827291,0.050593428,0.052359565,0.054125701,0.055891838,0.057657975,0.059424112,0.061190249,0.062956386,0.064722522,0.066488659,0.068254796,0.070020933,0.07178707,0.073553207,0.075319343,0.07708548,0.078851617,0.080617754
858,Uruguay,0.01955,0.01929,0.01934,0.0199,0.02111,0.02195,0.02226,0.02346,0.02492,0.02637,0.02678,0.02417,0.02169,0.02144,0.02175,0.02367,0.02556,0.02594,0.02623,0.0263,0.02723,0.02939,0.03018,0.03237,0.0319,0.03368,0.03656,0.03821,0.03747,0.03675,0.03534,0.03261,0.03287,0.03451,0.03709,0.03861,0.04113,0.04408,0.04507,0.04911,0.05231,0.05437,0.055219626,0.056069252,0.05859946,0.061129668,0.063659876,0.066190084,0.068720292,0.0712505,0.073780708,0.076549591,0.079318474,0.082087357,0.08485624,0.087625122,0.090394005,0.093162888,0.095931771,0.098700654,0.101469537,0.10423842,0.107007303,0.109776186,0.112545069,0.115313952,0.118082835,0.120851718,0.1236206,0.126389483
862,Venezuela,0.18347,0.18582,0.19903,0.20315,0.20903,0.22519,0.23931,0.24493,0.2468,0.23589,0.23503,0.23016,0.2215,0.22469,0.22513,0.23978,0.24837,0.26283,0.24031,0.25585,0.28074,0.29776,0.29858,0.29156,0.30308,0.30248,0.32175,0.3227,0.30343,0.31462,0.3253,0.29649,0.2735,0.32351,0.35689,0.39212,0.42645,0.44896,0.43458,0.42811,0.44599,0.47108,0.478441446,0.485802891,0.507725466,0.52964804,0.551570615,0.57349319,0.595415764,0.617338339,0.639260913,0.663251448,0.687241983,0.711232517,0.735223052,0.759213586,0.783204121,0.807194656,0.83118519,0.855175725,0.879166259,0.903156794,0.927147329,0.951137863,0.975128398,0.999118932,1.023109467,1.047100002,1.071090536,1.095081071
48,Bahrain,0.00444,0.00453,0.00439,0.00749,0.00822,0.01018,0.01167,0.01262,0.01248,0.01341,0.0127,0.01174,0.01249,0.01312,0.01249,0.01264,0.01395,0.01493,0.01498,0.01565,0.01741,0.01857,0.02096,0.02091,0.02173,0.02262,0.02332,0.02444,0.02549,0.02684,0.02751,0.02851,0.03022,0.03233,0.03452,0.03675,0.0398,0.04228,0.04336,0.04524,0.04619,0.04776,0.042610074,0.037460148,0.039181541,0.040902933,0.042624326,0.044345718,0.04606711,0.047788503,0.049509895,0.051947742,0.054385588,0.056823435,0.059261281,0.061699128,0.064136974,0.066574821,0.069012667,0.071450514,0.073888361,0.076326207,0.078764054,0.0812019,0.083639747,0.086077593,0.08851544,0.090953286,0.093391133,0.09582898
368,Iraq,0.49718,0.47023,0.548,0.57196,0.63195,0.71879,0.76536,0.84566,1.15857,0.95061,0.57371,0.50113,0.70986,0.71007,0.60834,0.49123,0.48396,0.43557,0.46824,0.32449,0.1603,0.18399,0.12824,0.12937,0.1242,0.12681,0.15849,0.21364,0.26662,0.25516,0.26104,0.24303,0.16259,0.25064,0.26167,0.28825,0.29222,0.31153,0.32963,0.35237,0.38602,0.42188,0.376388989,0.330897978,0.346103611,0.361309243,0.376514876,0.391720508,0.406926141,0.422131773,0.437337406,0.458871717,0.480406028,0.501940339,0.523474651,0.545008962,0.566543273,0.588077584,0.609611896,0.631146207,0.652680518,0.674214829,0.695749141,0.717283452,0.738817763,0.760352074,0.781886386,0.803420697,0.824955008,0.84648932
364,Islamic Republic of Iran,0.28892,0.33598,0.35457,0.38784,0.41016,0.48288,0.4766,0.44095,0.40954,0.35536,0.33689,0.38054,0.42851,0.42177,0.43048,0.391,0.38551,0.36123,0.38355,0.43604,0.49096,0.51183,0.50377,0.502,0.51532,0.55191,0.57059,0.58623,0.59756,0.6283,0.65135,0.70031,0.75013,0.78827,0.82471,0.87332,0.94166,0.94712,0.98444,1.04242,1.07369,1.05329,0.939714512,0.826139024,0.864102285,0.902065546,0.940028808,0.977992069,1.01595533,1.053918592,1.091881853,1.145645659,1.199409466,1.253173272,1.306937079,1.360700885,1.414464692,1.468228499,1.521992305,1.575756112,1.629519918,1.683283725,1.737047531,1.790811338,1.844575144,1.898338951,1.952102757,2.005866564,2.05963037,2.113394177
400,Jordan,0.00804,0.0085,0.00794,0.00794,0.00787,0.00979,0.01043,0.01261,0.01377,0.01638,0.01715,0.01842,0.01879,0.02041,0.02112,0.0226,0.02325,0.02282,0.01975,0.01994,0.02031,0.0241,0.02521,0.02647,0.02811,0.02869,0.02964,0.03053,0.03157,0.0329,0.03464,0.03664,0.03817,0.04144,0.04481,0.04845,0.05241,0.0562,0.05928,0.06065,0.06222,0.06387,0.056982945,0.050095889,0.052397927,0.054699965,0.057002003,0.059304041,0.061606079,0.063908117,0.066210155,0.069470315,0.072730476,0.075990636,0.079250796,0.082510957,0.085771117,0.089031277,0.092291438,0.095551598,0.098811759,0.102071919,0.105332079,0.10859224,0.1118524,0.11511256,0.118372721,0.121632881,0.124893042,0.128153202
414,Kuwait,0.11616,0.12127,0.11544,0.10441,0.09606,0.1048,0.10469,0.11239,0.12803,0.10164,0.0823,0.07216,0.07968,0.08385,0.08028,0.08716,0.09425,0.08478,0.10674,0.09231,0.05442,0.08209,0.11,0.11928,0.12507,0.12583,0.12894,0.13366,0.13127,0.13744,0.13844,0.14259,0.16729,0.18529,0.20396,0.2193,0.23244,0.2382,0.22135,0.2161,0.22972,0.24393,0.217627207,0.191324414,0.200116274,0.208908134,0.217699994,0.226491854,0.235283715,0.244075575,0.252867435,0.265318522,0.277769609,0.290220695,0.302671782,0.315122869,0.327573956,0.340025043,0.35247613,0.364927217,0.377378304,0.389829391,0.402280478,0.414731565,0.427182651,0.439633738,0.452084825,0.464535912,0.476986999,0.489438086
422,Lebanon,0.02981,0.03344,0.03501,0.03619,0.02923,0.01257,0.02304,0.02234,0.02444,0.02481,0.02494,0.01577,0.01935,0.02795,0.03475,0.03239,0.03781,0.02715,0.01562,0.01977,0.02732,0.02855,0.03055,0.03299,0.03515,0.03695,0.03611,0.0374,0.03724,0.03774,0.03923,0.04055,0.04186,0.04499,0.04544,0.04572,0.04915,0.0537,0.05827,0.06235,0.06422,0.06512,0.058098158,0.051076316,0.053423407,0.055770499,0.05811759,0.060464681,0.062811772,0.065158863,0.067505954,0.070829919,0.074153884,0.077477849,0.080801814,0.084125779,0.087449744,0.090773709,0.094097674,0.097421639,0.100745604,0.104069569,0.107393534,0.110717499,0.114041464,0.117365429,0.120689394,0.124013359,0.127337324,0.130661289
512,Oman,0.01182,0.01298,0.01113,0.01241,0.01544,0.01861,0.0188,0.0181,0.01889,0.02003,0.02344,0.02615,0.03051,0.03561,0.0406,0.04141,0.03998,0.04237,0.04735,0.04729,0.05016,0.05438,0.05767,0.0599,0.0629,0.06481,0.06872,0.07054,0.07045,0.07426,0.07981,0.08186,0.08211,0.0849,0.08829,0.09314,0.09948,0.11221,0.11345,0.1198,0.12519,0.13145,0.117275843,0.103101686,0.107839479,0.112577273,0.117315067,0.122052861,0.126790654,0.131528448,0.136266242,0.142975934,0.149685627,0.15639532,0.163105013,0.169814706,0.176524399,0.183234091,0.189943784,0.196653477,0.20336317,0.210072863,0.216782556,0.223492248,0.230201941,0.236911634,0.243621327,0.25033102,0.257040713,0.263750405
634,Qatar,0.03176,0.03586,0.04231,0.03822,0.03218,0.0372,0.03317,0.03631,0.0378,0.03742,0.03597,0.03301,0.03125,0.03625,0.03153,0.03269,0.03299,0.03454,0.03637,0.03104,0.03025,0.03272,0.03257,0.0332,0.03441,0.03703,0.04756,0.05186,0.05471,0.0607,0.06272,0.06719,0.06954,0.0829,0.08911,0.11243,0.13265,0.15608,0.17475,0.20398,0.23278,0.24721,0.220553527,0.193897054,0.202807134,0.211717213,0.220627293,0.229537373,0.238447452,0.247357532,0.256267612,0.268886122,0.281504632,0.294123142,0.306741653,0.319360163,0.331978673,0.344597183,0.357215693,0.369834204,0.382452714,0.395071224,0.407689734,0.420308244,0.432926755,0.445545265,0.458163775,0.470782285,0.483400795,0.496019306
682,Saudi Arabia,0.18672,0.23058,0.28965,0.36929,0.38859,0.43801,0.46869,0.46412,0.50973,0.54296,0.56843,0.50534,0.46382,0.4495,0.43006,0.45195,0.43395,0.46963,0.46993,0.50906,0.55541,0.58112,0.58127,0.58514,0.58631,0.60615,0.62187,0.63949,0.63471,0.66558,0.66923,0.67008,0.72562,0.78817,0.84536,0.8925,0.94598,1.0257,1.04446,1.12211,1.21828,1.28072,1.142620902,1.004521804,1.050682223,1.096842642,1.143003061,1.189163481,1.2353239,1.281484319,1.327644738,1.393017411,1.458390084,1.523762756,1.589135429,1.654508101,1.719880774,1.785253446,1.850626119,1.915998792,1.981371464,2.046744137,2.112116809,2.177489482,2.242862155,2.308234827,2.3736075,2.438980172,2.504352845,2.569725517
760,Syrian Arab Republic,0.01256,0.01571,0.01437,0.01783,0.02131,0.02365,0.02335,0.02539,0.02631,0.02946,0.03226,0.03295,0.03342,0.03206,0.03402,0.03233,0.03295,0.03732,0.03398,0.03658,0.03947,0.04478,0.0471,0.0507,0.05362,0.05598,0.05699,0.0606,0.05845,0.06005,0.06317,0.0669,0.0673,0.07194,0.0764,0.08022,0.0848,0.08861,0.09393,0.09693,0.095,0.076,0.067804976,0.059609951,0.062349186,0.06508842,0.067827654,0.070566888,0.073306122,0.076045356,0.07878459,0.08266391,0.086543231,0.090422551,0.094301871,0.098181192,0.102060512,0.105939832,0.109819153,0.113698473,0.117577793,0.121457113,0.125336434,0.129215754,0.133095074,0.136974395,0.140853715,0.144733035,0.148612356,0.152491676
784,United Arab Emirates,0.03271,0.03786,0.06922,0.07926,0.08419,0.09811,0.11914,0.11725,0.14178,0.17563,0.18381,0.17146,0.16332,0.16988,0.16378,0.13928,0.14399,0.14022,0.15752,0.18639,0.18799,0.19428,0.19673,0.2103,0.22436,0.23737,0.25681,0.25756,0.26504,0.2938,0.29791,0.30516,0.33202,0.36378,0.38144,0.41897,0.43231,0.44611,0.42468,0.43177,0.44852,0.4681,0.41762512,0.367150241,0.38402176,0.400893279,0.417764799,0.434636318,0.451507837,0.468379357,0.485250876,0.509144427,0.533037977,0.556931528,0.580825078,0.604718629,0.628612179,0.65250573,0.67639928,0.700292831,0.724186381,0.748079932,0.771973482,0.795867033,0.819760584,0.843654134,0.867547685,0.891441235,0.915334786,0.939228336
887,Yemen,0.0086,0.00933,0.01034,0.01104,0.01218,0.01389,0.01528,0.01924,0.02044,0.02134,0.02589,0.02775,0.02866,0.0295,0.0305,0.0315,0.03267,0.0344,0.0355,0.03596,0.03823,0.04137,0.04302,0.04591,0.04852,0.05076,0.05342,0.05663,0.05877,0.0624,0.06477,0.06732,0.06984,0.07262,0.07668,0.07911,0.08175,0.08473,0.08801,0.09479,0.08486,0.08497,0.075807747,0.066645494,0.06970803,0.072770566,0.075833102,0.078895638,0.081958173,0.085020709,0.088083245,0.092420427,0.096757609,0.101094792,0.105431974,0.109769156,0.114106338,0.11844352,0.122780703,0.127117885,0.131455067,0.135792249,0.140129431,0.144466614,0.148803796,0.153140978,0.15747816,0.161815342,0.166152525,0.170489707
50,Bangladesh,0.06183,0.05319,0.05496,0.06023,0.05777,0.06104,0.06267,0.0671,0.07033,0.0709,0.0736,0.07535,0.07837,0.08243,0.08509,0.08871,0.09202,0.094,0.09646,0.10219,0.1056,0.11092,0.116,0.12074,0.12668,0.13254,0.13968,0.14698,0.15414,0.1633,0.17191,0.1795,0.18894,0.20079,0.21274,0.22685,0.24143,0.25637,0.27109,0.28755,0.30683,0.32596,0.310889606,0.295819212,0.314180573,0.332541935,0.350903297,0.369264658,0.38762602,0.405987382,0.424348743,0.451884528,0.479420312,0.506956097,0.534491881,0.562027666,0.58956345,0.617099235,0.644635019,0.672170804,0.699706588,0.727242373,0.754778157,0.782313942,0.809849726,0.837385511,0.864921295,0.89245708,0.919992864,0.947528649
96,Brunei Darussalam,0.01058,0.01143,0.01234,0.01291,0.01296,0.01557,0.01727,0.01844,0.0226,0.02102,0.01685,0.01752,0.01761,0.01772,0.01745,0.01698,0.01732,0.01751,0.01732,0.01751,0.01806,0.01892,0.01898,0.01957,0.02045,0.02104,0.02073,0.02061,0.02124,0.02185,0.02245,0.02332,0.02399,0.02411,0.02421,0.02527,0.02531,0.02482,0.02438,0.02502,0.02557,0.02612,0.024912371,0.023704742,0.025176085,0.026647427,0.02811877,0.029590112,0.031061454,0.032532797,0.034004139,0.036210651,0.038417163,0.040623675,0.042830188,0.0450367,0.047243212,0.049449724,0.051656236,0.053862748,0.05606926,0.058275772,0.060482285,0.062688797,0.064895309,0.067101821,0.069308333,0.071514845,0.073721357,0.075927869
116,Cambodia,,,,,,,,,,,,,,,,,,,,,,,,,0.01047,0.01104,0.01166,0.01225,0.0137,0.01491,0.0161,0.01718,0.01864,0.02057,0.0233,0.0258,0.02844,0.03034,0.03037,0.03218,0.03445,0.03696,0.035251196,0.033542392,0.035624353,0.037706313,0.039788274,0.041870235,0.043952196,0.046034156,0.048116117,0.051238349,0.05436058,0.057482812,0.060605043,0.063727275,0.066849506,0.069971738,0.07309397,0.076216201,0.079338433,0.082460664,0.085582896,0.088705127,0.091827359,0.09494959,0.098071822,0.101194053,0.104316285,0.107438517
158,Chinese Taipei,0.05089,0.05812,0.06693,0.0759,0.07734,0.08178,0.09449,0.10603,0.12256,0.13324,0.14184,0.14747,0.15974,0.17463,0.18174,0.20173,0.22328,0.23572,0.25995,0.27781,0.29972,0.32237,0.34407,0.37019,0.3938,0.41561,0.43836,0.45356,0.48064,0.5085,0.5001,0.52643,0.54574,0.57953,0.60678,0.63977,0.67805,0.683,0.67063,0.74255,0.77251,0.80017,0.763175039,0.726180079,0.771253741,0.816327402,0.861401064,0.906474726,0.951548387,0.996622049,1.041695711,1.109290841,1.176885971,1.244481102,1.312076232,1.379671362,1.447266493,1.514861623,1.582456753,1.650051884,1.717647014,1.785242144,1.852837275,1.920432405,1.988027535,2.055622666,2.123217796,2.190812926,2.258408056,2.326003187
408,Dem. People's Republic of Korea,0.02872,0.0326,0.03648,0.04037,0.04502,0.05045,0.05666,0.06364,0.07063,0.07762,0.08538,0.09392,0.10323,0.11332,0.12419,0.12884,0.13738,0.14514,0.15368,0.14799,0.1403,0.12964,0.12406,0.12183,0.11623,0.11192,0.10432,0.10317,0.10317,0.10317,0.10007,0.10187,0.10371,0.10558,0.10748,0.10941,0.10821,0.10572,0.10963,0.09976,0.10126,0.10278,0.098028082,0.093276164,0.099065773,0.104855381,0.11064499,0.116434598,0.122224206,0.128013815,0.133803423,0.142485863,0.151168302,0.159850741,0.168533181,0.17721562,0.185898059,0.194580499,0.203262938,0.211945377,0.220627817,0.229310256,0.237992695,0.246675135,0.255357574,0.264040013,0.272722453,0.281404892,0.290087331,0.298769771
356,India,0.61804,0.61462,0.63488,0.6424,0.70118,0.71284,0.76456,0.80823,0.76589,0.81748,0.86658,0.8967,0.96206,0.99882,1.0513,1.10152,1.1452,1.25545,1.33012,1.40372,1.41856,1.49633,1.56742,1.67179,1.79842,1.93419,2.01252,2.13698,2.32602,2.41536,2.53187,2.62819,2.83477,3.05937,3.34343,3.65316,4.01122,4.16729,4.52067,4.98449,5.31538,5.56713,5.45547,5.34381,5.781821429,6.219832857,6.657844286,7.095855714,7.533867143,7.971878571,8.40989,9.276685263,10.14348053,11.01027579,11.87707105,12.74386632,13.61066158,14.47745684,15.34425211,16.21104737,17.07784263,17.94463789,18.81143316,19.67822842,20.54502368,21.41181895,22.27861421,23.14540947,24.01220474,24.879
360,Indonesia,0.18501,0.19959,0.2191,0.23719,0.25186,0.26694,0.28999,0.31669,0.33915,0.36874,0.39879,0.40319,0.43726,0.46862,0.48492,0.51384,0.54107,0.57546,0.62774,0.68425,0.74534,0.79915,0.85712,0.92175,0.99915,1.07551,1.12606,0.97824,0.98598,1.03449,1.07218,1.12043,1.17399,1.23305,1.30324,1.37493,1.46217,1.5501,1.62185,1.72279,1.83461,1.94884,1.858737573,1.768635146,1.878413512,1.988191878,2.097970243,2.207748609,2.317526975,2.42730534,2.537083706,2.701713839,2.866343973,3.030974106,3.195604239,3.360234373,3.524864506,3.689494639,3.854124772,4.018754906,4.183385039,4.348015172,4.512645306,4.677275439,4.841905572,5.006535706,5.171165839,5.335795972,5.500426105,5.665056239
458,Malaysia,0.0459,0.05021,0.05609,0.06075,0.06124,0.06832,0.07362,0.07851,0.08585,0.09224,0.09865,0.10451,0.11104,0.11966,0.11832,0.11968,0.12613,0.13866,0.15122,0.16485,0.18058,0.19663,0.21608,0.23599,0.25919,0.28511,0.30599,0.28347,0.30087,0.32752,0.32922,0.34697,0.36705,0.39195,0.41285,0.4359,0.46336,0.48575,0.4784,0.51392,0.54027,0.57074,0.544352478,0.517964955,0.550114801,0.582264646,0.614414491,0.646564336,0.678714182,0.710864027,0.743013872,0.791227682,0.839441493,0.887655303,0.935869114,0.984082924,1.032296734,1.080510545,1.128724355,1.176938166,1.225151976,1.273365787,1.321579597,1.369793407,1.418007218,1.466221028,1.514434839,1.562648649,1.610862459,1.65907627
496,Mongolia,,,,,,,,,,,,,,,0.00698,0.00764,0.0079,0.00831,0.00865,0.00838,0.00765,0.00694,0.00672,0.00687,0.0073,0.00747,0.00776,0.00802,0.00826,0.00836,0.0086,0.00901,0.00964,0.01067,0.01144,0.01242,0.01369,0.01491,0.01472,0.01566,0.0184,0.02066,0.019704808,0.018749616,0.019913396,0.021077176,0.022240956,0.023404736,0.024568516,0.025732296,0.026896076,0.02864135,0.030386623,0.032131896,0.03387717,0.035622443,0.037367717,0.03911299,0.040858263,0.042603537,0.04434881,0.046094083,0.047839357,0.04958463,0.051329903,0.053075177,0.05482045,0.056565724,0.058310997,0.06005627
104,Myanmar,0.00784,0.00803,0.00795,0.00837,0.00872,0.00925,0.0098,0.01044,0.01098,0.01186,0.01261,0.01332,0.0139,0.01459,0.015,0.01484,0.01425,0.01263,0.0131,0.01347,0.01338,0.01467,0.01556,0.01672,0.01788,0.01904,0.02011,0.02129,0.02362,0.02687,0.02992,0.03351,0.03815,0.04336,0.04921,0.05565,0.06233,0.06872,0.07599,0.08391,0.08849,0.09378,0.089444187,0.085108374,0.090391012,0.095673649,0.100956287,0.106238924,0.111521561,0.116804199,0.122086836,0.130008992,0.137931148,0.145853303,0.153775459,0.161697615,0.16961977,0.177541926,0.185464082,0.193386237,0.201308393,0.209230549,0.217152705,0.22507486,0.232997016,0.240919172,0.248841327,0.256763483,0.264685639,0.272607794
524,Nepal,0.0102,0.01052,0.01047,0.01113,0.0113,0.01179,0.01215,0.01268,0.01299,0.01268,0.01374,0.01426,0.01384,0.01518,0.01611,0.01684,0.01713,0.01845,0.01925,0.02014,0.02142,0.0223,0.02316,0.02506,0.02593,0.02731,0.02869,0.02956,0.03086,0.03278,0.03435,0.03439,0.03575,0.03742,0.03872,0.04003,0.04139,0.04392,0.04591,0.04812,0.04977,0.05218,0.049767516,0.047355033,0.050294338,0.053233643,0.056172948,0.059112253,0.062051558,0.064990863,0.067930168,0.072338123,0.076746079,0.081154035,0.08556199,0.089969946,0.094377902,0.098785857,0.103193813,0.107601769,0.112009724,0.11641768,0.120825636,0.125233591,0.129641547,0.134049503,0.138457459,0.142865414,0.14727337,0.151681326
586,Pakistan,0.10137,0.10219,0.10941,0.11328,0.11806,0.12414,0.12904,0.13943,0.14467,0.15945,0.17208,0.18333,0.19575,0.20567,0.22128,0.23346,0.24852,0.26747,0.28074,0.29326,0.3081,0.33184,0.33767,0.35029,0.36768,0.3855,0.38941,0.39934,0.41396,0.43159,0.44015,0.45434,0.47636,0.51146,0.55067,0.58469,0.61295,0.62338,0.64103,0.65133,0.66947,0.69636,0.664164578,0.631969156,0.67119519,0.710421223,0.749647256,0.788873289,0.828099323,0.867325356,0.906551389,0.96537707,1.024202751,1.083028431,1.141854112,1.200679793,1.259505474,1.318331154,1.377156835,1.435982516,1.494808197,1.553633877,1.612459558,1.671285239,1.730110919,1.7889366,1.847762281,1.906587962,1.965413642,2.024239323
156,People's Republic of China,0.39552,0.41276,0.44694,0.45727,0.49366,0.49313,0.5326,0.59306,0.64044,0.69189,0.73078,0.79247,0.87488,1.00341,1.12691,1.22821,1.37257,1.52435,1.5845,1.64475,1.79127,2.03408,2.30683,2.59747,2.8658,3.14218,3.42663,3.66727,3.93666,4.26595,4.60438,5.00825,5.49473,6.04671,6.72093,7.5604,8.6134,9.41912,10.252,11.308,12.3462,13.2893,14.04535,14.8014,16.00742857,17.21345714,18.41948571,19.62551429,20.83154286,22.03757143,23.2436,24.65387368,26.06414737,27.47442105,28.88469474,30.29496842,31.70524211,33.11551579,34.52578947,35.93606316,37.34633684,38.75661053,40.16688421,41.57715789,42.98743158,44.39770526,45.80797895,47.21825263,48.62852632,50.0388
608,Philippines,0.11116,0.11722,0.12768,0.13222,0.13958,0.15187,0.16038,0.16867,0.17818,0.18736,0.19377,0.20079,0.20455,0.18957,0.17572,0.18172,0.18956,0.20236,0.21491,0.22144,0.22016,0.2209,0.22558,0.23548,0.24649,0.2609,0.27443,0.27285,0.28126,0.29366,0.30216,0.31318,0.32875,0.35076,0.36752,0.38679,0.41238,0.42951,0.43444,0.4676,0.48461,0.51764,0.493707496,0.469774993,0.498933709,0.528092426,0.557251143,0.586409859,0.615568576,0.644727292,0.673886009,0.717614146,0.761342283,0.805070419,0.848798556,0.892526693,0.93625483,0.979982967,1.023711104,1.06743924,1.111167377,1.154895514,1.198623651,1.242351788,1.286079925,1.329808062,1.373536198,1.417264335,1.460992472,1.504720609
702,Singapore,0.02057,0.02335,0.02594,0.02762,0.0289,0.03104,0.03336,0.03626,0.03966,0.04365,0.04833,0.0518,0.05624,0.0612,0.0608,0.06159,0.06822,0.07578,0.08353,0.09197,0.09793,0.10482,0.11685,0.12921,0.13861,0.14918,0.16187,0.15836,0.16817,0.18338,0.18127,0.18888,0.19753,0.21563,0.23152,0.25148,0.27416,0.27896,0.27676,0.31767,0.33406,0.33847,0.32282122,0.30717244,0.326238491,0.345304543,0.364370594,0.383436645,0.402502697,0.421568748,0.440634799,0.469227378,0.497819957,0.526412535,0.555005114,0.583597693,0.612190272,0.640782851,0.669375429,0.697968008,0.726560587,0.755153166,0.783745744,0.812338323,0.840930902,0.869523481,0.89811606,0.926708638,0.955301217,0.983893796
144,Sri Lanka,0.02213,0.02204,0.02359,0.0245,0.026,0.02687,0.02824,0.02984,0.03175,0.0336,0.03552,0.03699,0.03877,0.04075,0.04278,0.04465,0.04542,0.04654,0.04761,0.05066,0.05299,0.05532,0.05914,0.06245,0.06588,0.06839,0.07277,0.07619,0.07946,0.08423,0.08293,0.08622,0.09134,0.09631,0.10232,0.11017,0.11766,0.12466,0.12907,0.13941,0.15091,0.16059,0.153165302,0.145740604,0.154786656,0.163832707,0.172878759,0.181924811,0.190970863,0.200016915,0.209062967,0.222628962,0.236194956,0.249760951,0.263326946,0.27689294,0.290458935,0.30402493,0.317590924,0.331156919,0.344722914,0.358288909,0.371854903,0.385420898,0.398986893,0.412552887,0.426118882,0.439684877,0.453250871,0.466816866
764,Thailand,0.08154,0.08503,0.09373,0.09792,0.10279,0.11237,0.12344,0.13614,0.14346,0.15088,0.15979,0.16834,0.17774,0.18797,0.1967,0.20759,0.22735,0.25756,0.28896,0.32123,0.34872,0.37691,0.40801,0.44467,0.48575,0.51442,0.50736,0.45404,0.47423,0.49676,0.50752,0.53451,0.57268,0.60901,0.63705,0.66949,0.70327,0.72074,0.70394,0.75893,0.75951,0.80881,0.771415579,0.734021158,0.779581511,0.825141865,0.870702219,0.916262573,0.961822927,1.00738328,1.052943634,1.121268637,1.18959364,1.257918642,1.326243645,1.394568647,1.46289365,1.531218653,1.599543655,1.667868658,1.736193661,1.804518663,1.872843666,1.941168668,2.009493671,2.077818674,2.146143676,2.214468679,2.282793682,2.351118684
704,Vietnam,0.04748,0.04292,0.04344,0.04597,0.04798,0.05101,0.05203,0.05354,0.05253,0.05069,0.05363,0.05803,0.06215,0.06737,0.06994,0.07189,0.07446,0.07829,0.08405,0.08834,0.0936,0.1017,0.10991,0.11962,0.13103,0.14327,0.15495,0.16388,0.17171,0.18336,0.19472,0.20702,0.22131,0.23799,0.25595,0.27381,0.29333,0.30993,0.32666,0.34765,0.36934,0.38872,0.370747968,0.352775935,0.374672575,0.396569214,0.418465853,0.440362492,0.462259131,0.484155771,0.50605241,0.538889906,0.571727401,0.604564897,0.637402393,0.670239889,0.703077385,0.735914881,0.768752377,0.801589872,0.834427368,0.867264864,0.90010236,0.932939856,0.965777352,0.998614848,1.031452343,1.064289839,1.097127335,1.129964831
51,Armenia,0.006102486,0.006389259,0.006960719,0.007342387,0.00762916,0.008105724,0.008487393,0.008866976,0.009153749,0.009309368,0.009504855,0.009779595,0.010092518,0.010233819,0.010346363,0.010780934,0.010921071,0.011084873,0.011406339,0.0118,0.01042,0.00607,0.00553,0.00583,0.00623,0.0066,0.00682,0.00732,0.00756,0.008,0.00877,0.00992,0.01132,0.0125,0.01424,0.01611,0.01833,0.01959,0.01682,0.01719,0.018,0.0193,0.009731784,0.000163569,0.000173798,0.000184027,0.000194256,0.000204485,0.000214714,0.000224943,0.000235172,0.000251794,0.000268417,0.000285039,0.000301661,0.000318283,0.000334905,0.000351527,0.000368149,0.000384771,0.000401393,0.000418015,0.000434638,0.00045126,0.000467882,0.000484504,0.000501126,0.000517748,0.00053437,0.000550992
31,Azerbaijan,0.028097292,0.029417662,0.0320488,0.033806093,0.035126463,0.037320678,0.03907797,0.04082566,0.042146031,0.042862539,0.043762607,0.045027577,0.04646835,0.047118932,0.047637108,0.049637977,0.050283204,0.051037385,0.052517492,0.05433,0.05395,0.04176,0.03211,0.02578,0.02274,0.02304,0.02437,0.02681,0.0288,0.03199,0.03516,0.03889,0.04324,0.04765,0.06023,0.08101,0.1013,0.11222,0.12278,0.12874,0.12882,0.13165,0.066382871,0.001115741,0.001185517,0.001255292,0.001325067,0.001394842,0.001464617,0.001534393,0.001604168,0.001717551,0.001830935,0.001944318,0.002057701,0.002171085,0.002284468,0.002397851,0.002511235,0.002624618,0.002738002,0.002851385,0.002964768,0.003078152,0.003191535,0.003304918,0.003418302,0.003531685,0.003645068,0.003758452
112,Belarus,0.037964701,0.039748768,0.043303928,0.045678359,0.047462426,0.050427222,0.052801653,0.055163109,0.056947177,0.057915314,0.059131474,0.060840685,0.062787439,0.063666498,0.064366651,0.067070199,0.067942021,0.06896106,0.070960962,0.07341,0.07253,0.06557,0.06059,0.0535,0.04793,0.04928,0.05489,0.05951,0.06153,0.0651,0.06817,0.07161,0.07666,0.08543,0.0935,0.10285,0.11174,0.12319,0.12339,0.13289,0.1402,0.14231,0.071758043,0.001206086,0.001281511,0.001356936,0.001432361,0.001507786,0.001583211,0.001658636,0.001734061,0.001856625,0.00197919,0.002101754,0.002224318,0.002346882,0.002469447,0.002592011,0.002714575,0.002837139,0.002959704,0.003082268,0.003204832,0.003327397,0.003449961,0.003572525,0.003695089,0.003817654,0.003940218,0.004062782
268,Georgia,0.017790297,0.018626313,0.020292264,0.021404925,0.022240941,0.023630247,0.024742908,0.025849489,0.026685504,0.027139174,0.027709068,0.028510006,0.029422257,0.029834185,0.030162277,0.031429163,0.0318377,0.032315222,0.033252378,0.0344,0.02714,0.01496,0.01057,0.00947,0.00972,0.01081,0.01195,0.01232,0.01267,0.0129,0.01352,0.01426,0.01584,0.01677,0.01838,0.0201,0.02258,0.02311,0.02223,0.02363,0.02527,0.02678,0.013503481,0.000226962,0.000241156,0.000255349,0.000269543,0.000283736,0.00029793,0.000312123,0.000326317,0.000349381,0.000372445,0.00039551,0.000418574,0.000441638,0.000464702,0.000487767,0.000510831,0.000533895,0.000556959,0.000580023,0.000603088,0.000626152,0.000649216,0.00067228,0.000695345,0.000718409,0.000741473,0.000764537
398,Kazakhstan,0.095927972,0.100435895,0.109418956,0.115418592,0.119926515,0.127417863,0.133417499,0.13938435,0.143892273,0.146338531,0.149411484,0.153730264,0.158649259,0.160870435,0.162639559,0.169470796,0.171673689,0.174248564,0.179301851,0.18549,0.16508,0.15633,0.14195,0.12407,0.11389,0.11446,0.11641,0.1142,0.11728,0.12877,0.14616,0.16048,0.1754,0.19224,0.21089,0.23346,0.25423,0.26262,0.26578,0.28518,0.30657,0.32189,0.162309018,0.002728037,0.00289864,0.003069243,0.003239847,0.00341045,0.003581054,0.003751657,0.00392226,0.004199488,0.004476715,0.004753942,0.00503117,0.005308397,0.005585624,0.005862851,0.006140079,0.006417306,0.006694533,0.006971761,0.007248988,0.007526215,0.007803442,0.00808067,0.008357897,0.008635124,0.008912352,0.009189579
417,Kyrgyzstan,0.007033373,0.007363891,0.008022523,0.008462412,0.00879293,0.009342191,0.00978208,0.010219565,0.010550083,0.010729441,0.010954748,0.011271398,0.011632055,0.01179491,0.011924621,0.012425483,0.012586998,0.012775786,0.013146289,0.0136,0.01253,0.01079,0.00912,0.00729,0.0069,0.00738,0.00812,0.00829,0.00859,0.00906,0.00954,0.00954,0.01021,0.01093,0.01091,0.01125,0.01221,0.01323,0.01361,0.01355,0.01436,0.01423,0.0071753,0.0001206,0.000128142,0.000135684,0.000143226,0.000150768,0.00015831,0.000165852,0.000173394,0.000185649,0.000197905,0.000210161,0.000222416,0.000234672,0.000246927,0.000259183,0.000271438,0.000283694,0.00029595,0.000308205,0.000320461,0.000332716,0.000344972,0.000357227,0.000369483,0.000381739,0.000393994,0.00040625
428,Latvia,0.013921942,0.014576173,0.015879877,0.016750598,0.017404829,0.018492042,0.019362764,0.020228728,0.020882959,0.021237982,0.021683957,0.022310737,0.023024627,0.023346984,0.023603736,0.024595147,0.024914851,0.02528854,0.026021919,0.02692,0.02353,0.01597,0.01518,0.01551,0.01536,0.01595,0.01727,0.01808,0.01893,0.02024,0.02187,0.02328,0.02496,0.02712,0.03,0.03367,0.03703,0.03546,0.02909,0.02899,0.03053,0.03205,0.016160813,0.000271626,0.000288612,0.000305599,0.000322586,0.000339572,0.000356559,0.000373546,0.000390532,0.000418135,0.000445738,0.000473341,0.000500944,0.000528547,0.00055615,0.000583753,0.000611356,0.000638959,0.000666562,0.000694165,0.000721768,0.000749372,0.000776975,0.000804578,0.000832181,0.000859784,0.000887387,0.00091499
440,Lithuania,0.023903126,0.025026401,0.027264781,0.028759757,0.029883032,0.03174971,0.033244686,0.034731493,0.035854768,0.036464321,0.037230033,0.038306177,0.039531882,0.04008535,0.040526176,0.042228369,0.042777281,0.043418883,0.04467805,0.04622,0.0436,0.03433,0.02876,0.02595,0.0268,0.02819,0.0303,0.03261,0.03226,0.03331,0.03555,0.03799,0.04189,0.04497,0.04847,0.05228,0.05742,0.0591,0.05039,0.05106,0.05412,0.05613,0.028302853,0.000475705,0.000505454,0.000535203,0.000564953,0.000594702,0.000624451,0.0006542,0.000683949,0.000732291,0.000780633,0.000828975,0.000877317,0.000925659,0.000974001,0.001022343,0.001070684,0.001119026,0.001167368,0.00121571,0.001264052,0.001312394,0.001360736,0.001409078,0.001457419,0.001505761,0.001554103,0.001602445
498,Republic of Moldova,0.010974131,0.011489836,0.012517496,0.013203852,0.013719557,0.014576565,0.015262922,0.015945528,0.016461233,0.016741084,0.017092629,0.017586696,0.018149427,0.018403529,0.018605916,0.019387408,0.019639418,0.019933983,0.020512078,0.02122,0.01782,0.01264,0.01248,0.00863,0.00851,0.00806,0.00819,0.00766,0.0074,0.00756,0.00802,0.00864,0.00921,0.00989,0.01064,0.01115,0.01149,0.01238,0.01164,0.01246,0.01326,0.01316,0.006635766,0.000111532,0.000118507,0.000125482,0.000132456,0.000139431,0.000146406,0.000153381,0.000160356,0.00017169,0.000183024,0.000194358,0.000205692,0.000217026,0.00022836,0.000239694,0.000251028,0.000262362,0.000273696,0.00028503,0.000296364,0.000307698,0.000319032,0.000330366,0.0003417,0.000353034,0.000364368,0.000375702
643,Russian Federation,0.968267957,1.01376957,1.104441875,1.165000385,1.210501998,1.286117405,1.346675915,1.406903505,1.452405117,1.477096902,1.508114365,1.551706819,1.60135767,1.623777555,1.641634552,1.710586996,1.73282233,1.758812342,1.809818695,1.87228,1.77779,1.51945,1.38774,1.2133,1.16303,1.12116,1.13686,1.0766,1.14551,1.26006,1.32422,1.38704,1.48823,1.59503,1.69673,1.83507,1.9917,2.09622,1.93228,2.0193,2.10595,2.17844,2.384285,2.59013,2.664121429,2.738112857,2.812104286,2.886095714,2.960087143,3.034078571,3.10807,3.230868421,3.353666842,3.476465263,3.599263684,3.722062105,3.844860526,3.967658947,4.090457368,4.213255789,4.336054211,4.458852632,4.581651053,4.704449474,4.827247895,4.950046316,5.072844737,5.195643158,5.318441579,5.44124
762,Tajikistan,0.008879634,0.009296913,0.010128435,0.010683795,0.011101074,0.011794516,0.012349876,0.012902201,0.01331948,0.013545919,0.013830369,0.01423014,0.01468547,0.014891074,0.015054834,0.015687172,0.015891084,0.016129429,0.01659719,0.01717,0.01595,0.01132,0.00947,0.00745,0.00653,0.00544,0.00553,0.00582,0.00604,0.00654,0.00721,0.00798,0.00886,0.00977,0.01043,0.01116,0.01205,0.01302,0.01347,0.01435,0.01541,0.01657,0.008355216,0.000140432,0.000149214,0.000157996,0.000166778,0.00017556,0.000184343,0.000193125,0.000201907,0.000216178,0.000230449,0.00024472,0.000258991,0.000273261,0.000287532,0.000301803,0.000316074,0.000330345,0.000344616,0.000358887,0.000373158,0.000387429,0.000401699,0.00041597,0.000430241,0.000444512,0.000458783,0.000473054
795,Turkmenistan,0.014123634,0.014787343,0.016109934,0.016993271,0.017656979,0.018759943,0.019643279,0.020521789,0.021185498,0.021545664,0.0219981,0.022633961,0.023358193,0.023685221,0.023945692,0.024951466,0.025275802,0.025654905,0.026398909,0.02731,0.02605,0.02216,0.02249,0.0186,0.01726,0.01841,0.01632,0.01747,0.02036,0.02147,0.0224,0.02246,0.02319,0.02435,0.02753,0.03055,0.03393,0.03891,0.04129,0.04509,0.05171,0.05745,0.028968446,0.000486892,0.000517341,0.00054779,0.000578239,0.000608687,0.000639136,0.000669585,0.000700034,0.000749512,0.000798991,0.00084847,0.000897949,0.000947427,0.000996906,0.001046385,0.001095864,0.001145342,0.001194821,0.0012443,0.001293778,0.001343257,0.001392736,0.001442215,0.001491693,0.001541172,0.001590651,0.00164013
804,Ukraine,0.251355179,0.26316706,0.286704918,0.302425458,0.314237339,0.333866538,0.349587078,0.365221714,0.377033595,0.383443399,0.391495302,0.40281158,0.415700573,0.421520609,0.426156153,0.444055696,0.449827823,0.456574638,0.469815509,0.48603,0.44515,0.40197,0.34479,0.26571,0.2333,0.20997,0.20367,0.1998,0.1994,0.21116,0.23059,0.24258,0.26538,0.2975,0.30553,0.32783,0.35373,0.36187,0.30831,0.32126,0.33796,0.33864,0.170754997,0.002869994,0.003049475,0.003228956,0.003408437,0.003587918,0.003767399,0.00394688,0.004126361,0.004418014,0.004709667,0.00500132,0.005292974,0.005584627,0.00587628,0.006167933,0.006459586,0.00675124,0.007042893,0.007334546,0.007626199,0.007917852,0.008209506,0.008501159,0.008792812,0.009084465,0.009376118,0.009667772
860,Uzbekistan,0.028774771,0.030126978,0.032821558,0.034621222,0.035973429,0.038220551,0.040020215,0.041810045,0.043162252,0.043896037,0.044817807,0.046113278,0.047588791,0.04825506,0.04878573,0.050834843,0.051495628,0.052267993,0.053783789,0.05564,0.05536,0.04916,0.04803,0.04553,0.04512,0.04589,0.04828,0.05035,0.05252,0.05451,0.0568,0.05908,0.06156,0.0663,0.07094,0.07612,0.08335,0.09085,0.09821,0.10656,0.1154,0.12486,0.062959098,0.001058196,0.001124372,0.001190549,0.001256725,0.001322902,0.001389078,0.001455255,0.001521431,0.001628967,0.001736502,0.001844038,0.001951573,0.002059108,0.002166644,0.002274179,0.002381715,0.00248925,0.002596786,0.002704321,0.002811857,0.002919392,0.003026928,0.003134463,0.003241999,0.003349534,0.00345707,0.003564605
8,Albania,0.00685,0.00746,0.00828,0.00811,0.00859,0.0092,0.00978,0.01043,0.01103,0.01133,0.01198,0.01234,0.01247,0.01232,0.01254,0.01324,0.01314,0.01295,0.01423,0.01286,0.00906,0.00841,0.00921,0.00998,0.0113,0.01233,0.01107,0.01248,0.01374,0.01474,0.01578,0.01623,0.01716,0.01817,0.01917,0.02013,0.02132,0.02296,0.02372,0.02455,0.02528,0.02569,0.012953862,0.000217724,0.00023134,0.000244956,0.000258572,0.000272188,0.000285803,0.000299419,0.000313035,0.000335161,0.000357286,0.000379412,0.000401537,0.000423662,0.000445788,0.000467913,0.000490039,0.000512164,0.00053429,0.000556415,0.000578541,0.000600666,0.000622792,0.000644917,0.000667043,0.000689168,0.000711294,0.000733419
70,Bosnia and Herzegovina,,,,,,,,,,,,,,,,,,,,0.00514,0.00451,0.00423,0.00413,0.00459,0.00555,0.01048,0.01408,0.01628,0.01784,0.01882,0.01965,0.02069,0.02152,0.02283,0.02398,0.02546,0.0272,0.02868,0.02784,0.02804,0.0284,0.0282,0.014219498,0.000238997,0.000253943,0.000268889,0.000283835,0.000298781,0.000313727,0.000328674,0.00034362,0.000367907,0.000392194,0.000416481,0.000440769,0.000465056,0.000489343,0.00051363,0.000537917,0.000562205,0.000586492,0.000610779,0.000635066,0.000659353,0.000683641,0.000707928,0.000732215,0.000756502,0.000780789,0.000805077
100,Bulgaria,0.02809,0.03031,0.03274,0.03522,0.03832,0.04085,0.04338,0.0458,0.04885,0.05164,0.05417,0.05543,0.05733,0.05928,0.06087,0.06343,0.06727,0.07463,0.07218,0.0656,0.06006,0.05569,0.05487,0.05586,0.05746,0.05227,0.05141,0.05391,0.05497,0.0581,0.06054,0.06339,0.06688,0.07136,0.07592,0.08086,0.08603,0.09137,0.08634,0.08669,0.08825,0.08895,0.044851928,0.000753856,0.000801,0.000848144,0.000895288,0.000942432,0.000989576,0.00103672,0.001083864,0.001160472,0.00123708,0.001313688,0.001390296,0.001466905,0.001543513,0.001620121,0.001696729,0.001773337,0.001849945,0.001926553,0.002003161,0.002079769,0.002156377,0.002232985,0.002309593,0.002386201,0.002462809,0.002539417
191,Croatia,,,,,,,,,,,,,,,,,,,,0.06399,0.0505,0.04458,0.041,0.04341,0.04634,0.04908,0.0523,0.05333,0.05277,0.05475,0.05675,0.05952,0.06272,0.06531,0.0681,0.07147,0.07508,0.07665,0.07132,0.07032,0.06967,0.06829,0.034434381,0.000578762,0.000614956,0.00065115,0.000687344,0.000723538,0.000759732,0.000795926,0.00083212,0.000890935,0.00094975,0.001008564,0.001067379,0.001126193,0.001185008,0.001243823,0.001302637,0.001361452,0.001420267,0.001479081,0.001537896,0.001596711,0.001655525,0.00171434,0.001773155,0.001831969,0.001890784,0.001949599
196,Cyprus,0.00276,0.00304,0.00329,0.00307,0.00327,0.00393,0.00458,0.00493,0.00542,0.00573,0.00588,0.00623,0.00658,0.00715,0.0075,0.00778,0.00833,0.00905,0.00977,0.01049,0.01057,0.01156,0.01164,0.01233,0.01308,0.01332,0.01364,0.01433,0.01502,0.01578,0.01641,0.01676,0.01708,0.0178,0.0185,0.01926,0.02025,0.02098,0.02063,0.0209,0.02098,0.02048,0.010326785,0.000173569,0.000184424,0.000195278,0.000206133,0.000216987,0.000227842,0.000238696,0.000249551,0.000267189,0.000284827,0.000302466,0.000320104,0.000337743,0.000355381,0.000373019,0.000390658,0.000408296,0.000425934,0.000443573,0.000461211,0.00047885,0.000496488,0.000514126,0.000531765,0.000549403,0.000567041,0.00058468
807,Former Yugoslavia (If no detail),0.11401,0.11805,0.12113,0.13906,0.13997,0.14743,0.15972,0.1744,0.1836,0.18834,0.19064,0.19185,0.18966,0.19289,0.19177,0.19857,0.19673,0.19153,0.19257,0.01627,0.01527,0.01427,0.0132,0.01297,0.01282,0.01298,0.01316,0.01361,0.0142,0.01484,0.01417,0.01429,0.0147,0.01538,0.01605,0.01685,0.01789,0.01877,0.0186,0.01914,0.01968,0.01963,0.009898183,0.000166365,0.000176769,0.000187173,0.000197577,0.000207981,0.000218385,0.000228789,0.000239193,0.0002561,0.000273006,0.000289912,0.000306819,0.000323725,0.000340631,0.000357538,0.000374444,0.00039135,0.000408257,0.000425163,0.000442069,0.000458975,0.000475882,0.000492788,0.000509694,0.000526601,0.000543507,0.000560413
292,Gibraltar,0.00037,0.00039,0.00041,0.00041,0.00041,0.00042,0.00043,0.00044,0.00045,0.00044,0.00044,0.00045,0.00046,0.00048,0.00049,0.00051,0.00054,0.00056,0.00058,0.00058,0.00057,0.00057,0.00059,0.00061,0.00063,0.00065,0.00069,0.00072,0.00074,0.00077,0.0008,0.00082,0.00085,0.00087,0.00089,0.00092,0.00095,0.00094,0.0009,0.00091,0.00092,0.00093,0.000468941,7.88E-06,8.37E-06,8.87E-06,9.36E-06,9.85E-06,1.03E-05,1.08E-05,1.13E-05,1.21E-05,1.29E-05,1.37E-05,1.45E-05,1.53E-05,1.61E-05,1.69E-05,1.77E-05,1.85E-05,1.93E-05,2.01E-05,2.09E-05,2.17E-05,2.25E-05,2.33E-05,2.41E-05,2.49E-05,2.57E-05,2.66E-05
-2,Kosovo,,,,,,,,,,,,,,,,,,,,,,,,,,,,,,0.00664,0.00843,0.00837,0.00882,0.00905,0.0094,0.00996,0.01059,0.01132,0.01165,0.01212,0.01272,0.0132,0.006655935,0.000111871,0.000118867,0.000125863,0.000132859,0.000139855,0.000146851,0.000153847,0.000160843,0.000172212,0.00018358,0.000194949,0.000206317,0.000217686,0.000229054,0.000240423,0.000251791,0.00026316,0.000274528,0.000285897,0.000297265,0.000308634,0.000320002,0.00033137,0.000342739,0.000354107,0.000365476,0.000376844
470,Malta,0.00132,0.0014,0.00146,0.0016,0.00191,0.00224,0.00251,0.00279,0.00309,0.0033,0.00341,0.00349,0.00347,0.0035,0.00359,0.00373,0.00389,0.00421,0.00456,0.00484,0.00515,0.00539,0.00563,0.00595,0.00632,0.00656,0.00691,0.00726,0.00761,0.00812,0.00799,0.00822,0.00823,0.00819,0.00849,0.00868,0.00905,0.00944,0.00919,0.00944,0.00961,0.00971,0.004896146,8.23E-05,8.74E-05,9.26E-05,9.77E-05,0.000102878,0.000108025,0.000113171,0.000118317,0.00012668,0.000135043,0.000143405,0.000151768,0.000160131,0.000168494,0.000176856,0.000185219,0.000193582,0.000201945,0.000210307,0.00021867,0.000227033,0.000235395,0.000243758,0.000252121,0.000260484,0.000268846,0.000277209
499,Montenegro,,,,,,,,,,,,,,,,,,,,,,,,,,,,,,,,,,,0.00516,0.00561,0.00621,0.00664,0.00626,0.00641,0.00662,0.00659,0.003322925,5.59E-05,5.93E-05,6.28E-05,6.63E-05,6.98E-05,7.33E-05,7.68E-05,8.03E-05,8.60E-05,9.17E-05,9.73E-05,0.000103002,0.000108678,0.000114354,0.000120029,0.000125705,0.00013138,0.000137056,0.000142732,0.000148407,0.000154083,0.000159759,0.000165434,0.00017111,0.000176785,0.000182461,0.000188137
642,Romania,0.07744,0.08565,0.09458,0.10621,0.1172,0.13001,0.14434,0.15561,0.16353,0.16893,0.17022,0.17703,0.18783,0.19891,0.19871,0.20348,0.20511,0.20409,0.19225,0.18149,0.15808,0.1441,0.14628,0.15209,0.16298,0.16951,0.15916,0.15154,0.14972,0.15287,0.16155,0.16968,0.17843,0.19471,0.20306,0.22076,0.23458,0.25302,0.23582,0.2336,0.23899,0.23984,0.120936329,0.002032658,0.002159775,0.002286891,0.002414007,0.002541124,0.00266824,0.002795357,0.002922473,0.003129035,0.003335597,0.003542159,0.003748721,0.003955283,0.004161844,0.004368406,0.004574968,0.00478153,0.004988092,0.005194654,0.005401215,0.005607777,0.005814339,0.006020901,0.006227463,0.006434025,0.006640587,0.006847148
688,Serbia,,,,,,,,,,,,,,,,,,,,0.08801,0.0794,0.05784,0.04019,0.0412,0.04371,0.04712,0.05691,0.05752,0.05118,0.0538,0.05645,0.05866,0.06022,0.06557,0.06337,0.06566,0.0692,0.07183,0.06932,0.07002,0.07116,0.06995,0.035271415,0.00059283,0.000629904,0.000666978,0.000704052,0.000741126,0.0007782,0.000815274,0.000852347,0.000912592,0.000972836,0.00103308,0.001093325,0.001153569,0.001213813,0.001274058,0.001334302,0.001394546,0.001454791,0.001515035,0.001575279,0.001635524,0.001695768,0.001756012,0.001816257,0.001876501,0.001936745,0.00199699
124,Canada,0.41673,0.43943,0.47003,0.48738,0.49626,0.52206,0.54012,0.56147,0.58283,0.59544,0.6163,0.59768,0.61302,0.64718,0.67746,0.69235,0.72034,0.75447,0.77239,0.77338,0.75699,0.76345,0.78336,0.81904,0.84146,0.8556,0.89199,0.9289,0.97532,1.02529,1.0426,1.07181,1.09245,1.12674,1.16238,1.19285,1.21681,1.23111,1.19773,1.23814,1.26945,1.29114,0.672579031,0.054018062,0.057396193,0.060774324,0.064152455,0.067530586,0.070908717,0.074286848,0.077664979,0.083154377,0.088643776,0.094133174,0.099622573,0.105111972,0.11060137,0.116090769,0.121580167,0.127069566,0.132558964,0.138048363,0.143537761,0.14902716,0.154516559,0.160005957,0.165495356,0.170984754,0.176474153,0.181963551
152,Chile,0.04939,0.04898,0.04656,0.04772,0.0423,0.04374,0.04755,0.0511,0.05553,0.06005,0.0629,0.0564,0.05426,0.05859,0.06277,0.06628,0.07065,0.07581,0.08382,0.08692,0.09384,0.10537,0.11273,0.11916,0.13182,0.1416,0.1517,0.15791,0.15705,0.16509,0.17048,0.17507,0.18167,0.19442,0.20643,0.21818,0.22944,0.237,0.23454,0.24806,0.26254,0.27667,0.14412259,0.011575179,0.012299057,0.013022935,0.013746813,0.01447069,0.015194568,0.015918446,0.016642324,0.017818611,0.018994899,0.020171186,0.021347474,0.022523761,0.023700049,0.024876336,0.026052624,0.027228911,0.028405199,0.029581487,0.030757774,0.031934062,0.033110349,0.034286637,0.035462924,0.036639212,0.037815499,0.038991787
484,Mexico,0.39375,0.42717,0.46309,0.49139,0.51896,0.54096,0.55958,0.60575,0.6612,0.71624,0.77923,0.77372,0.74048,0.76714,0.7884,0.75881,0.77289,0.78251,0.81537,0.85669,0.89286,0.92526,0.94331,0.98496,0.92422,0.97185,1.03766,1.08986,1.1308,1.20533,1.20494,1.21424,1.23112,1.28295,1.32241,1.38821,1.43298,1.45276,1.38384,1.45579,1.51169,1.5712,0.818467535,0.06573507,0.069845949,0.073956827,0.078067705,0.082178584,0.086289462,0.09040034,0.094511219,0.101191318,0.107871417,0.114551516,0.121231615,0.127911713,0.134591812,0.141271911,0.14795201,0.154632109,0.161312208,0.167992307,0.174672406,0.181352505,0.188032604,0.194712703,0.201392802,0.208072901,0.214753,0.221433099
840,United States,4.4827,4.71801,4.98423,4.95847,4.94863,5.21522,5.45559,5.75897,5.94185,5.92732,6.08112,5.96494,6.24128,6.69433,6.97812,7.22319,7.47322,7.78736,8.07401,8.22892,8.22294,8.51529,8.74903,9.10218,9.34964,9.70454,10.14,10.5912,11.1045,11.5588,11.6684,11.8757,12.2071,12.6708,13.0954,13.4446,13.6852,13.6455,13.2631,13.5956,13.8468,14.2316,15.74815,17.2647,17.74612857,18.22755714,18.70898571,19.19041429,19.67184286,20.15327143,20.6347,21.10952105,21.58434211,22.05916316,22.53398421,23.00880526,23.48362632,23.95844737,24.43326842,24.90808947,25.38291053,25.85773158,26.33255263,26.80737368,27.28219474,27.75701579,28.23183684,28.70665789,29.18147895,29.6563
36,Australia,0.24656,0.25296,0.26333,0.26684,0.27375,0.28362,0.28617,0.29777,0.30686,0.31716,0.3277,0.32038,0.33521,0.35281,0.36668,0.37568,0.39662,0.41234,0.42945,0.42892,0.43028,0.44808,0.46617,0.48357,0.50265,0.52248,0.54563,0.57293,0.59514,0.60659,0.63006,0.64945,0.67646,0.69823,0.71906,0.74616,0.77375,0.78724,0.80269,0.82066,0.85033,0.87242,0.965015751,1.057611502,1.097081452,1.136551402,1.176021352,1.215491302,1.254961252,1.294431202,1.333901152,1.370330414,1.406759676,1.443188938,1.4796182,1.516047462,1.552476725,1.588905987,1.625335249,1.661764511,1.698193773,1.734623035,1.771052297,1.807481559,1.843910821,1.880340083,1.916769345,1.953198608,1.98962787,2.026057132
392,Japan,1.4092,1.52777,1.65049,1.63026,1.68066,1.74747,1.82419,1.92036,2.02567,2.08275,2.16974,2.24301,2.31166,2.41485,2.56779,2.64049,2.74894,2.9454,3.10357,3.27652,3.38544,3.41317,3.41901,3.44853,3.51551,3.60727,3.66483,3.59142,3.58426,3.66517,3.6782,3.68885,3.75101,3.83956,3.88958,3.95543,4.04214,4.00004,3.77895,3.95475,3.93685,3.99381,4.378035,4.76226,4.812041429,4.861822857,4.911604286,4.961385714,5.011167143,5.060948571,5.11073,5.162652105,5.214574211,5.266496316,5.318418421,5.370340526,5.422262632,5.474184737,5.526106842,5.578028947,5.629951053,5.681873158,5.733795263,5.785717368,5.837639474,5.889561579,5.941483684,5.993405789,6.045327895,6.09725
410,Korea,0.08659,0.09222,0.10586,0.11579,0.12429,0.14101,0.15768,0.17391,0.18851,0.18494,0.19863,0.2151,0.24131,0.2651,0.2849,0.31977,0.359,0.40086,0.42792,0.46771,0.51314,0.54272,0.57707,0.62769,0.68375,0.73288,0.77515,0.73086,0.80928,0.88048,0.91547,0.98092,1.00841,1.05499,1.09674,1.15354,1.21244,1.2403,1.24426,1.32291,1.37162,1.39965,1.548204186,1.696758372,1.760081216,1.82340406,1.886726904,1.950049748,2.013372592,2.076695436,2.14001828,2.198462855,2.256907431,2.315352006,2.373796582,2.432241158,2.490685733,2.549130309,2.607574885,2.66601946,2.724464036,2.782908612,2.841353187,2.899797763,2.958242339,3.016686914,3.07513149,3.133576065,3.192020641,3.250465217
554,New Zealand,0.04475,0.04704,0.05071,0.05374,0.05281,0.0533,0.05121,0.05136,0.0525,0.05316,0.05563,0.05614,0.05808,0.06086,0.06185,0.06351,0.06419,0.06406,0.06417,0.0643,0.06358,0.06425,0.06837,0.07191,0.07513,0.07786,0.07942,0.07986,0.08428,0.08658,0.08964,0.09395,0.09812,0.10172,0.10529,0.10823,0.11135,0.10921,0.10909,0.11107,0.11374,0.11636,0.128710063,0.141060125,0.146324474,0.151588823,0.156853172,0.162117521,0.16738187,0.172646219,0.177910568,0.182769362,0.187628156,0.19248695,0.197345744,0.202204538,0.207063332,0.211922125,0.216780919,0.221639713,0.226498507,0.231357301,0.236216095,0.241074888,0.245933682,0.250792476,0.25565127,0.260510064,0.265368858,0.270227652
233,Estonia,0.008393504,0.008787938,0.009573937,0.010098893,0.010493328,0.011148805,0.011673761,0.012195849,0.012590283,0.012804326,0.013073203,0.013451087,0.013881489,0.014075838,0.014230633,0.014828352,0.015021101,0.015246397,0.015688549,0.01623,0.01493,0.01178,0.0111,0.01092,0.0114,0.01208,0.01349,0.01441,0.01437,0.01577,0.01676,0.01786,0.01924,0.02046,0.02228,0.02452,0.02636,0.02527,0.02171,0.02226,0.02439,0.02535,0.012804504,0.000259008,0.000275206,0.000291404,0.000307601,0.000323799,0.000339997,0.000356194,0.000372392,0.000398713,0.000425034,0.000451354,0.000477675,0.000503996,0.000530317,0.000556638,0.000582959,0.000609279,0.0006356,0.000661921,0.000688242,0.000714563,0.000740884,0.000767204,0.000793525,0.000819846,0.000846167,0.000872488
40,Austria,0.11532,0.12248,0.12847,0.13353,0.13305,0.13914,0.14621,0.1459,0.15372,0.15638,0.15615,0.15929,0.16403,0.16411,0.16821,0.17208,0.17442,0.18017,0.18717,0.19531,0.20203,0.20626,0.20734,0.21232,0.21799,0.22337,0.22852,0.23717,0.24557,0.25457,0.25676,0.26111,0.26337,0.27019,0.27667,0.28683,0.29746,0.30173,0.2902,0.29533,0.3037,0.30634,0.154734983,0.003129966,0.003325705,0.003521444,0.003717183,0.003912922,0.004108661,0.0043044,0.004500139,0.004818211,0.005136283,0.005454355,0.005772427,0.006090499,0.006408571,0.006726643,0.007044715,0.007362787,0.007680859,0.007998931,0.008317003,0.008635075,0.008953147,0.009271219,0.009589291,0.009907363,0.010225435,0.010543507
56,Belgium,0.15269,0.16071,0.17055,0.17772,0.17536,0.18527,0.18643,0.19173,0.19622,0.20501,0.20443,0.20565,0.20629,0.21138,0.21487,0.21879,0.22383,0.23441,0.24254,0.25015,0.25473,0.25863,0.25614,0.26441,0.27071,0.27457,0.28483,0.29032,0.3006,0.31163,0.31415,0.31842,0.32099,0.3315,0.3373,0.34629,0.35628,0.35979,0.34971,0.35789,0.36417,0.36364,0.183677709,0.003715417,0.003947769,0.00418012,0.004412471,0.004644823,0.004877174,0.005109525,0.005341876,0.005719443,0.006097009,0.006474576,0.006852142,0.007229709,0.007607275,0.007984841,0.008362408,0.008739974,0.009117541,0.009495107,0.009872674,0.01025024,0.010627806,0.011005373,0.011382939,0.011760506,0.012138072,0.012515639
203,Czech Republic,0.11718,0.12139,0.12545,0.12985,0.13368,0.13661,0.14181,0.14407,0.14529,0.1488,0.14791,0.15038,0.15218,0.15533,0.15628,0.15953,0.16044,0.16373,0.17114,0.16906,0.14943,0.14867,0.14876,0.15309,0.16262,0.17,0.16855,0.16815,0.17097,0.17813,0.18365,0.18759,0.19466,0.20389,0.21766,0.23294,0.2463,0.25393,0.24249,0.24847,0.25299,0.25041,0.126484256,0.002558513,0.002718515,0.002878517,0.003038519,0.003198521,0.003358522,0.003518524,0.003678526,0.003938526,0.004198526,0.004458526,0.004718526,0.004978526,0.005238526,0.005498526,0.005758526,0.006018526,0.006278526,0.006538526,0.006798527,0.007058527,0.007318527,0.007578527,0.007838527,0.008098527,0.008358527,0.008618527
208,Denmark,0.08787,0.09153,0.09497,0.0942,0.09305,0.09872,0.10067,0.10296,0.10703,0.10651,0.10556,0.10948,0.11239,0.11707,0.12178,0.12781,0.12818,0.12799,0.12873,0.1308,0.1325,0.13512,0.13499,0.14245,0.14682,0.15098,0.15581,0.15918,0.16325,0.16901,0.1702,0.171,0.17165,0.1756,0.17989,0.186,0.18894,0.18746,0.17684,0.17929,0.18121,0.18056,0.091202417,0.001844835,0.001960205,0.002075576,0.002190947,0.002306317,0.002421688,0.002537058,0.002652429,0.002839904,0.003027379,0.003214854,0.003402329,0.003589804,0.003777279,0.003964753,0.004152228,0.004339703,0.004527178,0.004714653,0.004902128,0.005089603,0.005277078,0.005464553,0.005652028,0.005839503,0.006026978,0.006214453
246,Finland,0.06029,0.06495,0.06949,0.07174,0.07303,0.07328,0.07346,0.0756,0.08099,0.08535,0.08645,0.08909,0.09178,0.09463,0.09776,0.10034,0.10384,0.10926,0.11481,0.11539,0.10847,0.10469,0.10384,0.10763,0.1119,0.11589,0.12308,0.12928,0.13433,0.14148,0.14471,0.14737,0.15033,0.15653,0.1611,0.1682,0.17718,0.1777,0.16252,0.16799,0.17274,0.17099,0.086368528,0.001747055,0.001856311,0.001965567,0.002074823,0.002184078,0.002293334,0.00240259,0.002511845,0.002689384,0.002866922,0.003044461,0.003221999,0.003399538,0.003577076,0.003754615,0.003932153,0.004109691,0.00428723,0.004464768,0.004642307,0.004819845,0.004997384,0.005174922,0.005352461,0.005529999,0.005707538,0.005885076
250,France,0.82046,0.85769,0.91439,0.95729,0.94653,0.98805,1.02335,1.06322,1.09989,1.11789,1.12884,1.15613,1.17037,1.18786,1.20699,1.23422,1.2637,1.32268,1.37807,1.41418,1.42888,1.45,1.44032,1.47269,1.50284,1.51888,1.55205,1.60449,1.65731,1.7183,1.74984,1.76609,1.78198,1.82732,1.8607,1.9066,1.95017,1.9486,1.88727,1.91983,1.95874,1.95901,0.989512892,0.020015784,0.021267512,0.022519241,0.023770969,0.025022698,0.026274426,0.027526154,0.028777883,0.030811918,0.032845952,0.034879987,0.036914022,0.038948057,0.040982091,0.043016126,0.045050161,0.047084196,0.049118231,0.051152265,0.0531863,0.055220335,0.05725437,0.059288404,0.061322439,0.063356474,0.065390509,0.067424544
276,Germany,1.26624,1.3207,1.38379,1.39611,1.38401,1.45251,1.50113,1.54629,1.61046,1.63315,1.6418,1.63531,1.66103,1.70792,1.74768,1.78765,1.81272,1.87992,1.95317,2.05581,2.16083,2.20214,2.18007,2.23396,2.27142,2.28938,2.32916,2.37252,2.41691,2.49081,2.52853,2.52879,2.5193,2.54855,2.566,2.66094,2.74793,2.77769,2.63477,2.74049,2.83184,2.85134,1.440236492,0.029132983,0.030954875,0.032776766,0.034598657,0.036420548,0.03824244,0.040064331,0.041886222,0.044846761,0.047807299,0.050767838,0.053728377,0.056688915,0.059649454,0.062609992,0.065570531,0.06853107,0.071491608,0.074452147,0.077412685,0.080373224,0.083333763,0.086294301,0.08925484,0.092215378,0.095175917,0.098136456
300,Greece,0.11306,0.12454,0.13462,0.12595,0.13397,0.14315,0.14736,0.15804,0.16323,0.16434,0.16178,0.15995,0.15822,0.16141,0.16546,0.16631,0.16256,0.16953,0.17597,0.17597,0.18142,0.18269,0.17977,0.18337,0.18722,0.19163,0.1986,0.20528,0.2123,0.22181,0.23112,0.23907,0.25327,0.26434,0.27036,0.28525,0.29534,0.29471,0.28546,0.27135,0.25207,0.23449,0.118442927,0.002395854,0.002545683,0.002695513,0.002845343,0.002995172,0.003145002,0.003294832,0.003444661,0.003688132,0.003931602,0.004175072,0.004418543,0.004662013,0.004905483,0.005148954,0.005392424,0.005635894,0.005879365,0.006122835,0.006366305,0.006609776,0.006853246,0.007096716,0.007340187,0.007583657,0.007827127,0.008070598
348,Hungary,0.07955,0.08763,0.09488,0.09904,0.10197,0.10582,0.11379,0.11332,0.12194,0.12153,0.12502,0.12857,0.1295,0.13294,0.13261,0.13464,0.14009,0.14,0.14103,0.1361,0.11992,0.11624,0.11557,0.11898,0.12075,0.12095,0.12473,0.12981,0.13396,0.13962,0.1448,0.15133,0.15716,0.16469,0.17122,0.17789,0.17809,0.17968,0.16752,0.16928,0.17194,0.16908,0.08540377,0.00172754,0.001835576,0.001943611,0.002051646,0.002159682,0.002267717,0.002375752,0.002483787,0.002659343,0.002834898,0.003010453,0.003186009,0.003361564,0.003537119,0.003712675,0.00388823,0.004063785,0.00423934,0.004414896,0.004590451,0.004766006,0.004941562,0.005117117,0.005292672,0.005468228,0.005643783,0.005819338
352,Iceland,0.00305,0.00324,0.00346,0.00365,0.00368,0.0039,0.00424,0.0045,0.00471,0.00498,0.0052,0.00531,0.00519,0.00541,0.00559,0.00594,0.00645,0.00644,0.00646,0.00653,0.00652,0.0063,0.00638,0.00661,0.00662,0.00693,0.00728,0.00773,0.00805,0.0084,0.00873,0.00874,0.00895,0.00966,0.01035,0.01084,0.01149,0.01163,0.01086,0.01042,0.01069,0.01085,0.005480429,0.000110858,0.00011779,0.000124723,0.000131656,0.000138589,0.000145521,0.000152454,0.000159387,0.000170652,0.000181918,0.000193183,0.000204449,0.000215714,0.00022698,0.000238245,0.000249511,0.000260776,0.000272042,0.000283307,0.000294573,0.000305838,0.000317104,0.00032837,0.000339635,0.000350901,0.000362166,0.000373432
372,Ireland,0.02832,0.03016,0.03159,0.03293,0.03479,0.03528,0.03818,0.04092,0.04218,0.04348,0.04492,0.04595,0.04584,0.04783,0.04931,0.0491,0.05139,0.05407,0.05721,0.06205,0.06325,0.06537,0.06713,0.07099,0.07783,0.08538,0.095,0.10349,0.11484,0.12707,0.13341,0.14063,0.14588,0.152,0.16125,0.17012,0.17858,0.17472,0.16357,0.16183,0.16534,0.1656,0.083645992,0.001691984,0.001797796,0.001903608,0.002009419,0.002115231,0.002221043,0.002326854,0.002432666,0.002604608,0.00277655,0.002948492,0.003120434,0.003292376,0.003464318,0.00363626,0.003808202,0.003980144,0.004152087,0.004324029,0.004495971,0.004667913,0.004839855,0.005011797,0.005183739,0.005355681,0.005527623,0.005699565
376,Israel,0.03931,0.04409,0.04655,0.04957,0.05117,0.05134,0.05187,0.05475,0.05815,0.05912,0.06228,0.06358,0.06571,0.06633,0.069,0.07189,0.07703,0.07927,0.07972,0.08556,0.09217,0.09932,0.10341,0.11109,0.11842,0.12485,0.12883,0.1343,0.13872,0.15073,0.15046,0.15036,0.15258,0.16005,0.16792,0.17766,0.18996,0.19842,0.20089,0.21227,0.22198,0.22942,0.115882026,0.002344052,0.002490642,0.002637232,0.002783822,0.002930412,0.003077003,0.003223593,0.003370183,0.003608389,0.003846595,0.004084801,0.004323007,0.004561214,0.00479942,0.005037626,0.005275832,0.005514038,0.005752244,0.005990451,0.006228657,0.006466863,0.006705069,0.006943275,0.007181481,0.007419688,0.007657894,0.0078961
380,Italy,0.74441,0.77188,0.82689,0.87237,0.85413,0.91499,0.93842,0.96883,1.02656,1.06177,1.07074,1.07516,1.08774,1.12282,1.15424,1.18725,1.22515,1.27654,1.31979,1.346,1.36671,1.37811,1.36636,1.39575,1.43604,1.45233,1.47943,1.50086,1.52264,1.57827,1.60767,1.61492,1.61417,1.64211,1.6574,1.69385,1.72235,1.70244,1.6089,1.63663,1.64398,1.60506,0.810729686,0.016399372,0.017424941,0.01845051,0.019476078,0.020501647,0.021527215,0.022552784,0.023578353,0.025244882,0.026911411,0.028577941,0.03024447,0.031911,0.033577529,0.035244059,0.036910588,0.038577118,0.040243647,0.041910177,0.043576706,0.045243235,0.046909765,0.048576294,0.050242824,0.051909353,0.053575883,0.055242412
442,Luxembourg,0.008,0.00853,0.00924,0.00962,0.00899,0.00922,0.00937,0.00975,0.00998,0.01006,0.01,0.01012,0.01042,0.01106,0.01137,0.01251,0.013,0.0141,0.01548,0.01631,0.01772,0.01804,0.0188,0.01952,0.0198,0.0201,0.02129,0.02267,0.02458,0.02665,0.02733,0.02844,0.02892,0.03018,0.03177,0.03333,0.03553,0.03527,0.03331,0.03434,0.035,0.03494,0.017648496,0.000356992,0.000379318,0.000401643,0.000423968,0.000446293,0.000468619,0.000490944,0.000513269,0.000549547,0.000585825,0.000622103,0.000658381,0.00069466,0.000730938,0.000767216,0.000803494,0.000839772,0.00087605,0.000912328,0.000948606,0.000984884,0.001021163,0.001057441,0.001093719,0.001129997,0.001166275,0.001202553
528,Netherlands and Netherlands Antilles,0.24279,0.24887,0.26327,0.27447,0.27481,0.28796,0.2935,0.30034,0.30641,0.31637,0.3139,0.31,0.31641,0.3261,0.33452,0.34384,0.35048,0.36254,0.37857,0.3944,0.40402,0.41091,0.41608,0.4284,0.44175,0.4568,0.47634,0.49503,0.51822,0.53864,0.54902,0.54943,0.55128,0.56361,0.57514,0.59467,0.61798,0.62914,0.60605,0.61531,0.62113,0.61341,0.309838696,0.006267391,0.006659335,0.00705128,0.007443224,0.007835168,0.008227112,0.008619057,0.009011001,0.009647903,0.010284805,0.010921707,0.011558609,0.012195511,0.012832413,0.013469315,0.014106217,0.014743118,0.01538002,0.016016922,0.016653824,0.017290726,0.017927628,0.01856453,0.019201432,0.019838334,0.020475236,0.021112138
578,Norway,0.07155,0.07532,0.07869,0.0817,0.0858,0.09077,0.09453,0.09817,0.10245,0.10707,0.10872,0.10886,0.11307,0.11973,0.12614,0.13124,0.13357,0.13334,0.13467,0.13727,0.14153,0.14652,0.1506,0.15821,0.16483,0.17323,0.18258,0.18747,0.19127,0.19749,0.20143,0.20445,0.20646,0.21463,0.22019,0.22525,0.23123,0.23138,0.2276,0.22869,0.23176,0.23847,0.120453259,0.002436518,0.002588891,0.002741264,0.002893637,0.003046009,0.003198382,0.003350755,0.003503127,0.00375073,0.003998333,0.004245936,0.004493538,0.004741141,0.004988744,0.005236347,0.005483949,0.005731552,0.005979155,0.006226758,0.006474361,0.006721963,0.006969566,0.007217169,0.007464772,0.007712374,0.007959977,0.00820758
616,Poland,0.23536,0.2526,0.27131,0.2873,0.30106,0.30851,0.31442,0.32604,0.31258,0.31398,0.28266,0.26918,0.28413,0.30021,0.31672,0.33024,0.33543,0.34873,0.34973,0.31183,0.28995,0.29724,0.30835,0.32467,0.34725,0.36891,0.39505,0.41473,0.4335,0.45196,0.45741,0.46401,0.48196,0.50771,0.52608,0.55884,0.59676,0.62735,0.63757,0.66227,0.69221,0.70563,0.356419815,0.00720963,0.007660499,0.008111368,0.008562238,0.009013107,0.009463976,0.009914845,0.010365714,0.011098368,0.011831021,0.012563675,0.013296329,0.014028983,0.014761636,0.01549429,0.016226944,0.016959597,0.017692251,0.018424905,0.019157559,0.019890212,0.020622866,0.02135552,0.022088174,0.022820827,0.023553481,0.024286135
620,Portugal,0.0787,0.08501,0.09453,0.09561,0.09145,0.09776,0.10324,0.10615,0.11213,0.11728,0.11918,0.12172,0.12151,0.11923,0.12257,0.12765,0.13579,0.14596,0.15536,0.1615,0.16856,0.17039,0.16691,0.16852,0.17574,0.18222,0.19025,0.20003,0.20818,0.21633,0.2206,0.22229,0.22026,0.2237,0.22543,0.2287,0.23411,0.23409,0.22728,0.23168,0.22878,0.22139,0.111826004,0.002262007,0.002403466,0.002544926,0.002686385,0.002827844,0.002969303,0.003110763,0.003252222,0.003482091,0.003711959,0.003941828,0.004171697,0.004401565,0.004631434,0.004861302,0.005091171,0.00532104,0.005550908,0.005780777,0.006010646,0.006240514,0.006470383,0.006700252,0.00693012,0.007159989,0.007389857,0.007619726
703,Slovak Republic,0.04321,0.04477,0.04627,0.04789,0.0493,0.05038,0.0523,0.05314,0.05359,0.05488,0.05456,0.05547,0.05614,0.0573,0.05931,0.06178,0.0633,0.06453,0.06531,0.06356,0.0543,0.05065,0.05161,0.05482,0.05802,0.06205,0.0648,0.06763,0.06765,0.06858,0.07097,0.07422,0.07776,0.0817,0.08713,0.09441,0.10431,0.11031,0.10487,0.10951,0.11277,0.11481,0.057991524,0.001173048,0.001246407,0.001319766,0.001393125,0.001466484,0.001539842,0.001613201,0.00168656,0.001805767,0.001924974,0.002044181,0.002163388,0.002282595,0.002401802,0.002521009,0.002640216,0.002759423,0.00287863,0.002997836,0.003117043,0.00323625,0.003355457,0.003474664,0.003593871,0.003713078,0.003832285,0.003951492
705,Slovenia,,,,,,,,,,,,,,,,0.02894,0.02867,0.02791,0.02807,0.03273,0.02982,0.02819,0.02899,0.03054,0.03179,0.03295,0.03458,0.0358,0.03771,0.03931,0.04047,0.04202,0.04325,0.04515,0.04696,0.04971,0.05317,0.05497,0.0506,0.05124,0.0516,0.05029,0.025401914,0.000513828,0.000545961,0.000578094,0.000610228,0.000642361,0.000674494,0.000706627,0.000738761,0.000790977,0.000843193,0.000895409,0.000947625,0.000999841,0.001052057,0.001104273,0.001156489,0.001208705,0.00126092,0.001313136,0.001365352,0.001417568,0.001469784,0.001522,0.001574216,0.001626432,0.001678648,0.001730864
724,Spain,0.42159,0.45595,0.49146,0.51908,0.52189,0.53913,0.55444,0.56255,0.56278,0.57521,0.57445,0.58161,0.59191,0.60247,0.61646,0.63651,0.67182,0.70604,0.74012,0.76811,0.78767,0.79499,0.78679,0.80554,0.82775,0.84804,0.88093,0.92029,0.96385,1.0125,1.04966,1.07811,1.11141,1.14764,1.18876,1.23722,1.28027,1.29168,1.24218,1.23968,1.2403,1.21994,0.616202244,0.012464487,0.01324398,0.014023472,0.014802965,0.015582457,0.01636195,0.017141442,0.017920935,0.019187595,0.020454256,0.021720916,0.022987576,0.024254237,0.025520897,0.026787557,0.028054218,0.029320878,0.030587539,0.031854199,0.033120859,0.03438752,0.03565418,0.036920841,0.038187501,0.039454161,0.040720822,0.041987482
752,Sweden,0.1407,0.14392,0.14963,0.15441,0.15836,0.16003,0.15748,0.16023,0.16639,0.16922,0.16999,0.17211,0.17538,0.1828,0.18675,0.19177,0.1982,0.20328,0.20867,0.21025,0.20784,0.20543,0.20119,0.20926,0.2175,0.22101,0.22699,0.23654,0.24756,0.25858,0.26185,0.26835,0.27462,0.28625,0.29529,0.30798,0.31819,0.31624,0.30034,0.32003,0.32942,0.33248,0.167938523,0.003397046,0.003609488,0.003821929,0.00403437,0.004246812,0.004459253,0.004671694,0.004884136,0.005229349,0.005574562,0.005919775,0.006264988,0.006610201,0.006955414,0.007300627,0.00764584,0.007991053,0.008336266,0.00868148,0.009026693,0.009371906,0.009717119,0.010062332,0.010407545,0.010752758,0.011097971,0.011443184
756,Switzerland,0.17061,0.17607,0.18144,0.18408,0.17067,0.16828,0.17237,0.17308,0.17739,0.18555,0.18853,0.18606,0.18725,0.19288,0.19997,0.20368,0.20691,0.21369,0.22295,0.23114,0.22902,0.22892,0.22863,0.23154,0.23265,0.23378,0.23855,0.24508,0.2485,0.25762,0.26082,0.26131,0.26136,0.26769,0.2749,0.28522,0.29618,0.30259,0.29673,0.3055,0.31097,0.31423,0.15872029,0.003210581,0.003411361,0.003612141,0.003812922,0.004013702,0.004214482,0.004415263,0.004616043,0.004942307,0.005268571,0.005594835,0.005921099,0.006247364,0.006573628,0.006899892,0.007226156,0.00755242,0.007878684,0.008204949,0.008531213,0.008857477,0.009183741,0.009510005,0.009836269,0.010162534,0.010488798,0.010815062
792,Turkey,0.18604,0.19986,0.20638,0.21792,0.23355,0.25799,0.26677,0.27079,0.2691,0.26252,0.27526,0.28507,0.29923,0.31932,0.33286,0.35621,0.39,0.39827,0.39927,0.43622,0.44026,0.46661,0.50413,0.47663,0.51091,0.5467,0.58786,0.60603,0.58564,0.62531,0.58968,0.62603,0.65899,0.72069,0.78124,0.8351,0.87409,0.87984,0.83738,0.91406,0.99425,1.0154,0.512887321,0.010374642,0.011023442,0.011672241,0.012321041,0.01296984,0.01361864,0.01426744,0.014916239,0.015970526,0.017024814,0.018079101,0.019133388,0.020187675,0.021241962,0.022296249,0.023350536,0.024404823,0.02545911,0.026513397,0.027567684,0.028621971,0.029676258,0.030730545,0.031784833,0.03283912,0.033893407,0.034947694
826,United Kingdom,0.82716,0.85709,0.91919,0.90462,0.89959,0.92452,0.94571,0.97734,1.00282,0.98173,0.96874,0.98902,1.02486,1.05223,1.09011,1.13385,1.18557,1.24523,1.27364,1.28357,1.26698,1.28338,1.32818,1.39397,1.44322,1.49361,1.55859,1.61418,1.66161,1.7341,1.77199,1.81266,1.88424,1.94403,2.00691,2.0622,2.13288,2.11647,2.00704,2.04035,2.06315,2.06888,1.045009179,0.021138358,0.022460289,0.02378222,0.025104151,0.026426082,0.027748013,0.029069944,0.030391875,0.032539987,0.0346881,0.036836212,0.038984325,0.041132437,0.04328055,0.045428662,0.047576775,0.049724887,0.051873,0.054021112,0.056169225,0.058317337,0.06046545,0.062613562,0.064761675,0.066909787,0.0690579,0.071206012
