numcode,country,Population1971,Population1972,Population1973,Population1974,Population1975,Population1976,Population1977,Population1978,Population1979,Population1980,Population1981,Population1982,Population1983,Population1984,Population1985,Population1986,Population1987,Population1988,Population1989,Population1990,Population1991,Population1992,Population1993,Population1994,Population1995,Population1996,Population1997,Population1998,Population1999,Population2000,Population2001,Population2002,Population2003,Population2004,Population2005,Population2006,Population2007,Population2008,Population2009,Population2010,Population2011,Population2012,Population2013,Population2014,Population2015,Population2016,Population2017,Population2018,Population2019,Population2020,Population2021,Population2022,Population2023,Population2024,Population2025,Population2026,Population2027,Population2028,Population2029,Population2030,Population2031,Population2032,Population2033,Population2034,Population2035,Population2036,Population2037,Population2038,Population2039,Population2040
12,Algeria,15.1,15.51,15.94,16.38,16.83,17.31,17.81,18.33,18.89,19.48,20.1,20.77,21.45,22.15,22.85,23.54,24.23,24.91,25.58,26.24,26.89,27.54,28.16,28.75,29.32,29.85,30.35,30.82,31.28,31.72,32.15,32.57,33,33.46,33.96,34.51,35.1,35.73,36.38,37.06,37.76,38.48,40.24379755,42.0075951,43.77139265,45.5351902,47.29898776,49.06278531,50.82658286,52.59038041,54.35417796,56.11797551,57.88177306,59.64557061,61.40936816,63.17316571,64.93696327,66.70076082,68.46455837,70.22835592,71.99215347,73.75595102,75.51974857,77.28354612,79.04734367,80.81114122,82.57493878,84.33873633,86.10253388,87.86633143
24,Angola,6.05,6.18,6.32,6.48,6.64,6.81,6.99,7.18,7.4,7.64,7.9,8.19,8.49,8.79,9.06,9.32,9.56,9.8,10.05,10.33,10.65,11,11.37,11.74,12.11,12.45,12.79,13.14,13.51,13.93,14.39,14.89,15.42,15.98,16.54,17.12,17.71,18.31,18.93,19.55,20.18,20.82,21.77432082,22.72864163,23.68296245,24.63728327,25.59160408,26.5459249,27.50024571,28.45456653,29.40888735,30.36320816,31.31752898,32.2718498,33.22617061,34.18049143,35.13481224,36.08913306,37.04345388,37.99777469,38.95209551,39.90641633,40.86073714,41.81505796,42.76937878,43.72369959,44.67802041,45.63234122,46.58666204,47.54098286
204,Benin,2.97,3.04,3.11,3.19,3.26,3.35,3.43,3.52,3.62,3.72,3.82,3.93,4.05,4.16,4.29,4.41,4.55,4.69,4.84,5,5.18,5.38,5.58,5.79,5.99,6.18,6.36,6.55,6.74,6.95,7.18,7.42,7.67,7.92,8.18,8.44,8.71,8.97,9.24,9.51,9.78,10.05,10.51065918,10.97131837,11.43197755,11.89263673,12.35329592,12.8139551,13.27461429,13.73527347,14.19593265,14.65659184,15.11725102,15.5779102,16.03856939,16.49922857,16.95988776,17.42054694,17.88120612,18.34186531,18.80252449,19.26318367,19.72384286,20.18450204,20.64516122,21.10582041,21.56647959,22.02713878,22.48779796,22.94845714
72,Botswana,0,0,0,0,0,0,0,0,0,0,1.03,1.07,1.11,1.15,1.19,1.22,1.26,1.3,1.34,1.38,1.43,1.47,1.51,1.55,1.58,1.62,1.66,1.69,1.73,1.76,1.78,1.81,1.83,1.86,1.88,1.9,1.92,1.93,1.95,1.97,1.99,2,2.091673469,2.183346939,2.275020408,2.366693878,2.458367347,2.550040816,2.641714286,2.733387755,2.825061224,2.916734694,3.008408163,3.100081633,3.191755102,3.283428571,3.375102041,3.46677551,3.55844898,3.650122449,3.741795918,3.833469388,3.925142857,4.016816327,4.108489796,4.200163265,4.291836735,4.383510204,4.475183673,4.566857143
120,Cameroon,6.95,7.13,7.33,7.53,7.74,7.96,8.19,8.43,8.67,8.93,9.2,9.48,9.77,10.07,10.38,10.7,11.03,11.37,11.72,12.07,12.43,12.8,13.17,13.55,13.93,14.32,14.71,15.11,15.51,15.93,16.35,16.78,17.22,17.68,18.14,18.61,19.1,19.6,20.1,20.62,21.16,21.7,22.69465714,23.68931429,24.68397143,25.67862857,26.67328571,27.66794286,28.6626,29.65725714,30.65191429,31.64657143,32.64122857,33.63588571,34.63054286,35.6252,36.61985714,37.61451429,38.60917143,39.60382857,40.59848571,41.59314286,42.5878,43.58245714,44.57711429,45.57177143,46.56642857,47.56108571,48.55574286,49.5504
178,Congo,1.38,1.42,1.46,1.51,1.55,1.6,1.65,1.7,1.75,1.8,1.85,1.91,1.96,2.02,2.08,2.14,2.2,2.26,2.32,2.38,2.45,2.51,2.58,2.65,2.72,2.8,2.88,2.96,3.04,3.13,3.21,3.28,3.36,3.45,3.54,3.65,3.76,3.88,4,4.11,4.23,4.34,4.538931429,4.737862857,4.936794286,5.135725714,5.334657143,5.533588571,5.73252,5.931451429,6.130382857,6.329314286,6.528245714,6.727177143,6.926108571,7.12504,7.323971429,7.522902857,7.721834286,7.920765714,8.119697143,8.318628571,8.51756,8.716491429,8.915422857,9.114354286,9.313285714,9.512217143,9.711148571,9.91008
384,Côte d'Ivoire,5.49,5.75,6.02,6.31,6.61,6.92,7.24,7.57,7.91,8.27,8.63,9.01,9.39,9.77,10.16,10.54,10.93,11.32,11.71,12.12,12.53,12.95,13.38,13.8,14.22,14.63,15.04,15.44,15.8,16.13,16.42,16.68,16.91,17.14,17.39,17.66,17.95,18.26,18.6,18.98,19.39,19.84,20.74940082,21.65880163,22.56820245,23.47760327,24.38700408,25.2964049,26.20580571,27.11520653,28.02460735,28.93400816,29.84340898,30.7528098,31.66221061,32.57161143,33.48101224,34.39041306,35.29981388,36.20921469,37.11861551,38.02801633,38.93741714,39.84681796,40.75621878,41.66561959,42.57502041,43.48442122,44.39382204,45.30322286
180,Democratic Republic of Congo,20.56,21.12,21.69,22.28,22.9,23.56,24.24,24.94,25.65,26.36,27.06,27.77,28.49,29.24,30.04,30.87,31.74,32.68,33.73,34.91,36.25,37.73,39.26,40.71,42.01,43.12,44.08,44.96,45.89,46.95,48.17,49.52,50.97,52.49,54.03,55.59,57.19,58.82,60.49,62.19,63.93,65.71,68.72193184,71.73386367,74.74579551,77.75772735,80.76965918,83.78159102,86.79352286,89.80545469,92.81738653,95.82931837,98.8412502,101.853182,104.8651139,107.8770457,110.8889776,113.9009094,116.9128412,119.9247731,122.9367049,125.9486367,128.9605686,131.9725004,134.9844322,137.9963641,141.0082959,144.0202278,147.0321596,150.0440914
818,Egypt,37.15,37.95,38.73,39.53,40.36,41.21,42.09,43.01,43.95,44.93,45.95,46.99,48.07,49.19,50.35,51.55,52.78,54.01,55.21,56.34,57.39,58.37,59.31,60.23,61.17,62.12,63.09,64.08,65.1,66.14,67.2,68.3,69.43,70.59,71.78,72.99,74.23,75.49,76.78,78.08,79.39,80.72,84.41994122,88.11988245,91.81982367,95.5197649,99.21970612,102.9196473,106.6195886,110.3195298,114.019471,117.7194122,121.4193535,125.1192947,128.8192359,132.5191771,136.2191184,139.9190596,143.6190008,147.318942,151.0188833,154.7188245,158.4187657,162.1187069,165.8186482,169.5185894,173.2185306,176.9184718,180.6184131,184.3183543
232,Eritrea,0,0,0,0,0,0,0,0,0,0,0,0,0,0,0,0,0,0,0,0,0,3.33,3.35,3.37,3.41,3.47,3.56,3.67,3.8,3.94,4.1,4.28,4.47,4.67,4.85,5.04,5.21,5.38,5.56,5.74,5.93,6.13,6.410979184,6.691958367,6.972937551,7.253916735,7.534895918,7.815875102,8.096854286,8.377833469,8.658812653,8.939791837,9.22077102,9.501750204,9.782729388,10.06370857,10.34468776,10.62566694,10.90664612,11.18762531,11.46860449,11.74958367,12.03056286,12.31154204,12.59252122,12.87350041,13.15447959,13.43545878,13.71643796,13.99741714
231,Ethiopia,29.25,30.14,31.03,31.86,32.57,33.15,33.62,34.06,34.57,35.24,36.09,37.11,38.26,39.49,40.78,42.1,43.48,44.92,46.44,48.04,49.74,51.53,53.36,55.2,57.02,58.82,60.58,62.35,64.16,66.02,67.96,69.95,71.99,74.07,76.17,78.29,80.44,82.62,84.84,87.1,89.39,91.73,95.93460367,100.1392073,104.343811,108.5484147,112.7530184,116.957622,121.1622257,125.3668294,129.5714331,133.7760367,137.9806404,142.1852441,146.3898478,150.5944514,154.7990551,159.0036588,163.2082624,167.4128661,171.6174698,175.8220735,180.0266771,184.2312808,188.4358845,192.6404882,196.8450918,201.0496955,205.2542992,209.4589029
266,Gabon,0.6,0.61,0.62,0.64,0.65,0.66,0.68,0.69,0.71,0.73,0.75,0.76,0.78,0.8,0.83,0.85,0.87,0.9,0.92,0.95,0.97,1,1.03,1.05,1.08,1.11,1.14,1.17,1.2,1.23,1.26,1.29,1.32,1.35,1.38,1.41,1.45,1.48,1.52,1.56,1.59,1.63,1.704713878,1.779427755,1.854141633,1.92885551,2.003569388,2.078283265,2.152997143,2.22771102,2.302424898,2.377138776,2.451852653,2.526566531,2.601280408,2.675994286,2.750708163,2.825422041,2.900135918,2.974849796,3.049563673,3.124277551,3.198991429,3.273705306,3.348419184,3.423133061,3.497846939,3.572560816,3.647274694,3.721988571
288,Ghana,8.83,9.08,9.35,9.6,9.83,10.02,10.19,10.36,10.55,10.8,11.12,11.49,11.9,12.31,12.72,13.11,13.48,13.85,14.23,14.63,15.04,15.47,15.91,16.34,16.76,17.17,17.57,17.97,18.38,18.83,19.29,19.79,20.3,20.84,21.38,21.95,22.53,23.11,23.69,24.26,24.82,25.37,26.53287796,27.69575592,28.85863388,30.02151184,31.1843898,32.34726776,33.51014571,34.67302367,35.83590163,36.99877959,38.16165755,39.32453551,40.48741347,41.65029143,42.81316939,43.97604735,45.13892531,46.30180327,47.46468122,48.62755918,49.79043714,50.9533151,52.11619306,53.27907102,54.44194898,55.60482694,56.7677049,57.93058286
404,Kenya,11.66,12.08,12.53,13,13.49,14,14.53,15.08,15.66,16.27,16.9,17.56,18.24,18.94,19.66,20.39,21.14,21.9,22.67,23.45,24.24,25.04,25.84,26.64,27.42,28.19,28.94,29.7,30.48,31.29,32.13,33,33.91,34.84,35.79,36.76,37.75,38.77,39.83,40.91,42.03,43.18,45.1592302,47.13846041,49.11769061,51.09692082,53.07615102,55.05538122,57.03461143,59.01384163,60.99307184,62.97230204,64.95153224,66.93076245,68.90999265,70.88922286,72.86845306,74.84768327,76.82691347,78.80614367,80.78537388,82.76460408,84.74383429,86.72306449,88.70229469,90.6815249,92.6607551,94.63998531,96.61921551,98.59844571
434,Libya,2.16,2.25,2.34,2.43,2.53,2.63,2.74,2.84,2.96,3.08,3.21,3.34,3.48,3.61,3.74,3.86,3.96,4.06,4.16,4.26,4.36,4.46,4.56,4.65,4.75,4.84,4.92,5.01,5.09,5.18,5.26,5.34,5.42,5.51,5.59,5.69,5.78,5.88,5.96,6.04,6.1,6.16,6.442354286,6.724708571,7.007062857,7.289417143,7.571771429,7.854125714,8.13648,8.418834286,8.701188571,8.983542857,9.265897143,9.548251429,9.830605714,10.11296,10.39531429,10.67766857,10.96002286,11.24237714,11.52473143,11.80708571,12.08944,12.37179429,12.65414857,12.93650286,13.21885714,13.50121143,13.78356571,14.06592
480,Mauritius,0.84,0.85,0.87,0.88,0.89,0.91,0.92,0.94,0.95,0.97,0.98,0.99,1,1.01,1.02,1.03,1.03,1.04,1.05,1.06,1.07,1.08,1.1,1.11,1.12,1.13,1.15,1.16,1.18,1.19,1.2,1.21,1.22,1.23,1.24,1.25,1.26,1.27,1.28,1.28,1.29,1.29,1.349129388,1.408258776,1.467388163,1.526517551,1.585646939,1.644776327,1.703905714,1.763035102,1.82216449,1.881293878,1.940423265,1.999552653,2.058682041,2.117811429,2.176940816,2.236070204,2.295199592,2.35432898,2.413458367,2.472587755,2.531717143,2.590846531,2.649975918,2.709105306,2.768234694,2.827364082,2.886493469,2.945622857
504,Morocco,16.27,16.61,16.96,17.31,17.69,18.07,18.48,18.9,19.34,19.8,20.28,20.77,21.27,21.78,22.28,22.77,23.26,23.74,24.21,24.68,25.13,25.57,26,26.42,26.83,27.24,27.63,28.01,28.37,28.71,29.02,29.31,29.59,29.86,30.13,30.4,30.67,30.96,31.28,31.64,32.06,32.52,34.01061061,35.50122122,36.99183184,38.48244245,39.97305306,41.46366367,42.95427429,44.4448849,45.93549551,47.42610612,48.91671673,50.40732735,51.89793796,53.38854857,54.87915918,56.3697698,57.86038041,59.35099102,60.84160163,62.33221224,63.82282286,65.31343347,66.80404408,68.29465469,69.78526531,71.27587592,72.76648653,74.25709714
508,Mozambique,9.67,9.88,10.11,10.35,10.62,10.91,11.21,11.53,11.84,12.14,12.44,12.73,12.99,13.2,13.34,13.39,13.38,13.35,13.4,13.57,13.89,14.35,14.89,15.45,15.98,16.46,16.92,17.35,17.8,18.28,18.79,19.32,19.87,20.44,21.01,21.59,22.17,22.76,23.36,23.97,24.58,25.2,26.35508571,27.51017143,28.66525714,29.82034286,30.97542857,32.13051429,33.2856,34.44068571,35.59577143,36.75085714,37.90594286,39.06102857,40.21611429,41.3712,42.52628571,43.68137143,44.83645714,45.99154286,47.14662857,48.30171429,49.4568,50.61188571,51.76697143,52.92205714,54.07714286,55.23222857,56.38731429,57.5424
516,Namibia,0,0,0,0,0,0,0,0,0,0,0,0,0,0,0,0,0,0,0,0,1.47,1.51,1.56,1.61,1.65,1.71,1.76,1.81,1.86,1.9,1.93,1.96,1.98,2,2.03,2.05,2.08,2.11,2.14,2.18,2.22,2.26,2.36359102,2.467182041,2.570773061,2.674364082,2.777955102,2.881546122,2.985137143,3.088728163,3.192319184,3.295910204,3.399501224,3.503092245,3.606683265,3.710274286,3.813865306,3.917456327,4.021047347,4.124638367,4.228229388,4.331820408,4.435411429,4.539002449,4.642593469,4.74618449,4.84977551,4.953366531,5.056957551,5.160548571
566,Nigeria,57.45,58.83,60.29,61.86,63.57,65.43,67.43,69.51,71.62,73.7,75.73,77.73,79.73,81.78,83.9,86.12,88.41,90.77,93.18,95.62,98.09,100.59,103.15,105.75,108.43,111.17,113.98,116.87,119.83,122.88,126.01,129.23,132.55,136,139.59,143.32,147.19,151.21,155.38,159.71,164.19,168.83,176.5686159,184.3072318,192.0458478,199.7844637,207.5230796,215.2616955,223.0003114,230.7389273,238.4775433,246.2161592,253.9547751,261.693391,269.4320069,277.1706229,284.9092388,292.6478547,300.3864706,308.1250865,315.8637024,323.6023184,331.3409343,339.0795502,346.8181661,354.556782,362.295398,370.0340139,377.7726298,385.5112457
686,Senegal,4.35,4.49,4.63,4.77,4.9,5.03,5.16,5.29,5.43,5.57,5.72,5.89,6.06,6.25,6.44,6.64,6.85,7.06,7.29,7.51,7.75,7.99,8.24,8.48,8.71,8.94,9.16,9.39,9.62,9.86,10.12,10.39,10.67,10.97,11.27,11.58,11.91,12.24,12.59,12.95,13.33,13.73,14.35933837,14.98867673,15.6180151,16.24735347,16.87669184,17.5060302,18.13536857,18.76470694,19.39404531,20.02338367,20.65272204,21.28206041,21.91139878,22.54073714,23.17007551,23.79941388,24.42875224,25.05809061,25.68742898,26.31676735,26.94610571,27.57544408,28.20478245,28.83412082,29.46345918,30.09279755,30.72213592,31.35147429
710,South Africa,22.6,23.13,23.66,24.19,24.73,25.27,25.81,26.36,26.94,27.58,28.26,28.97,29.72,30.51,31.31,32.12,32.93,33.73,34.49,35.2,35.93,36.69,37.47,38.28,39.12,40,40.93,41.9,42.92,44,44.91,45.81,46.41,47.02,47.64,48.27,48.91,49.56,50.22,50.9,51.58,52.28,54.67634449,57.07268898,59.46903347,61.86537796,64.26172245,66.65806694,69.05441143,71.45075592,73.84710041,76.2434449,78.63978939,81.03613388,83.43247837,85.82882286,88.22516735,90.62151184,93.01785633,95.41420082,97.81054531,100.2068898,102.6032343,104.9995788,107.3959233,109.7922678,112.1886122,114.5849567,116.9813012,119.3776457
729,Sudan,14.3,14.74,15.2,15.68,16.19,16.73,17.29,17.87,18.48,19.12,19.79,20.48,21.18,21.87,22.54,23.19,23.8,24.42,25.07,25.77,26.54,27.36,28.22,29.1,29.96,30.82,31.68,32.55,33.45,34.38,35.36,36.37,37.42,38.51,39.63,40.77,41.96,43.16,44.37,45.59,46.81,48.03,50.23153837,52.43307673,54.6346151,56.83615347,59.03769184,61.2392302,63.44076857,65.64230694,67.84384531,70.04538367,72.24692204,74.44846041,76.64999878,78.85153714,81.05307551,83.25461388,85.45615224,87.65769061,89.85922898,92.06076735,94.26230571,96.46384408,98.66538245,100.8669208,103.0684592,105.2699976,107.4715359,109.6730743
768,Togo,2.19,2.25,2.3,2.36,2.41,2.46,2.52,2.58,2.64,2.72,2.81,2.92,3.03,3.14,3.25,3.36,3.47,3.58,3.69,3.79,3.89,3.99,4.08,4.18,4.28,4.39,4.5,4.62,4.74,4.87,4.99,5.12,5.26,5.4,5.54,5.69,5.84,5.99,6.14,6.31,6.47,6.64,6.944355918,7.248711837,7.553067755,7.857423673,8.161779592,8.46613551,8.770491429,9.074847347,9.379203265,9.683559184,9.987915102,10.29227102,10.59662694,10.90098286,11.20533878,11.50969469,11.81405061,12.11840653,12.42276245,12.72711837,13.03147429,13.3358302,13.64018612,13.94454204,14.24889796,14.55325388,14.8576098,15.16196571
788,Tunisia,5.21,5.29,5.39,5.49,5.61,5.74,5.89,6.05,6.22,6.38,6.56,6.73,6.91,7.04,7.26,7.49,7.69,7.86,7.96,8.15,8.32,8.49,8.66,8.82,8.96,9.09,9.22,9.33,9.46,9.56,9.67,9.78,9.84,9.93,10.03,10.13,10.23,10.33,10.44,10.55,10.67,10.78,11.27412,11.76824,12.26236,12.75648,13.2506,13.74472,14.23884,14.73296,15.22708,15.7212,16.21532,16.70944,17.20356,17.69768,18.1918,18.68592,19.18004,19.67416,20.16828,20.6624,21.15652,21.65064,22.14476,22.63888,23.133,23.62712,24.12124,24.61536
834,United Republic of Tanzania,14.05,14.51,14.98,15.48,15.98,16.49,17.02,17.56,18.11,18.69,19.28,19.9,20.53,21.18,21.85,22.53,23.22,23.93,24.69,25.49,26.34,27.24,28.16,29.07,29.94,30.78,31.59,32.38,33.18,34.02,34.9,35.81,36.76,37.77,38.82,39.94,41.12,42.35,43.64,44.97,46.36,47.78,49.97007918,52.16015837,54.35023755,56.54031673,58.73039592,60.9204751,63.11055429,65.30063347,67.49071265,69.68079184,71.87087102,74.0609502,76.25102939,78.44110857,80.63118776,82.82126694,85.01134612,87.20142531,89.39150449,91.58158367,93.77166286,95.96174204,98.15182122,100.3419004,102.5319796,104.7220588,106.912138,109.1022171
894,Zambia,4.33,4.48,4.64,4.8,4.96,5.13,5.3,5.48,5.66,5.85,6.04,6.24,6.44,6.64,6.84,7.04,7.24,7.45,7.65,7.85,8.04,8.23,8.42,8.63,8.84,9.07,9.32,9.58,9.84,10.1,10.36,10.63,10.9,11.18,11.47,11.78,12.11,12.46,12.83,13.22,13.63,14.08,14.72538122,15.37076245,16.01614367,16.6615249,17.30690612,17.95228735,18.59766857,19.2430498,19.88843102,20.53381224,21.17919347,21.82457469,22.46995592,23.11533714,23.76071837,24.40609959,25.05148082,25.69686204,26.34224327,26.98762449,27.63300571,28.27838694,28.92376816,29.56914939,30.21453061,30.85991184,31.50529306,32.15067429
716,Zimbabwe,5.39,5.57,5.77,5.97,6.17,6.37,6.58,6.8,7.03,7.29,7.57,7.88,8.2,8.53,8.86,9.19,9.53,9.85,10.17,10.46,10.73,10.98,11.21,11.43,11.64,11.85,12.05,12.23,12.39,12.5,12.59,12.64,12.67,12.69,12.71,12.72,12.74,12.78,12.89,13.08,13.36,13.72,14.34888,14.97776,15.60664,16.23552,16.8644,17.49328,18.12216,18.75104,19.37992,20.0088,20.63768,21.26656,21.89544,22.52432,23.1532,23.78208,24.41096,25.03984,25.66872,26.2976,26.92648,27.55536,28.18424,28.81312,29.442,30.07088,30.69976,31.32864
32,Argentina,24.37,24.79,25.22,25.65,26.07,26.48,26.89,27.29,27.7,28.12,28.55,28.99,29.44,29.89,30.34,30.8,31.26,31.71,32.17,32.63,33.08,33.52,33.96,34.4,34.83,35.26,35.69,36.11,36.52,36.9,37.27,37.63,37.97,38.31,38.65,38.99,39.33,39.68,40.02,40.37,40.73,41.09,41.57539403,42.06078806,42.54618209,43.03157612,43.51697015,44.00236418,44.48775821,44.97315224,45.45854627,45.9439403,46.42933434,46.91472837,47.4001224,47.88551643,48.37091046,48.85630449,49.34169852,49.82709255,50.31248658,50.79788061,51.28327464,51.76866867,52.2540627,52.73945673,53.22485076,53.71024479,54.19563882,54.68103285
68,Bolivia,4.32,4.43,4.54,4.65,4.77,4.88,5,5.12,5.24,5.37,5.5,5.63,5.76,5.9,6.04,6.18,6.33,6.48,6.64,6.79,6.96,7.12,7.29,7.46,7.64,7.81,7.98,8.15,8.32,8.5,8.67,8.84,9.02,9.19,9.36,9.52,9.68,9.83,9.99,10.16,10.32,10.5,10.62403595,10.74807191,10.87210786,10.99614381,11.12017977,11.24421572,11.36825167,11.49228763,11.61632358,11.74035953,11.86439549,11.98843144,12.11246739,12.23650335,12.3605393,12.48457525,12.60861121,12.73264716,12.85668311,12.98071907,13.10475502,13.22879097,13.35282693,13.47686288,13.60089883,13.72493479,13.84897074,13.97300669
76,Brazil,98.43,100.81,103.23,105.69,108.22,110.81,113.46,116.16,118.92,121.74,124.61,127.53,130.46,133.36,136.22,139.02,141.77,144.45,147.08,149.65,152.15,154.6,157.01,159.43,161.89,164.39,166.93,169.47,172.01,174.51,176.97,179.39,181.75,184.01,186.14,188.13,190,191.77,193.49,195.21,196.94,198.66,199.7435714,200.8271429,201.9107143,202.9942857,204.0778571,205.1614286,206.245,207.3285714,208.4121429,209.4957143,210.5792857,211.6628571,212.7464286,213.83,214.9135714,215.9971429,217.0807143,218.1642857,219.2478571,220.3314286,221.415,222.4985714,223.5821429,224.6657143,225.7492857,226.8328571,227.9164286,229
170,Colombia,21.88,22.4,22.93,23.45,24,24.56,25.14,25.73,26.33,26.94,27.55,28.17,28.8,29.44,30.08,30.72,31.36,32.01,32.66,33.31,33.96,34.61,35.26,35.92,36.57,37.24,37.9,38.57,39.23,39.9,40.56,41.22,41.87,42.53,43.18,43.84,44.5,45.15,45.8,46.45,47.08,47.7,48.26347762,48.82695523,49.39043285,49.95391047,50.51738808,51.0808657,51.64434331,52.20782093,52.77129855,53.33477616,53.89825378,54.4617314,55.02520901,55.58868663,56.15216424,56.71564186,57.27911948,57.84259709,58.40607471,58.96955233,59.53302994,60.09650756,60.65998517,61.22346279,61.78694041,62.35041802,62.91389564,63.47737326
188,Costa Rica,1.87,1.91,1.96,2,2.05,2.11,2.16,2.22,2.28,2.35,2.42,2.48,2.55,2.63,2.7,2.77,2.85,2.92,3,3.08,3.16,3.23,3.31,3.39,3.48,3.57,3.66,3.75,3.84,3.93,4.01,4.09,4.17,4.25,4.32,4.39,4.46,4.53,4.6,4.67,4.74,4.81,4.86682028,4.923640559,4.980460839,5.037281118,5.094101398,5.150921677,5.207741957,5.264562236,5.321382516,5.378202795,5.435023075,5.491843355,5.548663634,5.605483914,5.662304193,5.719124473,5.775944752,5.832765032,5.889585311,5.946405591,6.00322587,6.06004615,6.11686643,6.173686709,6.230506989,6.287327268,6.344147548,6.400967827
192,Cuba,8.87,9.03,9.18,9.32,9.44,9.54,9.63,9.71,9.78,9.84,9.89,9.93,9.98,10.03,10.1,10.18,10.29,10.4,10.5,10.6,10.69,10.76,10.82,10.88,10.93,10.98,11.02,11.06,11.1,11.14,11.18,11.21,11.25,11.27,11.29,11.3,11.3,11.3,11.29,11.28,11.28,11.27,11.40313192,11.53626385,11.66939577,11.80252769,11.93565962,12.06879154,12.20192346,12.33505539,12.46818731,12.60131923,12.73445115,12.86758308,13.000715,13.13384692,13.26697885,13.40011077,13.53324269,13.66637462,13.79950654,13.93263846,14.06577039,14.19890231,14.33203423,14.46516616,14.59829808,14.73143,14.86456193,14.99769385
214,Dominican Republic,4.65,4.78,4.91,5.04,5.17,5.3,5.43,5.56,5.69,5.83,5.96,6.1,6.24,6.38,6.52,6.67,6.81,6.95,7.1,7.25,7.39,7.54,7.69,7.83,7.98,8.12,8.26,8.39,8.53,8.66,8.8,8.94,9.07,9.21,9.34,9.48,9.62,9.75,9.88,10.02,10.15,10.28,10.4014371,10.52287421,10.64431131,10.76574842,10.88718552,11.00862263,11.13005973,11.25149684,11.37293394,11.49437105,11.61580815,11.73724526,11.85868236,11.98011947,12.10155657,12.22299368,12.34443078,12.46586789,12.58730499,12.70874209,12.8301792,12.9516163,13.07305341,13.19449051,13.31592762,13.43736472,13.55880183,13.68023893
218,Ecuador,6.2,6.38,6.56,6.74,6.93,7.12,7.31,7.51,7.71,7.91,8.11,8.32,8.53,8.74,8.96,9.19,9.42,9.65,9.89,10.12,10.36,10.6,10.84,11.08,11.32,11.56,11.8,12.04,12.29,12.53,12.78,13.03,13.28,13.53,13.78,14.02,14.27,14.51,14.76,15,15.25,15.49,15.67298256,15.85596513,16.03894769,16.22193025,16.40491282,16.58789538,16.77087794,16.95386051,17.13684307,17.31982563,17.5028082,17.68579076,17.86877332,18.05175589,18.23473845,18.41772102,18.60070358,18.78368614,18.96666871,19.14965127,19.33263383,19.5156164,19.69859896,19.88158152,20.06456409,20.24754665,20.43052921,20.61351178
222,El Salvador,3.84,3.94,4.04,4.14,4.23,4.33,4.41,4.5,4.58,4.66,4.73,4.81,4.87,4.94,5,5.07,5.13,5.2,5.27,5.34,5.43,5.51,5.6,5.68,5.75,5.81,5.86,5.9,5.93,5.96,5.99,6.01,6.03,6.05,6.07,6.1,6.12,6.15,6.18,6.22,6.26,6.3,6.374421572,6.448843144,6.523264716,6.597686288,6.67210786,6.746529432,6.820951004,6.895372576,6.969794148,7.04421572,7.118637292,7.193058864,7.267480436,7.341902007,7.416323579,7.490745151,7.565166723,7.639588295,7.714009867,7.788431439,7.862853011,7.937274583,8.011696155,8.086117727,8.160539299,8.234960871,8.309382443,8.383804015
320,Guatemala,5.57,5.72,5.88,6.04,6.19,6.35,6.51,6.67,6.83,7,7.18,7.36,7.54,7.73,7.92,8.11,8.3,8.49,8.69,8.89,9.1,9.31,9.53,9.76,9.98,10.22,10.45,10.69,10.94,11.2,11.48,11.77,12.06,12.37,12.68,13,13.32,13.65,13.99,14.34,14.71,15.08,15.25813925,15.43627851,15.61441776,15.79255702,15.97069627,16.14883553,16.32697478,16.50511404,16.68325329,16.86139255,17.0395318,17.21767106,17.39581031,17.57394957,17.75208882,17.93022808,18.10836733,18.28650659,18.46464584,18.6427851,18.82092435,18.99906361,19.17720286,19.35534212,19.53348137,19.71162062,19.88975988,20.06789913
332,Haiti,4.8,4.88,4.97,5.05,5.14,5.24,5.35,5.45,5.57,5.69,5.82,5.96,6.1,6.25,6.39,6.53,6.68,6.82,6.97,7.11,7.26,7.4,7.55,7.69,7.84,7.99,8.14,8.29,8.43,8.58,8.72,8.86,9,9.13,9.26,9.39,9.51,9.64,9.77,9.9,10.03,10.17,10.29013768,10.41027536,10.53041304,10.65055072,10.7706884,10.89082608,11.01096376,11.13110144,11.25123912,11.3713768,11.49151449,11.61165217,11.73178985,11.85192753,11.97206521,12.09220289,12.21234057,12.33247825,12.45261593,12.57275361,12.69289129,12.81302897,12.93316665,13.05330433,13.17344201,13.29357969,13.41371737,13.53385505
340,Honduras,2.77,2.85,2.93,3.02,3.11,3.21,3.31,3.41,3.52,3.64,3.75,3.87,3.99,4.11,4.24,4.37,4.5,4.63,4.77,4.9,5.04,5.18,5.32,5.46,5.59,5.72,5.85,5.98,6.11,6.24,6.37,6.5,6.63,6.76,6.9,7.04,7.18,7.32,7.47,7.62,7.78,7.94,8.033794807,8.127589613,8.22138442,8.315179226,8.408974033,8.502768839,8.596563646,8.690358453,8.784153259,8.877948066,8.971742872,9.065537679,9.159332485,9.253127292,9.346922099,9.440716905,9.534511712,9.628306518,9.722101325,9.815896131,9.909690938,10.00348574,10.09728055,10.19107536,10.28487016,10.37866497,10.47245978,10.56625458
388,Jamaica,1.9,1.93,1.96,1.99,2.01,2.04,2.06,2.08,2.1,2.13,2.16,2.2,2.24,2.28,2.31,2.34,2.35,2.36,2.38,2.39,2.41,2.42,2.44,2.46,2.48,2.51,2.53,2.56,2.57,2.59,2.61,2.62,2.63,2.63,2.64,2.65,2.66,2.67,2.68,2.69,2.7,2.71,2.742013089,2.774026178,2.806039267,2.838052356,2.870065444,2.902078533,2.934091622,2.966104711,2.9981178,3.030130889,3.062143978,3.094157067,3.126170156,3.158183244,3.190196333,3.222209422,3.254222511,3.2862356,3.318248689,3.350261778,3.382274867,3.414287956,3.446301045,3.478314133,3.510327222,3.542340311,3.5743534,3.606366489
558,Nicaragua,2.47,2.55,2.63,2.71,2.8,2.89,2.98,3.07,3.16,3.25,3.34,3.44,3.53,3.62,3.71,3.8,3.88,3.96,4.05,4.14,4.24,4.34,4.45,4.56,4.66,4.76,4.85,4.94,5.02,5.1,5.18,5.25,5.32,5.39,5.46,5.53,5.6,5.67,5.74,5.82,5.91,5.99,6.060759558,6.131519116,6.202278674,6.273038232,6.343797791,6.414557349,6.485316907,6.556076465,6.626836023,6.697595581,6.768355139,6.839114697,6.909874255,6.980633813,7.051393372,7.12215293,7.192912488,7.263672046,7.334431604,7.405191162,7.47595072,7.546710278,7.617469836,7.688229395,7.758988953,7.829748511,7.900508069,7.971267627
591,Panama,1.57,1.62,1.66,1.71,1.75,1.8,1.85,1.9,1.94,1.99,2.04,2.09,2.14,2.18,2.23,2.28,2.33,2.38,2.44,2.49,2.54,2.59,2.65,2.7,2.76,2.82,2.87,2.93,2.99,3.06,3.12,3.18,3.24,3.3,3.37,3.43,3.49,3.55,3.62,3.68,3.74,3.8,3.844889202,3.889778404,3.934667606,3.979556809,4.024446011,4.069335213,4.114224415,4.159113617,4.204002819,4.248892021,4.293781224,4.338670426,4.383559628,4.42844883,4.473338032,4.518227234,4.563116436,4.608005638,4.652894841,4.697784043,4.742673245,4.787562447,4.832451649,4.877340851,4.922230053,4.967119256,5.012008458,5.05689766
600,Paraguay,2.55,2.61,2.67,2.74,2.81,2.88,2.95,3.03,3.11,3.2,3.29,3.39,3.49,3.6,3.7,3.81,3.92,4.03,4.14,4.25,4.36,4.47,4.58,4.69,4.8,4.91,5.02,5.13,5.24,5.35,5.46,5.57,5.68,5.79,5.9,6.02,6.13,6.24,6.35,6.46,6.57,6.69,6.769028622,6.848057243,6.927085865,7.006114487,7.085143108,7.16417173,7.243200352,7.322228973,7.401257595,7.480286217,7.559314838,7.63834346,7.717372082,7.796400703,7.875429325,7.954457946,8.033486568,8.11251519,8.191543811,8.270572433,8.349601055,8.428629676,8.507658298,8.58668692,8.665715541,8.744744163,8.823772785,8.902801406
604,Peru,13.57,13.95,14.35,14.75,15.16,15.59,16.02,16.45,16.89,17.33,17.77,18.2,18.64,19.08,19.53,19.97,20.42,20.88,21.33,21.77,22.21,22.65,23.08,23.51,23.94,24.37,24.79,25.21,25.61,26,26.37,26.73,27.07,27.4,27.72,28.03,28.33,28.63,28.93,29.26,29.62,29.99,30.34427031,30.69854062,31.05281093,31.40708123,31.76135154,32.11562185,32.46989216,32.82416247,33.17843278,33.53270308,33.88697339,34.2412437,34.59551401,34.94978432,35.30405463,35.65832494,36.01259524,36.36686555,36.72113586,37.07540617,37.42967648,37.78394679,38.13821709,38.4924874,38.84675771,39.20102802,39.55529833,39.90956864
780,Trinidad and Tobago,0.96,0.97,0.98,1,1.01,1.03,1.04,1.05,1.07,1.09,1.1,1.12,1.14,1.16,1.17,1.18,1.2,1.21,1.21,1.22,1.23,1.24,1.24,1.25,1.26,1.26,1.26,1.26,1.27,1.27,1.27,1.28,1.28,1.29,1.3,1.3,1.31,1.32,1.32,1.33,1.33,1.34,1.35582935,1.3716587,1.387488051,1.403317401,1.419146751,1.434976101,1.450805452,1.466634802,1.482464152,1.498293502,1.514122852,1.529952203,1.545781553,1.561610903,1.577440253,1.593269604,1.609098954,1.624928304,1.640757654,1.656587005,1.672416355,1.688245705,1.704075055,1.719904405,1.735733756,1.751563106,1.767392456,1.783221806
858,Uruguay,2.82,2.82,2.82,2.82,2.83,2.84,2.86,2.88,2.9,2.92,2.94,2.95,2.97,2.99,3.01,3.03,3.05,3.07,3.09,3.11,3.13,3.16,3.18,3.2,3.22,3.25,3.27,3.29,3.31,3.32,3.33,3.33,3.33,3.32,3.33,3.33,3.34,3.35,3.36,3.37,3.38,3.4,3.440164023,3.480328046,3.520492069,3.560656092,3.600820115,3.640984138,3.681148161,3.721312184,3.761476207,3.80164023,3.841804253,3.881968276,3.922132299,3.962296322,4.002460344,4.042624367,4.08278839,4.122952413,4.163116436,4.203280459,4.243444482,4.283608505,4.323772528,4.363936551,4.404100574,4.444264597,4.48442862,4.524592643
862,Venezuela,11.09,11.48,11.88,12.3,12.74,13.2,13.67,14.15,14.63,15.1,15.55,15.99,16.43,16.87,17.32,17.79,18.28,18.77,19.26,19.74,20.22,20.69,21.16,21.63,22.09,22.56,23.02,23.48,23.95,24.41,24.87,25.33,25.8,26.26,26.73,27.19,27.66,28.12,28.58,29.04,29.5,29.96,30.31391592,30.66783184,31.02174776,31.37566368,31.7295796,32.08349552,32.43741144,32.79132736,33.14524328,33.4991592,33.85307512,34.20699104,34.56090696,34.91482288,35.2687388,35.62265472,35.97657064,36.33048656,36.68440248,37.0383184,37.39223432,37.74615024,38.10006616,38.45398208,38.807898,39.16181392,39.51572984,39.86964576
48,Bahrain,0.22,0.23,0.24,0.25,0.27,0.28,0.3,0.32,0.34,0.36,0.37,0.39,0.4,0.41,0.42,0.43,0.45,0.47,0.48,0.5,0.51,0.52,0.54,0.55,0.56,0.58,0.6,0.62,0.64,0.67,0.7,0.73,0.77,0.82,0.88,0.95,1.03,1.12,1.19,1.25,1.29,1.32,1.341993226,1.363986453,1.385979679,1.407972905,1.429966131,1.451959358,1.473952584,1.49594581,1.517939037,1.539932263,1.561925489,1.583918715,1.605911942,1.627905168,1.649898394,1.671891621,1.693884847,1.715878073,1.737871299,1.759864526,1.781857752,1.803850978,1.825844205,1.847837431,1.869830657,1.891823883,1.91381711,1.935810336
368,Iraq,10.26,10.6,10.95,11.31,11.69,12.07,12.46,12.86,13.26,13.65,14.05,14.44,14.82,15.2,15.58,15.94,16.3,16.67,17.07,17.52,18.01,18.55,19.12,19.73,20.36,21.02,21.69,22.39,23.09,23.8,24.52,25.24,25.96,26.67,27.38,28.06,28.74,29.43,30.16,30.96,31.76,32.58,33.12283281,33.66566562,34.20849844,34.75133125,35.29416406,35.83699687,36.37982969,36.9226625,37.46549531,38.00832812,38.55116094,39.09399375,39.63682656,40.17965937,40.72249219,41.265325,41.80815781,42.35099062,42.89382343,43.43665625,43.97948906,44.52232187,45.06515468,45.6079875,46.15082031,46.69365312,47.23648593,47.77931875
364,Islamic Republic of Iran,29.38,30.18,31.03,31.92,32.88,33.9,34.99,36.17,37.47,38.89,40.44,42.1,43.85,45.67,47.53,49.44,51.38,53.25,54.94,56.36,57.47,58.31,58.98,59.66,60.47,61.44,62.54,63.71,64.86,65.91,66.86,67.73,68.54,69.34,70.15,70.98,71.81,72.66,73.54,74.46,75.42,76.42,77.69327451,78.96654902,80.23982353,81.51309804,82.78637255,84.05964706,85.33292157,86.60619608,87.87947059,89.1527451,90.4260196,91.69929411,92.97256862,94.24584313,95.51911764,96.79239215,98.06566666,99.33894117,100.6122157,101.8854902,103.1587647,104.4320392,105.7053137,106.9785882,108.2518627,109.5251372,110.7984118,112.0716863
400,Jordan,1.57,1.63,1.69,1.75,1.81,1.88,1.95,2.02,2.1,2.18,2.27,2.36,2.46,2.55,2.64,2.74,2.85,2.95,3.06,3.17,3.55,3.73,3.91,4.06,4.2,4.33,4.46,4.6,4.68,4.8,4.92,5.04,5.16,5.29,5.41,5.54,5.66,5.79,5.92,6.05,6.18,6.32,6.425300902,6.530601803,6.635902705,6.741203606,6.846504508,6.95180541,7.057106311,7.162407213,7.267708114,7.373009016,7.478309918,7.583610819,7.688911721,7.794212622,7.899513524,8.004814426,8.110115327,8.215416229,8.32071713,8.426018032,8.531318934,8.636619835,8.741920737,8.847221638,8.95252254,9.057823442,9.163124343,9.268425245
414,Kuwait,0.81,0.87,0.93,0.99,1.05,1.11,1.18,1.24,1.3,1.37,1.44,1.51,1.58,1.65,1.73,1.82,1.92,2.01,2.06,2.06,2,1.46,1.57,1.68,1.59,1.59,1.64,1.72,1.82,1.91,1.98,2.05,2.12,2.2,2.3,2.42,2.56,2.7,2.85,2.99,3.13,3.25,3.304149989,3.358299978,3.412449967,3.466599956,3.520749945,3.574899934,3.629049923,3.683199912,3.737349901,3.79149989,3.845649879,3.899799867,3.953949856,4.008099845,4.062249834,4.116399823,4.170549812,4.224699801,4.27884979,4.332999779,4.387149768,4.441299757,4.495449746,4.549599735,4.603749724,4.657899713,4.712049702,4.766199691
422,Lebanon,2.35,2.42,2.48,2.54,2.58,2.6,2.61,2.61,2.6,2.61,2.62,2.63,2.65,2.67,2.68,2.68,2.67,2.67,2.68,2.7,2.75,2.82,2.9,2.98,3.03,3.07,3.09,3.11,3.16,3.24,3.36,3.52,3.69,3.85,3.99,4.08,4.14,4.19,4.25,4.34,4.38,4.43,4.5038106,4.577621201,4.651431801,4.725242401,4.799053002,4.872863602,4.946674202,5.020484803,5.094295403,5.168106003,5.241916604,5.315727204,5.389537804,5.463348405,5.537159005,5.610969605,5.684780206,5.758590806,5.832401406,5.906212007,5.980022607,6.053833207,6.127643808,6.201454408,6.275265008,6.349075609,6.422886209,6.496696809
512,Oman,0.75,0.78,0.81,0.84,0.88,0.93,0.98,1.03,1.09,1.15,1.22,1.29,1.36,1.43,1.5,1.56,1.62,1.68,1.74,1.81,1.89,1.97,2.04,2.11,2.16,2.18,2.18,2.17,2.17,2.19,2.24,2.31,2.39,2.46,2.52,2.56,2.57,2.59,2.66,2.8,3.03,3.31,3.365149681,3.420299362,3.475449043,3.530598724,3.585748405,3.640898086,3.696047767,3.751197448,3.80634713,3.861496811,3.916646492,3.971796173,4.026945854,4.082095535,4.137245216,4.192394897,4.247544578,4.302694259,4.35784394,4.412993621,4.468143302,4.523292983,4.578442664,4.633592345,4.688742026,4.743891708,4.799041389,4.85419107
634,Qatar,0.12,0.13,0.14,0.15,0.16,0.17,0.18,0.19,0.21,0.22,0.25,0.28,0.31,0.34,0.37,0.4,0.42,0.45,0.46,0.48,0.49,0.49,0.49,0.5,0.5,0.51,0.53,0.55,0.57,0.59,0.61,0.63,0.66,0.72,0.82,0.97,1.15,1.36,1.56,1.75,1.91,2.05,2.084156147,2.118312294,2.152468441,2.186624588,2.220780734,2.254936881,2.289093028,2.323249175,2.357405322,2.391561469,2.425717616,2.459873763,2.494029909,2.528186056,2.562342203,2.59649835,2.630654497,2.664810644,2.698966791,2.733122938,2.767279084,2.801435231,2.835591378,2.869747525,2.903903672,2.938059819,2.972215966,3.006372113
682,Saudi Arabia,6.06,6.34,6.65,7,7.38,7.79,8.24,8.72,9.26,9.84,10.49,11.17,11.89,12.59,13.27,13.92,14.53,15.11,15.67,16.21,16.74,17.26,17.76,18.2,18.57,18.85,19.06,19.28,19.62,20.15,20.89,21.83,22.85,23.84,24.69,25.37,25.92,26.37,26.8,27.26,27.76,28.29,28.76135483,29.23270965,29.70406448,30.17541931,30.64677413,31.11812896,31.58948379,32.06083862,32.53219344,33.00354827,33.4749031,33.94625792,34.41761275,34.88896758,35.3603224,35.83167723,36.30303206,36.77438688,37.24574171,37.71709654,38.18845137,38.65980619,39.13116102,39.60251585,40.07387067,40.5452255,41.01658033,41.48793515
760,Syrian Arab Republic,6.6,6.83,7.07,7.31,7.56,7.82,8.09,8.36,8.65,8.96,9.28,9.61,9.96,10.31,10.67,11.02,11.37,11.73,12.09,12.45,12.82,13.19,13.56,13.95,14.34,14.75,15.17,15.59,16,16.37,16.7,17,17.3,17.68,18.17,18.81,19.56,20.35,21.03,21.53,21.96,22.4,22.77321839,23.14643677,23.51965516,23.89287354,24.26609193,24.63931031,25.0125287,25.38574708,25.75896547,26.13218385,26.50540224,26.87862063,27.25183901,27.6250574,27.99827578,28.37149417,28.74471255,29.11793094,29.49114932,29.86436771,30.23758609,30.61080448,30.98402286,31.35724125,31.73045964,32.10367802,32.47689641,32.85011479
784,United Arab Emirates,0.27,0.32,0.38,0.45,0.53,0.62,0.72,0.83,0.93,1.02,1.09,1.16,1.22,1.28,1.35,1.43,1.52,1.61,1.71,1.81,1.91,2.01,2.12,2.23,2.35,2.47,2.61,2.75,2.89,3.03,3.13,3.22,3.37,3.66,4.15,4.88,5.8,6.8,7.72,8.44,8.93,9.21,9.363452738,9.516905476,9.670358214,9.823810952,9.97726369,10.13071643,10.28416917,10.4376219,10.59107464,10.74452738,10.89798012,11.05143286,11.20488559,11.35833833,11.51179107,11.66524381,11.81869654,11.97214928,12.12560202,12.27905476,12.4325075,12.58596023,12.73941297,12.89286571,13.04631845,13.19977119,13.35322392,13.50667666
887,Yemen,6.19,6.29,6.4,6.52,6.68,6.87,7.09,7.34,7.61,7.91,8.22,8.56,8.91,9.28,9.65,10.03,10.41,10.82,11.27,11.79,12.39,13.04,13.73,14.4,15.02,15.58,16.09,16.56,17.04,17.52,18.03,18.55,19.08,19.61,20.14,20.66,21.18,21.7,22.23,22.76,23.3,23.85,24.24737761,24.64475522,25.04213283,25.43951045,25.83688806,26.23426567,26.63164328,27.02902089,27.4263985,27.82377611,28.22115372,28.61853134,29.01590895,29.41328656,29.81066417,30.20804178,30.60541939,31.002797,31.40017461,31.79755223,32.19492984,32.59230745,32.98968506,33.38706267,33.78444028,34.18181789,34.5791955,34.97657312
50,Bangladesh,67.63,68.73,69.75,70.88,72.27,73.95,75.88,78.01,80.24,82.5,84.76,87.06,89.4,91.8,94.29,96.85,99.48,102.13,104.78,107.39,109.94,112.43,114.9,117.37,119.87,122.4,124.95,127.48,129.97,132.38,134.73,137.01,139.19,141.24,143.14,144.87,146.46,147.97,149.5,151.13,152.86,154.7,156.6526926,158.6053852,160.5580778,162.5107704,164.463463,166.4161556,168.3688482,170.3215408,172.2742334,174.226926,176.1796186,178.1323112,180.0850038,182.0376964,183.990389,185.9430816,187.8957742,189.8484668,191.8011594,193.753852,195.7065446,197.6592371,199.6119297,201.5646223,203.5173149,205.4700075,207.4227001,209.3753927
96,Brunei Darussalam,0.14,0.14,0.15,0.15,0.16,0.17,0.17,0.18,0.19,0.19,0.2,0.21,0.21,0.22,0.22,0.23,0.24,0.24,0.25,0.26,0.26,0.27,0.28,0.29,0.3,0.3,0.31,0.32,0.33,0.33,0.34,0.35,0.35,0.36,0.37,0.38,0.38,0.39,0.39,0.4,0.41,0.41,0.415175203,0.420350407,0.42552561,0.430700814,0.435876017,0.44105122,0.446226424,0.451401627,0.456576831,0.461752034,0.466927237,0.472102441,0.477277644,0.482452848,0.487628051,0.492803254,0.497978458,0.503153661,0.508328864,0.513504068,0.518679271,0.523854475,0.529029678,0.534204881,0.539380085,0.544555288,0.549730492,0.554905695
116,Cambodia,0,0,0,0,0,0,0,0,0,0,0,0,0,0,0,0,0,0,0,0,0,0,0,0,10.77,11.09,11.4,11.69,11.96,12.22,12.47,12.71,12.93,13.15,13.36,13.56,13.75,13.94,14.14,14.37,14.61,14.87,15.05769579,15.24539158,15.43308737,15.62078317,15.80847896,15.99617475,16.18387054,16.37156633,16.55926212,16.74695791,16.93465371,17.1223495,17.31004529,17.49774108,17.68543687,17.87313266,18.06082845,18.24852425,18.43622004,18.62391583,18.81161162,18.99930741,19.1870032,19.37469899,19.56239478,19.75009058,19.93778637,20.12548216
158,Chinese Taipei,14.93,15.24,15.54,15.84,16.14,16.47,16.8,17.13,17.47,17.87,18.19,18.52,18.79,19.07,19.31,19.51,19.73,19.95,20.16,20.4,20.61,20.8,21,21.18,21.36,21.53,21.74,21.93,22.09,22.28,22.41,22.52,22.61,22.69,22.77,22.88,22.96,23.04,23.12,23.16,23.23,23.43,23.72574394,24.02148788,24.31723182,24.61297576,24.9087197,25.20446364,25.50020758,25.79595152,26.09169546,26.3874394,26.68318334,26.97892728,27.27467122,27.57041516,27.8661591,28.16190304,28.45764699,28.75339093,29.04913487,29.34487881,29.64062275,29.93636669,30.23211063,30.52785457,30.82359851,31.11934245,31.41508639,31.71083033
408,Dem. People's Republic of Korea,14.81,15.22,15.6,15.96,16.28,16.54,16.76,16.95,17.15,17.37,17.62,17.9,18.19,18.49,18.78,19.06,19.34,19.61,19.9,20.19,20.51,20.84,21.17,21.48,21.76,22.02,22.24,22.45,22.64,22.84,23.04,23.25,23.45,23.64,23.81,23.97,24.11,24.24,24.37,24.5,24.63,24.76,25.0725318,25.38506359,25.69759539,26.01012718,26.32265898,26.63519077,26.94772257,27.26025436,27.57278616,27.88531795,28.19784975,28.51038154,28.82291334,29.13544513,29.44797693,29.76050872,30.07304052,30.38557231,30.69810411,31.0106359,31.3231677,31.63569949,31.94823129,32.26076309,32.57329488,32.88582668,33.19835847,33.51089027
356,India,567.81,580.8,594.19,608,622.23,636.88,651.94,667.34,683.03,698.97,715.11,731.44,747.99,764.75,781.74,798.94,816.33,833.83,851.38,868.89,886.35,903.75,921.11,938.45,955.8,973.15,990.46,1007.75,1025.02,1042.26,1059.5,1076.71,1093.79,1110.63,1127.14,1143.29,1159.1,1174.66,1190.14,1205.63,1221.16,1236.69,1248.451071,1260.212143,1271.973214,1283.734286,1295.495357,1307.256429,1319.0175,1330.778571,1342.539643,1354.300714,1366.061786,1377.822857,1389.583929,1401.345,1413.106071,1424.867143,1436.628214,1448.389286,1460.150357,1471.911429,1483.6725,1495.433571,1507.194643,1518.955714,1530.716786,1542.477857,1554.238929,1566
360,Indonesia,117,119.97,123,126.08,129.21,132.39,135.6,138.86,142.16,145.49,148.87,152.28,155.7,159.1,162.46,165.77,169.04,172.27,175.46,178.63,181.79,184.92,188.02,191.09,194.11,197.1,200.05,202.99,205.95,208.94,211.97,215.04,218.15,221.29,224.48,227.71,230.97,234.24,237.49,240.68,243.8,246.86,249.9759773,253.0919547,256.207932,259.3239094,262.4398867,265.555864,268.6718414,271.7878187,274.9037961,278.0197734,281.1357508,284.2517281,287.3677054,290.4836828,293.5996601,296.7156375,299.8316148,302.9475921,306.0635695,309.1795468,312.2955242,315.4115015,318.5274788,321.6434562,324.7594335,327.8754109,330.9913882,334.1073656
458,Malaysia,11.18,11.46,11.74,12.03,12.31,12.6,12.89,13.19,13.5,13.83,14.18,14.54,14.93,15.33,15.76,16.22,16.7,17.2,17.71,18.21,18.71,19.21,19.7,20.21,20.73,21.26,21.81,22.36,22.9,23.42,23.93,24.41,24.89,25.37,25.84,26.33,26.81,27.3,27.79,28.28,28.76,29.24,29.60908036,29.97816072,30.34724108,30.71632144,31.0854018,31.45448215,31.82356251,32.19264287,32.56172323,32.93080359,33.29988395,33.66896431,34.03804467,34.40712503,34.77620539,35.14528575,35.51436611,35.88344646,36.25252682,36.62160718,36.99068754,37.3597679,37.72884826,38.09792862,38.46700898,38.83608934,39.2051697,39.57425006
496,Mongolia,0,0,0,0,0,0,0,0,0,0,0,0,0,0,1.92,1.98,2.03,2.09,2.14,2.18,2.22,2.24,2.26,2.28,2.3,2.32,2.34,2.36,2.38,2.4,2.42,2.44,2.47,2.5,2.53,2.56,2.6,2.63,2.67,2.71,2.75,2.8,2.835342852,2.870685705,2.906028557,2.94137141,2.976714262,3.012057115,3.047399967,3.08274282,3.118085672,3.153428524,3.188771377,3.224114229,3.259457082,3.294799934,3.330142787,3.365485639,3.400828492,3.436171344,3.471514196,3.506857049,3.542199901,3.577542754,3.612885606,3.648228459,3.683571311,3.718914164,3.754257016,3.789599869
104,Myanmar,27.84,28.52,29.21,29.92,30.64,31.38,32.13,32.9,33.68,34.48,35.29,36.12,36.94,37.76,38.55,39.31,40.04,40.75,41.45,42.12,42.78,43.42,44.05,44.69,45.33,45.99,46.66,47.32,47.93,48.45,48.89,49.26,49.58,49.88,50.18,50.5,50.83,51.17,51.54,51.93,52.35,52.8,53.46646522,54.13293044,54.79939565,55.46586087,56.13232609,56.79879131,57.46525652,58.13172174,58.79818696,59.46465218,60.13111739,60.79758261,61.46404783,62.13051305,62.79697826,63.46344348,64.1299087,64.79637392,65.46283913,66.12930435,66.79576957,67.46223479,68.1287,68.79516522,69.46163044,70.12809566,70.79456087,71.46102609
524,Nepal,11.81,12.06,12.32,12.59,12.87,13.16,13.45,13.75,14.06,14.39,14.72,15.06,15.42,15.78,16.14,16.51,16.89,17.27,17.68,18.11,18.57,19.05,19.55,20.07,20.59,21.12,21.65,22.18,22.69,23.18,23.66,24.1,24.53,24.92,25.29,25.63,25.95,26.25,26.55,26.85,27.16,27.47,27.81673863,28.16347725,28.51021588,28.85695451,29.20369314,29.55043176,29.89717039,30.24390902,30.59064765,30.93738627,31.2841249,31.63086353,31.97760216,32.32434078,32.67107941,33.01781804,33.36455667,33.71129529,34.05803392,34.40477255,34.75151118,35.0982498,35.44498843,35.79172706,36.13846569,36.48520431,36.83194294,37.17868157
586,Pakistan,60.84,62.53,64.3,66.17,68.16,70.27,72.51,74.87,77.36,79.98,82.73,85.6,88.58,91.64,94.78,98,101.28,104.58,107.87,111.09,114.23,117.29,120.34,123.45,126.69,130.08,133.6,137.14,140.58,143.83,146.86,149.69,152.42,155.15,157.97,160.91,163.93,167.01,170.09,173.15,176.17,179.16,181.4214377,183.6828753,185.944313,188.2057506,190.4671883,192.728626,194.9900636,197.2515013,199.5129389,201.7743766,204.0358142,206.2972519,208.5586896,210.8201272,213.0815649,215.3430025,217.6044402,219.8658779,222.1273155,224.3887532,226.6501908,228.9116285,231.1730662,233.4345038,235.6959415,237.9573791,240.2188168,242.4802544
156,People's Republic of China,841.11,862.03,881.94,900.35,916.4,930.69,943.46,956.17,969.01,981.24,993.89,1008.63,1023.31,1036.83,1051.04,1066.79,1084.04,1101.63,1118.65,1135.19,1150.78,1164.97,1178.44,1191.84,1204.86,1217.55,1230.08,1241.94,1252.74,1262.65,1271.85,1280.4,1288.4,1296.08,1303.72,1311.02,1317.89,1324.66,1331.26,1337.71,1344.13,1350.7,1353.032143,1355.364286,1357.696429,1360.028571,1362.360714,1364.692857,1367.025,1369.357143,1371.689286,1374.021429,1376.353571,1378.685714,1381.017857,1383.35,1385.682143,1388.014286,1390.346429,1392.678571,1395.010714,1397.342857,1399.675,1402.007143,1404.339286,1406.671429,1409.003571,1411.335714,1413.667857,1416
608,Philippines,36.85,37.93,39.03,40.15,41.3,42.46,43.65,44.87,46.12,47.4,48.72,50.07,51.45,52.87,54.33,55.81,57.33,58.87,60.41,61.95,63.48,65,66.52,68.05,69.61,71.19,72.78,74.39,76.02,77.65,79.3,80.95,82.61,84.23,85.82,87.37,88.88,90.37,91.89,93.44,95.05,96.71,97.93071688,99.15143376,100.3721506,101.5928675,102.8135844,104.0343013,105.2550182,106.475735,107.6964519,108.9171688,110.1378857,111.3586025,112.5793194,113.8000363,115.0207532,116.2414701,117.4621869,118.6829038,119.9036207,121.1243376,122.3450545,123.5657713,124.7864882,126.0072051,127.227922,128.4486388,129.6693557,130.8900726
702,Singapore,2.11,2.15,2.19,2.23,2.26,2.29,2.33,2.35,2.38,2.41,2.53,2.65,2.68,2.73,2.74,2.73,2.78,2.85,2.93,3.05,3.14,3.23,3.31,3.42,3.53,3.67,3.8,3.93,3.96,4.03,4.14,4.18,4.12,4.17,4.27,4.4,4.59,4.84,4.99,5.08,5.18,5.31,5.377025195,5.44405039,5.511075586,5.578100781,5.645125976,5.712151171,5.779176366,5.846201561,5.913226757,5.980251952,6.047277147,6.114302342,6.181327537,6.248352732,6.315377928,6.382403123,6.449428318,6.516453513,6.583478708,6.650503904,6.717529099,6.784554294,6.851579489,6.918604684,6.985629879,7.052655075,7.11968027,7.186705465
144,Sri Lanka,12.69,12.86,13.09,13.28,13.5,13.72,13.94,14.19,14.47,14.75,14.85,15.2,15.42,15.6,15.84,16.13,16.37,16.6,16.83,17.02,17.27,17.43,17.65,17.89,18.14,18.34,18.57,18.78,19.06,19.1,18.8,18.92,19.17,19.44,19.64,19.86,20.04,20.22,20.45,20.65,20.87,20.33,20.58661435,20.84322871,21.09984306,21.35645741,21.61307177,21.86968612,22.12630048,22.38291483,22.63952918,22.89614354,23.15275789,23.40937224,23.6659866,23.92260095,24.1792153,24.43582966,24.69244401,24.94905837,25.20567272,25.46228707,25.71890143,25.97551578,26.23213013,26.48874449,26.74535884,27.0019732,27.25858755,27.5152019
764,Thailand,37.96,39.06,40.16,41.26,42.33,43.38,44.41,45.41,46.4,47.37,48.32,49.25,50.17,51.09,52.03,53,53.99,54.96,55.83,56.58,57.18,57.66,58.07,58.49,58.98,59.56,60.21,60.9,61.62,62.34,63.07,63.8,64.49,65.09,65.56,65.88,66.08,66.19,66.28,66.4,66.58,66.79,67.63305326,68.47610651,69.31915977,70.16221302,71.00526628,71.84831953,72.69137279,73.53442604,74.3774793,75.22053255,76.06358581,76.90663906,77.74969232,78.59274557,79.43579883,80.27885209,81.12190534,81.9649586,82.80801185,83.65106511,84.49411836,85.33717162,86.18022487,87.02327813,87.86633138,88.70938464,89.55243789,90.39549115
704,Vietnam,43.73,44.76,45.83,46.92,48.03,49.16,50.3,51.44,52.57,53.7,54.72,55.69,56.66,57.69,58.87,60.25,61.75,63.26,64.77,66.02,67.24,68.45,69.65,70.83,72,73.16,74.31,75.46,76.6,77.63,78.62,79.54,80.47,81.44,82.39,83.31,84.22,85.12,86.03,86.93,87.84,88.77,89.89049465,91.01098929,92.13148394,93.25197859,94.37247324,95.49296788,96.61346253,97.73395718,98.85445182,99.97494647,101.0954411,102.2159358,103.3364304,104.4569251,105.5774197,106.6979144,107.818409,108.9389036,110.0593983,111.1798929,112.3003876,113.4208822,114.5413769,115.6618715,116.7823662,117.9028608,119.0233555,120.1438501
51,Armenia,3.008629318,3.039719886,3.068589699,3.096842636,3.124231946,3.152361507,3.180120943,3.207633628,3.235269688,3.263522625,3.291652186,3.319288246,3.347171057,3.378385,3.409969069,3.440566136,3.471286578,3.501513519,3.529272955,3.55,3.51,3.45,3.37,3.29,3.22,3.17,3.14,3.11,3.09,3.08,3.06,3.05,3.04,3.03,3.02,3,2.99,2.98,2.97,2.96,2.96,2.97,3.255935922,3.541871844,3.827807766,4.113743688,4.39967961,4.685615532,4.971551454,5.257487376,5.543423298,5.82935922,6.115295143,6.401231065,6.687166987,6.973102909,7.259038831,7.544974753,7.830910675,8.116846597,8.402782519,8.688718441,8.974654363,9.260590285,9.546526207,9.832462129,10.11839805,10.40433397,10.6902699,10.97620582
31,Azerbaijan,6.068108709,6.130815319,6.189042886,6.246026274,6.301267811,6.358002363,6.413990408,6.469480781,6.52521999,6.582203378,6.63893793,6.694677139,6.75091402,6.813869465,6.877571419,6.939282686,7.001242789,7.062207548,7.118195593,7.16,7.27,7.38,7.5,7.6,7.69,7.76,7.84,7.91,7.98,8.05,8.11,8.17,8.23,8.31,8.39,8.49,8.58,8.76,8.95,9.05,9.17,9.3,10.19535491,11.09070981,11.98606472,12.88141963,13.77677454,14.67212944,15.56748435,16.46283926,17.35819417,18.25354907,19.14890398,20.04425889,20.9396138,21.8349687,22.73032361,23.62567852,24.52103343,25.41638833,26.31174324,27.20709815,28.10245306,28.99780796,29.89316287,30.78851778,31.68387269,32.57922759,33.4745825,34.36993741
112,Belarus,8.636037395,8.725280462,8.808149023,8.88924689,8.967865782,9.048609509,9.128290818,9.207263849,9.28659102,9.367688886,9.448432613,9.527759783,9.607795232,9.697392438,9.788052061,9.875878571,9.96405922,10.05082331,10.13050462,10.19,10.19,10.22,10.24,10.23,10.19,10.16,10.12,10.07,10.04,10.01,9.93,9.87,9.8,9.73,9.66,9.6,9.56,9.53,9.51,9.49,9.47,9.46,10.37075886,11.28151773,12.19227659,13.10303545,14.01379431,14.92455318,15.83531204,16.7460709,17.65682977,18.56758863,19.47834749,20.38910635,21.29986522,22.21062408,23.12138294,24.03214181,24.94290067,25.85365953,26.76441839,27.67517726,28.58593612,29.49669498,30.40745384,31.31821271,32.22897157,33.13973043,34.0504893,34.96124816
268,Georgia,4.068005839,4.11004379,4.14907903,4.187280183,4.224313616,4.262347953,4.299881838,4.337082088,4.374449155,4.412650309,4.450684646,4.488051713,4.525752415,4.567957184,4.610662404,4.652033085,4.693570585,4.734440815,4.771974699,4.8,4.84,4.87,4.91,4.86,4.73,4.62,4.53,4.49,4.45,4.42,4.39,4.36,4.33,4.32,4.36,4.4,4.39,4.38,4.41,4.45,4.48,4.49,4.922273498,5.354546997,5.786820495,6.219093993,6.651367492,7.08364099,7.515914488,7.948187987,8.380461485,8.812734983,9.245008481,9.67728198,10.10955548,10.54182898,10.97410247,11.40637597,11.83864947,12.27092297,12.70319647,13.13546997,13.56774346,14.00001696,14.43229046,14.86456396,15.29683746,15.72911096,16.16138445,16.59365795
398,Kazakhstan,13.85664489,13.99983666,14.13280044,14.26292313,14.38906826,14.51862271,14.64647251,14.77318586,14.90046744,15.03059012,15.16014457,15.28742615,15.41584416,15.55960416,15.70506881,15.8459877,15.9874748,16.12668902,16.25453882,16.35,16.45,16.44,16.33,16.1,15.82,15.58,15.33,15.07,14.93,14.88,14.86,14.86,14.91,15.01,15.15,15.31,15.48,15.67,16.09,16.32,16.56,16.79,18.40645257,20.02290514,21.63935771,23.25581028,24.87226285,26.48871542,28.10516799,29.72162056,31.33807312,32.95452569,34.57097826,36.18743083,37.8038834,39.42033597,41.03678854,42.65324111,44.26969368,45.88614625,47.50259882,49.11905139,50.73550396,52.35195653,53.9684091,55.58486167,57.20131424,58.81776681,60.43421937,62.05067194
417,Kyrgyzstan,3.72053034,3.758977549,3.794678529,3.829616668,3.863486828,3.898272399,3.932600264,3.966622993,4.00079829,4.035736429,4.070521999,4.104697296,4.13917773,4.177777507,4.21683499,4.254671926,4.29266143,4.330040662,4.364368527,4.39,4.46,4.52,4.52,4.52,4.56,4.63,4.7,4.77,4.84,4.9,4.95,4.99,5.04,5.11,5.16,5.22,5.27,5.32,5.38,5.45,5.52,5.61,6.150101186,6.690202372,7.230303558,7.770404744,8.31050593,8.850607117,9.390708303,9.930809489,10.47091067,11.01101186,11.55111305,12.09121423,12.63131542,13.17141661,13.71151779,14.25161898,14.79172016,15.33182135,15.87192254,16.41202372,16.95212491,17.49222609,18.03232728,18.57242847,19.11252965,19.65263084,20.19273202,20.73283321
428,Latvia,2.254353236,2.277649267,2.299281296,2.320451102,2.340973796,2.362051157,2.382851185,2.403466324,2.424173907,2.445343713,2.466421075,2.487128658,2.50802113,2.531409606,2.555075415,2.578001668,2.601020366,2.623669285,2.644469313,2.66,2.65,2.61,2.56,2.52,2.49,2.46,2.43,2.41,2.39,2.37,2.34,2.31,2.29,2.26,2.24,2.22,2.2,2.18,2.14,2.1,2.06,2.03,2.225437684,2.420875368,2.616313052,2.811750736,3.00718842,3.202626105,3.398063789,3.593501473,3.788939157,3.984376841,4.179814525,4.375252209,4.570689893,4.766127577,4.961565261,5.157002946,5.35244063,5.547878314,5.743315998,5.938753682,6.134191366,6.32962905,6.525066734,6.720504418,6.915942102,7.111379786,7.306817471,7.502255155
440,Lithuania,3.135754501,3.168158754,3.198248419,3.227695141,3.256241746,3.28555988,3.31449225,3.343167443,3.371971224,3.401417947,3.430736081,3.459539862,3.48860082,3.521133662,3.554052269,3.58594217,3.617960659,3.649464795,3.678397164,3.7,3.7,3.7,3.68,3.66,3.63,3.6,3.58,3.55,3.52,3.5,3.47,3.44,3.42,3.38,3.32,3.27,3.23,3.2,3.16,3.1,3.03,2.99,3.277861416,3.565722833,3.853584249,4.141445666,4.429307082,4.717168499,5.005029915,5.292891332,5.580752748,5.868614165,6.156475581,6.444336998,6.732198414,7.020059831,7.307921247,7.595782664,7.88364408,8.171505497,8.459366913,8.747228329,9.035089746,9.322951162,9.610812579,9.898673995,10.18653541,10.47439683,10.76225824,11.05011966
498,Republic of Moldova,3.135754501,3.168158754,3.198248419,3.227695141,3.256241746,3.28555988,3.31449225,3.343167443,3.371971224,3.401417947,3.430736081,3.459539862,3.48860082,3.521133662,3.554052269,3.58594217,3.617960659,3.649464795,3.678397164,3.7,3.71,3.71,3.71,3.69,3.68,3.67,3.65,3.65,3.65,3.64,3.63,3.62,3.61,3.6,3.6,3.59,3.58,3.57,3.57,3.56,3.56,3.56,3.902738008,4.245476015,4.588214023,4.93095203,5.273690038,5.616428045,5.959166053,6.301904061,6.644642068,6.987380076,7.330118083,7.672856091,8.015594098,8.358332106,8.701070114,9.043808121,9.386546129,9.729284136,10.07202214,10.41476015,10.75749816,11.10023617,11.44297417,11.78571218,12.12845019,12.4711882,12.8139262,13.15666421
643,Russian Federation,125.6759554,126.9746653,128.1806103,129.3607872,130.5048888,131.6799121,132.8394745,133.9887298,135.1431386,136.3233155,137.4983388,138.6527476,139.8174637,141.1213272,142.4406516,143.7187471,145.0019962,146.2646309,147.4241934,148.29,148.62,148.69,148.52,148.34,148.14,147.74,147.3,146.9,146.31,146.3,145.95,145.3,144.6,143.85,143.15,142.5,142.1,141.95,141.91,142.39,142.96,143.53,142.9396429,142.3492857,141.7589286,141.1685714,140.5782143,139.9878571,139.3975,138.8071429,138.2167857,137.6264286,137.0360714,136.4457143,135.8553571,135.265,134.6746429,134.0842857,133.4939286,132.9035714,132.3132143,131.7228571,131.1325,130.5421429,129.9517857,129.3614286,128.7710714,128.1807143,127.5903571,127
762,Tajikistan,4.491756447,4.538173351,4.581274762,4.623455203,4.664346285,4.706342531,4.747786196,4.788861472,4.830120943,4.872301383,4.91429763,4.9555571,4.997184959,5.043786057,5.090939737,5.136619865,5.182484187,5.227611733,5.269055397,5.3,5.42,5.52,5.62,5.7,5.78,5.86,5.94,6.01,6.1,6.19,6.29,6.4,6.53,6.66,6.81,6.96,7.11,7.28,7.45,7.63,7.82,8.01,8.781160517,9.552321034,10.32348155,11.09464207,11.86580259,12.6369631,13.40812362,14.17928414,14.95044465,15.72160517,16.49276569,17.2639262,18.03508672,18.80624724,19.57740776,20.34856827,21.11972879,21.89088931,22.66204982,23.43321034,24.20437086,24.97553137,25.74669189,26.51785241,27.28901293,28.06017344,28.83133396,29.60249448
795,Turkmenistan,3.110329464,3.142470981,3.172316675,3.20152464,3.229839786,3.258920206,3.287617988,3.31606068,3.344630917,3.373838882,3.402919302,3.431489539,3.460314868,3.49258393,3.525235629,3.556866963,3.588625843,3.61987454,3.648572322,3.67,3.77,3.88,3.99,4.1,4.19,4.27,4.34,4.4,4.45,4.5,4.55,4.6,4.65,4.7,4.75,4.8,4.86,4.92,4.98,5.04,5.11,5.17,5.667740309,6.165480618,6.663220926,7.160961235,7.658701544,8.156441853,8.654182161,9.15192247,9.649662779,10.14740309,10.6451434,11.14288371,11.64062401,12.13836432,12.63610463,13.13384494,13.63158525,14.12932556,14.62706587,15.12480618,15.62254648,16.12028679,16.6180271,17.11576741,17.61350772,18.11124803,18.60898834,19.10672865
804,Ukraine,43.97683812,44.43128588,44.85327309,45.26624348,45.66659032,46.07775735,46.48351428,46.88566449,47.28961806,47.70258845,48.11375547,48.51770904,48.92526934,49.38152047,49.84318169,50.290416,50.73945367,51.18127789,51.58703482,51.89,52,52.15,52.18,51.92,51.51,51.06,50.59,50.14,49.67,49.18,48.68,48.2,47.81,47.45,47.11,46.79,46.51,46.26,46.05,45.87,45.71,45.59,49.97916454,54.36832908,58.75749362,63.14665816,67.5358227,71.92498724,76.31415179,80.70331633,85.09248087,89.48164541,93.87080995,98.25997449,102.649139,107.0383036,111.4274681,115.8166327,120.2057972,124.5949617,128.9841263,133.3732908,137.7624554,142.1516199,146.5407844,150.929949,155.3191135,159.7082781,164.0974426,168.4866071
860,Uzbekistan,17.38224995,17.56187461,17.72866894,17.89189928,18.05014006,18.21265761,18.37303677,18.53199034,18.6916567,18.85488705,19.0174046,19.17707097,19.33816292,19.51850038,19.70097623,19.8777497,20.05523598,20.22987106,20.39025023,20.51,20.95,21.45,21.94,22.38,22.79,23.23,23.67,24.05,24.31,24.65,24.96,25.27,25.57,25.86,26.17,26.49,26.87,27.3,27.77,28.56,29.34,29.78,32.6470612,35.5141224,38.38118359,41.24824479,44.11530599,46.98236719,49.84942839,52.71648959,55.58355078,58.45061198,61.31767318,64.18473438,67.05179558,69.91885677,72.78591797,75.65297917,78.52004037,81.38710157,84.25416277,87.12122396,89.98828516,92.85534636,95.72240756,98.58946876,101.45653,104.3235912,107.1906524,110.0577135
8,Albania,2.2,2.25,2.31,2.37,2.43,2.49,2.55,2.61,2.67,2.74,2.8,2.86,2.93,3,3.08,3.16,3.25,3.34,3.4,3.45,3.46,3.45,3.42,3.38,3.36,3.34,3.33,3.33,3.32,3.31,3.29,3.26,3.24,3.22,3.2,3.18,3.17,3.16,3.15,3.15,3.15,3.16,3.464228119,3.768456238,4.072684357,4.376912476,4.681140595,4.985368714,5.289596834,5.593824953,5.898053072,6.202281191,6.50650931,6.810737429,7.114965548,7.419193667,7.723421786,8.027649905,8.331878024,8.636106143,8.940334263,9.244562382,9.548790501,9.85301862,10.15724674,10.46147486,10.76570298,11.0699311,11.37415922,11.67838733
70,Bosnia and Herzegovina,0,0,0,0,0,0,0,0,0,0,0,0,0,0,0,0,0,0,0,4.53,4.37,4.14,3.88,3.66,3.52,3.49,3.54,3.64,3.75,3.83,3.88,3.9,3.9,3.89,3.88,3.88,3.87,3.86,3.85,3.85,3.84,3.83,4.198732182,4.567464365,4.936196547,5.304928729,5.673660912,6.042393094,6.411125276,6.779857458,7.148589641,7.517321823,7.886054005,8.254786188,8.62351837,8.992250552,9.360982735,9.729714917,10.0984471,10.46717928,10.83591146,11.20464365,11.57337583,11.94210801,12.31084019,12.67957238,13.04830456,13.41703674,13.78576892,14.1545011
100,Bulgaria,8.54,8.58,8.62,8.68,8.72,8.76,8.8,8.81,8.83,8.86,8.89,8.92,8.94,8.96,8.96,8.96,8.97,8.98,8.88,8.72,8.63,8.54,8.47,8.44,8.41,8.36,8.31,8.26,8.21,8.17,8.02,7.87,7.82,7.78,7.74,7.7,7.55,7.49,7.44,7.4,7.35,7.31,8.013768212,8.717536424,9.421304637,10.12507285,10.82884106,11.53260927,12.23637749,12.9401457,13.64391391,14.34768212,15.05145033,15.75521855,16.45898676,17.16275497,17.86652318,18.57029139,19.27405961,19.97782782,20.68159603,21.38536424,22.08913246,22.79290067,23.49666888,24.20043709,24.9042053,25.60797352,26.31174173,27.01550994
191,Croatia,0,0,0,0,0,0,0,0,0,0,0,0,0,0,0,0,0,0,0,4.78,4.51,4.47,4.64,4.65,4.67,4.49,4.57,4.5,4.55,4.43,4.44,4.44,4.44,4.44,4.44,4.44,4.44,4.43,4.43,4.42,4.28,4.27,4.68109306,5.092186119,5.503279179,5.914372239,6.325465298,6.736558358,7.147651418,7.558744477,7.969837537,8.380930596,8.792023656,9.203116716,9.614209775,10.02530284,10.43639589,10.84748895,11.25858201,11.66967507,12.08076813,12.49186119,12.90295425,13.31404731,13.72514037,14.13623343,14.54732649,14.95841955,15.36951261,15.78060567
196,Cyprus,0.62,0.62,0.63,0.64,0.51,0.5,0.5,0.5,0.5,0.51,0.51,0.52,0.53,0.53,0.54,0.55,0.55,0.56,0.56,0.57,0.59,0.6,0.62,0.63,0.65,0.66,0.67,0.68,0.68,0.69,0.7,0.71,0.71,0.72,0.73,0.74,0.76,0.78,0.8,0.82,0.84,0.86,0.94279626,1.025592521,1.108388781,1.191185041,1.273981301,1.356777562,1.439573822,1.522370082,1.605166342,1.687962603,1.770758863,1.853555123,1.936351383,2.019147644,2.101943904,2.184740164,2.267536424,2.350332685,2.433128945,2.515925205,2.598721465,2.681517726,2.764313986,2.847110246,2.929906506,3.012702767,3.095499027,3.178295287
807,Former Yugoslavia,20.25,20.41,20.57,20.73,20.89,21.06,21.21,21.38,21.53,21.69,21.82,21.95,22.08,22.22,22.37,22.56,22.76,22.93,23.03,23.38,23,22.8,22.77,22.61,22.53,22.33,22.43,22.28,22.24,22.13,22.19,22.22,22.21,22.19,22.18,22.17,22.15,22.13,22.13,22.1,21.95,21.92,24.03034189,26.14068378,28.25102567,30.36136756,32.47170945,34.58205134,36.69239323,38.80273511,40.913077,43.02341889,45.13376078,47.24410267,49.35444456,51.46478645,53.57512834,55.68547023,57.79581212,59.90615401,62.0164959,64.12683779,66.23717968,68.34752157,70.45786345,72.56820534,74.67854723,76.78888912,78.89923101,81.0095729
292,Gibraltar,0.03,0.03,0.03,0.03,0.03,0.03,0.03,0.03,0.03,0.03,0.03,0.03,0.03,0.03,0.03,0.03,0.03,0.03,0.03,0.03,0.03,0.03,0.03,0.03,0.03,0.03,0.03,0.03,0.03,0.03,0.03,0.03,0.03,0.03,0.03,0.03,0.03,0.03,0.03,0.03,0.03,0.03,0.032888242,0.035776483,0.038664725,0.041552967,0.044441208,0.04732945,0.050217691,0.053105933,0.055994175,0.058882416,0.061770658,0.0646589,0.067547141,0.070435383,0.073323625,0.076211866,0.079100108,0.081988349,0.084876591,0.087764833,0.090653074,0.093541316,0.096429558,0.099317799,0.102206041,0.105094283,0.107982524,0.110870766
-2,Kosovo,0,0,0,0,0,0,0,0,0,0,0,0,0,0,0,0,0,0,0,0,0,0,0,0,0,0,0,0,0,1.7,1.7,1.7,1.7,1.71,1.71,1.72,1.73,1.75,1.76,1.78,1.79,1.81,1.984257245,2.158514491,2.332771736,2.507028982,2.681286227,2.855543473,3.029800718,3.204057963,3.378315209,3.552572454,3.7268297,3.901086945,4.075344191,4.249601436,4.423858681,4.598115927,4.772373172,4.946630418,5.120887663,5.295144908,5.469402154,5.643659399,5.817916645,5.99217389,6.166431136,6.340688381,6.514945626,6.689202872
470,Malta,0.3,0.3,0.3,0.3,0.3,0.31,0.31,0.31,0.31,0.32,0.32,0.33,0.33,0.33,0.34,0.34,0.34,0.35,0.35,0.35,0.36,0.36,0.37,0.37,0.37,0.37,0.38,0.38,0.38,0.38,0.39,0.4,0.4,0.4,0.4,0.41,0.41,0.41,0.41,0.42,0.42,0.42,0.460435383,0.500870766,0.541306149,0.581741532,0.622176915,0.662612297,0.70304768,0.743483063,0.783918446,0.824353829,0.864789212,0.905224595,0.945659978,0.986095361,1.026530744,1.066966127,1.10740151,1.147836892,1.188272275,1.228707658,1.269143041,1.309578424,1.350013807,1.39044919,1.430884573,1.471319956,1.511755339,1.552190722
499,Montenegro,0,0,0,0,0,0,0,0,0,0,0,0,0,0,0,0,0,0,0,0,0,0,0,0,0,0,0,0,0,0,0,0,0,0,0.62,0.62,0.62,0.62,0.62,0.62,0.62,0.62,0.679690327,0.739380654,0.799070981,0.858761309,0.918451636,0.978141963,1.03783229,1.097522617,1.157212944,1.216903272,1.276593599,1.336283926,1.395974253,1.45566458,1.515354907,1.575045235,1.634735562,1.694425889,1.754116216,1.813806543,1.87349687,1.933187198,1.992877525,2.052567852,2.112258179,2.171948506,2.231638833,2.291329161
642,Romania,20.46,20.66,20.84,21.03,21.29,21.55,21.76,21.95,22.09,22.24,22.42,22.52,22.59,22.66,22.76,22.86,22.95,23.06,23.16,23.2,23,22.79,22.76,22.73,22.68,22.62,22.55,22.51,22.47,22.44,22.13,21.73,21.57,21.45,21.32,21.19,20.88,20.54,20.37,20.25,20.15,20.08,22.0131964,23.9463928,25.87958921,27.81278561,29.74598201,31.67917841,33.61237482,35.54557122,37.47876762,39.41196402,41.34516042,43.27835683,45.21155323,47.14474963,49.07794603,51.01114244,52.94433884,54.87753524,56.81073164,58.74392805,60.67712445,62.61032085,64.54351725,66.47671365,68.40991006,70.34310646,72.27630286,74.20949926
688,Serbia,0,0,0,0,0,0,0,0,0,0,0,0,0,0,0,0,0,0,0,10.06,10.11,10.2,10.28,10.35,10.38,10.38,10.35,10.15,9.91,8.13,8.12,8.11,8.09,8.08,7.44,7.41,7.38,7.35,7.32,7.29,7.26,7.22,7.915103487,8.610206975,9.305310462,10.00041395,10.69551744,11.39062092,12.08572441,12.7808279,13.47593139,14.17103487,14.86613836,15.56124185,16.25634533,16.95144882,17.64655231,18.3416558,19.03675928,19.73186277,20.42696626,21.12206975,21.81717323,22.51227672,23.20738021,23.90248369,24.59758718,25.29269067,25.98779416,26.68289764
124,Canada,21.96,22.22,22.49,22.81,23.14,23.45,23.73,23.96,24.2,24.52,24.82,25.12,25.37,25.61,25.84,26.1,26.45,26.79,27.28,27.69,28.04,28.37,28.69,29,29.3,29.61,29.91,30.16,30.4,30.69,31.02,31.35,31.64,31.94,32.25,32.58,32.93,33.32,33.73,34.13,34.48,34.88,35.18655474,35.49310948,35.79966422,36.10621896,36.4127737,36.71932845,37.02588319,37.33243793,37.63899267,37.94554741,38.25210215,38.55865689,38.86521163,39.17176637,39.47832111,39.78487586,40.0914306,40.39798534,40.70454008,41.01109482,41.31764956,41.6242043,41.93075904,42.23731378,42.54386852,42.85042326,43.15697801,43.46353275
152,Chile,9.74,9.91,10.07,10.24,10.41,10.56,10.72,10.87,11.02,11.17,11.36,11.54,11.73,11.92,12.1,12.32,12.53,12.75,12.96,13.18,13.42,13.67,13.91,14.15,14.4,14.6,14.8,15,15.2,15.4,15.57,15.75,15.92,16.09,16.27,16.43,16.6,16.76,16.93,17.09,17.25,17.4,17.55292582,17.70585163,17.85877745,18.01170327,18.16462908,18.3175549,18.47048072,18.62340653,18.77633235,18.92925817,19.08218399,19.2351098,19.38803562,19.54096144,19.69388725,19.84681307,19.99973889,20.1526647,20.30559052,20.45851634,20.61144215,20.76436797,20.91729379,21.0702196,21.22314542,21.37607124,21.52899706,21.68192287
484,Mexico,53.45,55.24,57.09,58.94,60.8,62.64,64.5,66.35,68.24,70.4,72.07,73.74,75.43,77.1,78.77,80.41,82.06,83.72,85.39,87.07,88.63,90.13,91.6,93.06,94.49,95.88,97.21,98.49,99.71,100.9,102.12,103.42,104.72,105.95,107.15,108.41,109.79,111.3,112.85,114.26,115.68,117.05,118.0787337,119.1074675,120.1362012,121.1649349,122.1936686,123.2224024,124.2511361,125.2798698,126.3086036,127.3373373,128.366071,129.3948047,130.4235385,131.4522722,132.4810059,133.5097396,134.5384734,135.5672071,136.5959408,137.6246746,138.6534083,139.682142,140.7108757,141.7396095,142.7683432,143.7970769,144.8258107,145.8545444
840,United States,207.69,209.92,211.94,213.9,215.98,218.09,220.29,222.63,225.11,227.73,230.01,232.22,234.33,236.39,238.51,240.68,242.84,245.06,247.39,250.18,253.53,256.92,260.28,263.46,266.59,269.71,272.96,276.15,279.33,282.4,285.23,287.96,290.63,293.26,295.99,298.82,301.7,304.54,307.24,309.78,312.04,314.28,316.7342857,319.1885714,321.6428571,324.0971429,326.5514286,329.0057143,331.46,333.9142857,336.3685714,338.8228571,341.2771429,343.7314286,346.1857143,348.64,351.0942857,353.5485714,356.0028571,358.4571429,360.9114286,363.3657143,365.82,368.2742857,370.7285714,373.1828571,375.6371429,378.0914286,380.5457143,383
36,Australia,13.2,13.41,13.61,13.83,13.97,14.11,14.28,14.43,14.6,14.81,15.05,15.29,15.48,15.68,15.9,16.14,16.4,16.69,16.94,17.17,17.39,17.58,17.76,17.95,18.19,18.42,18.61,18.81,19.04,19.27,19.53,19.77,20.01,20.25,20.54,20.87,21.26,21.73,22.13,22.43,22.76,23.13,23.26237164,23.39474327,23.52711491,23.65948655,23.79185818,23.92422982,24.05660146,24.18897309,24.32134473,24.45371637,24.586088,24.71845964,24.85083128,24.98320291,25.11557455,25.24794619,25.38031782,25.51268946,25.6450611,25.77743273,25.90980437,26.04217601,26.17454764,26.30691928,26.43929092,26.57166255,26.70403419,26.83640583
392,Japan,104.98,106.42,108.9,110.41,111.77,113.02,114.13,115.18,116.14,117.06,117.9,118.73,119.54,120.31,121.05,121.66,122.24,122.75,123.21,123.61,124.1,124.57,124.94,125.12,125.44,125.71,126.01,126.35,126.59,126.83,127.13,127.4,127.63,127.73,127.76,127.84,127.98,128.05,128.03,128.04,127.83,127.55,127.1017857,126.6535714,126.2053571,125.7571429,125.3089286,124.8607143,124.4125,123.9642857,123.5160714,123.0678571,122.6196429,122.1714286,121.7232143,121.275,120.8267857,120.3785714,119.9303571,119.4821429,119.0339286,118.5857143,118.1375,117.6892857,117.2410714,116.7928571,116.3446429,115.8964286,115.4482143,115
410,Korea,32.88,33.51,34.1,34.69,35.28,35.85,36.41,36.97,37.53,38.12,38.72,39.33,39.91,40.41,40.81,41.21,41.62,42.03,42.45,42.87,43.3,43.75,44.2,44.64,45.09,45.53,45.95,46.29,46.62,47.01,47.36,47.62,47.86,48.04,48.14,48.37,48.6,48.95,49.18,49.41,49.78,50,50.28614707,50.57229415,50.85844122,51.1445883,51.43073537,51.71688245,52.00302952,52.2891766,52.57532367,52.86147075,53.14761782,53.43376489,53.71991197,54.00605904,54.29220612,54.57835319,54.86450027,55.15064734,55.43679442,55.72294149,56.00908857,56.29523564,56.58138271,56.86752979,57.15367686,57.43982394,57.72597101,58.01211809
554,New Zealand,2.86,2.91,2.97,3.03,3.09,3.12,3.13,3.13,3.14,3.14,3.16,3.18,3.23,3.26,3.27,3.28,3.31,3.32,3.34,3.37,3.51,3.54,3.59,3.63,3.69,3.75,3.79,3.82,3.84,3.87,3.9,3.97,4.05,4.1,4.15,4.2,4.24,4.28,4.33,4.38,4.42,4.44,4.46540986,4.49081972,4.516229581,4.541639441,4.567049301,4.592459161,4.617869022,4.643278882,4.668688742,4.694098602,4.719508462,4.744918323,4.770328183,4.795738043,4.821147903,4.846557763,4.871967624,4.897377484,4.922787344,4.948197204,4.973607065,4.999016925,5.024426785,5.049836645,5.075246505,5.100656366,5.126066226,5.151476086
233,Estonia,1.347526934,1.361452005,1.374382429,1.387036561,1.399303885,1.411902759,1.424335859,1.436658442,1.449036283,1.461690415,1.474289289,1.48666713,1.499155488,1.513135817,1.527281921,1.54098596,1.554745256,1.56828352,1.580716619,1.59,1.58,1.55,1.51,1.48,1.45,1.43,1.41,1.39,1.38,1.37,1.37,1.36,1.36,1.35,1.35,1.35,1.34,1.34,1.34,1.34,1.34,1.34,1.343234688,1.346469376,1.349704064,1.352938752,1.356173441,1.359408129,1.362642817,1.365877505,1.369112193,1.372346881,1.375581569,1.378816257,1.382050945,1.385285633,1.388520322,1.39175501,1.394989698,1.398224386,1.401459074,1.404693762,1.40792845,1.411163138,1.414397826,1.417632515,1.420867203,1.424101891,1.427336579,1.430571267
40,Austria,7.5,7.54,7.59,7.6,7.58,7.57,7.57,7.56,7.55,7.55,7.57,7.57,7.56,7.56,7.57,7.57,7.58,7.59,7.62,7.68,7.76,7.84,7.91,7.94,7.95,7.96,7.97,7.98,7.99,8.01,8.04,8.08,8.12,8.17,8.23,8.27,8.3,8.32,8.34,8.36,8.39,8.43,8.450349568,8.470699135,8.491048703,8.511398271,8.531747839,8.552097406,8.572446974,8.592796542,8.613146109,8.633495677,8.653845245,8.674194813,8.69454438,8.714893948,8.735243516,8.755593083,8.775942651,8.796292219,8.816641787,8.836991354,8.857340922,8.87769049,8.898040057,8.918389625,8.938739193,8.959088761,8.979438328,8.999787896
56,Belgium,9.66,9.7,9.73,9.76,9.78,9.8,9.81,9.82,9.82,9.86,9.86,9.86,9.85,9.86,9.86,9.86,9.87,9.9,9.94,9.97,10.01,10.05,10.09,10.12,10.14,10.16,10.18,10.2,10.22,10.25,10.28,10.33,10.37,10.42,10.47,10.54,10.62,10.71,10.79,10.88,10.98,11.05,11.07667411,11.10334821,11.13002232,11.15669643,11.18337054,11.21004464,11.23671875,11.26339286,11.29006696,11.31674107,11.34341518,11.37008929,11.39676339,11.4234375,11.45011161,11.47678571,11.50345982,11.53013393,11.55680804,11.58348214,11.61015625,11.63683036,11.66350446,11.69017857,11.71685268,11.74352679,11.77020089,11.796875
203,Czech Republic,9.83,9.87,9.92,9.99,10.06,10.13,10.19,10.25,10.3,10.33,10.3,10.31,10.32,10.33,10.34,10.34,10.35,10.36,10.36,10.36,10.31,10.32,10.33,10.34,10.33,10.32,10.3,10.3,10.28,10.27,10.22,10.2,10.2,10.21,10.23,10.27,10.32,10.43,10.49,10.52,10.5,10.51,10.53537058,10.56074115,10.58611173,10.6114823,10.63685288,10.66222346,10.68759403,10.71296461,10.73833519,10.76370576,10.78907634,10.81444691,10.83981749,10.86518807,10.89055864,10.91592922,10.94129979,10.96667037,10.99204095,11.01741152,11.0427821,11.06815267,11.09352325,11.11889383,11.1442644,11.16963498,11.19500556,11.22037613
208,Denmark,4.96,4.99,5.02,5.05,5.06,5.07,5.09,5.11,5.12,5.12,5.12,5.12,5.11,5.11,5.11,5.12,5.13,5.13,5.13,5.14,5.15,5.17,5.19,5.21,5.23,5.26,5.29,5.3,5.32,5.34,5.36,5.38,5.39,5.4,5.42,5.44,5.46,5.49,5.52,5.55,5.57,5.59,5.60349396,5.61698792,5.63048188,5.64397584,5.6574698,5.670963761,5.684457721,5.697951681,5.711445641,5.724939601,5.738433561,5.751927521,5.765421481,5.778915441,5.792409401,5.805903361,5.819397321,5.832891282,5.846385242,5.859879202,5.873373162,5.886867122,5.900361082,5.913855042,5.927349002,5.940842962,5.954336922,5.967830882
246,Finland,4.61,4.64,4.67,4.69,4.71,4.73,4.74,4.75,4.77,4.78,4.8,4.83,4.86,4.88,4.9,4.92,4.93,4.95,4.96,4.99,5.01,5.04,5.07,5.09,5.11,5.13,5.14,5.15,5.17,5.18,5.19,5.2,5.21,5.23,5.25,5.27,5.29,5.31,5.34,5.36,5.39,5.41,5.42305945,5.436118899,5.449178349,5.462237799,5.475297249,5.488356698,5.501416148,5.514475598,5.527535048,5.540594497,5.553653947,5.566713397,5.579772847,5.592832296,5.605891746,5.618951196,5.632010646,5.645070095,5.658129545,5.671188995,5.684248445,5.697307894,5.710367344,5.723426794,5.736486244,5.749545693,5.762605143,5.775664593
250,France,52.4,52.86,53.29,53.64,53.88,54.1,54.34,54.58,54.82,55.1,55.41,55.74,56.04,56.31,56.58,56.87,57.17,57.49,57.83,58.14,58.43,58.71,58.96,59.18,59.38,59.59,59.8,60.01,60.32,60.73,61.16,61.61,62.04,62.49,62.96,63.39,63.78,64.13,64.46,64.78,65.12,65.43,65.58794451,65.74588902,65.90383353,66.06177804,66.21972255,66.37766706,66.53561157,66.69355608,66.85150059,67.0094451,67.1673896,67.32533411,67.48327862,67.64122313,67.79916764,67.95711215,68.11505666,68.27300117,68.43094568,68.58889019,68.7468347,68.90477921,69.06272372,69.22066823,69.37861274,69.53655725,69.69450176,69.85244627
276,Germany,78.35,78.72,78.96,78.98,78.68,78.32,78.17,78.08,78.1,78.3,78.42,78.34,78.12,77.85,77.67,77.69,77.72,78.12,78.68,79.36,79.98,80.59,81.18,81.42,81.66,81.9,82.05,82.03,82.09,82.19,82.34,82.48,82.52,82.5,82.46,82.37,82.26,82.12,81.88,81.76,81.78,81.92,82.11775048,82.31550097,82.51325145,82.71100194,82.90875242,83.10650291,83.30425339,83.50200388,83.69975436,83.89750485,84.09525533,84.29300582,84.4907563,84.68850679,84.88625727,85.08400776,85.28175824,85.47950873,85.67725921,85.8750097,86.07276018,86.27051067,86.46826115,86.66601164,86.86376212,87.06151261,87.25926309,87.45701357
300,Greece,8.98,9.04,9.08,9.12,9.2,9.33,9.47,9.59,9.71,9.81,9.9,9.96,10.02,10.07,10.11,10.14,10.17,10.21,10.26,10.34,10.42,10.5,10.56,10.61,10.63,10.71,10.78,10.84,10.88,10.92,10.95,10.99,11.02,11.06,11.09,11.13,11.16,11.19,11.19,11.15,11.12,11.09,11.11677066,11.14354133,11.17031199,11.19708266,11.22385332,11.25062399,11.27739465,11.30416532,11.33093598,11.35770665,11.38447731,11.41124798,11.43801864,11.46478931,11.49155997,11.51833064,11.5451013,11.57187197,11.59864263,11.6254133,11.65218396,11.67895463,11.70572529,11.73249596,11.75926662,11.78603729,11.81280795,11.83957862
348,Hungary,10.37,10.39,10.43,10.47,10.53,10.59,10.64,10.67,10.7,10.71,10.7,10.68,10.66,10.62,10.58,10.53,10.49,10.44,10.4,10.37,10.35,10.32,10.29,10.26,10.33,10.31,10.29,10.27,10.24,10.21,10.19,10.16,10.13,10.11,10.09,10.07,10.06,10.04,10.02,10,9.97,9.92,9.943946348,9.967892696,9.991839043,10.01578539,10.03973174,10.06367809,10.08762443,10.11157078,10.13551713,10.15946348,10.18340983,10.20735617,10.23130252,10.25524887,10.27919522,10.30314156,10.32708791,10.35103426,10.37498061,10.39892696,10.4228733,10.44681965,10.470766,10.49471235,10.51865869,10.54260504,10.56655139,10.59049774
352,Iceland,0.21,0.21,0.21,0.22,0.22,0.22,0.22,0.22,0.23,0.23,0.23,0.23,0.24,0.24,0.24,0.24,0.25,0.25,0.25,0.26,0.26,0.26,0.26,0.27,0.27,0.27,0.27,0.27,0.28,0.28,0.29,0.29,0.29,0.29,0.3,0.3,0.31,0.32,0.32,0.32,0.32,0.32,0.320772463,0.321544926,0.322317388,0.323089851,0.323862314,0.324634777,0.32540724,0.326179703,0.326952165,0.327724628,0.328497091,0.329269554,0.330042017,0.33081448,0.331586942,0.332359405,0.333131868,0.333904331,0.334676794,0.335449257,0.336221719,0.336994182,0.337766645,0.338539108,0.339311571,0.340084034,0.340856496,0.341628959
372,Ireland,2.98,3.02,3.07,3.12,3.18,3.23,3.27,3.31,3.37,3.4,3.44,3.48,3.51,3.53,3.54,3.54,3.54,3.53,3.51,3.51,3.53,3.56,3.57,3.59,3.6,3.63,3.66,3.71,3.76,3.8,3.86,3.93,4,4.07,4.16,4.27,4.4,4.5,4.54,4.56,4.58,4.59,4.601080014,4.612160027,4.623240041,4.634320055,4.645400069,4.656480082,4.667560096,4.67864011,4.689720124,4.700800137,4.711880151,4.722960165,4.734040179,4.745120192,4.756200206,4.76728022,4.778360234,4.789440247,4.800520261,4.811600275,4.822680288,4.833760302,4.844840316,4.85592033,4.867000343,4.878080357,4.889160371,4.900240385
376,Israel,3.05,3.23,3.28,3.38,3.46,3.53,3.61,3.69,3.79,3.88,3.95,4.02,4.11,4.16,4.23,4.3,4.37,4.44,4.52,4.66,4.95,5.12,5.26,5.4,5.55,5.69,5.83,5.98,6.14,6.3,6.45,6.59,6.71,6.83,6.96,7.09,7.22,7.35,7.48,7.62,7.76,7.91,7.929094316,7.948188631,7.967282947,7.986377262,8.005471578,8.024565894,8.043660209,8.062754525,8.08184884,8.100943156,8.120037472,8.139131787,8.158226103,8.177320419,8.196414734,8.21550905,8.234603365,8.253697681,8.272791997,8.291886312,8.310980628,8.330074943,8.349169259,8.368263575,8.38735789,8.406452206,8.425546521,8.444640837
380,Italy,54.07,54.38,54.75,55.11,55.44,55.72,55.96,56.16,56.32,56.43,56.51,56.54,56.56,56.58,56.59,56.6,56.6,56.63,56.67,56.72,56.78,56.8,56.83,56.84,56.84,56.86,56.89,56.91,56.92,56.94,56.98,57.16,57.61,58.18,58.61,58.94,59.38,59.83,60.19,60.48,60.72,60.91,61.05703347,61.20406694,61.35110042,61.49813389,61.64516736,61.79220083,61.9392343,62.08626778,62.23330125,62.38033472,62.52736819,62.67440166,62.82143514,62.96846861,63.11550208,63.26253555,63.40956902,63.5566025,63.70363597,63.85066944,63.99770291,64.14473638,64.29176986,64.43880333,64.5858368,64.73287027,64.87990375,65.02693722
442,Luxembourg,0.34,0.35,0.35,0.36,0.36,0.36,0.36,0.36,0.36,0.36,0.37,0.37,0.37,0.37,0.37,0.37,0.37,0.37,0.38,0.38,0.39,0.39,0.4,0.4,0.41,0.42,0.42,0.43,0.43,0.44,0.44,0.45,0.45,0.46,0.47,0.47,0.48,0.49,0.5,0.51,0.52,0.53,0.531279392,0.532558783,0.533838175,0.535117566,0.536396958,0.537676349,0.538955741,0.540235133,0.541514524,0.542793916,0.544073307,0.545352699,0.54663209,0.547911482,0.549190873,0.550470265,0.551749657,0.553029048,0.55430844,0.555587831,0.556867223,0.558146614,0.559426006,0.560705398,0.561984789,0.563264181,0.564543572,0.565822964
528,Netherlands and Netherlands Antilles,13.35,13.49,13.61,13.71,13.83,13.94,14.03,14.11,14.2,14.32,14.42,14.49,14.55,14.6,14.67,14.75,14.85,14.95,15.04,15.14,15.26,15.37,15.48,15.58,15.66,15.73,15.81,15.91,16.02,16.13,16.25,16.36,16.44,16.5,16.54,16.56,16.6,16.67,16.76,16.84,16.92,16.98,17.02098881,17.06197762,17.10296643,17.14395524,17.18494404,17.22593285,17.26692166,17.30791047,17.34889928,17.38988809,17.4308769,17.47186571,17.51285452,17.55384333,17.59483213,17.63582094,17.67680975,17.71779856,17.75878737,17.79977618,17.84076499,17.8817538,17.92274261,17.96373142,18.00472022,18.04570903,18.08669784,18.12768665
578,Norway,3.9,3.93,3.96,3.99,4.01,4.03,4.04,4.06,4.07,4.09,4.1,4.12,4.13,4.14,4.15,4.17,4.19,4.21,4.23,4.24,4.26,4.29,4.31,4.34,4.36,4.38,4.41,4.43,4.46,4.49,4.51,4.54,4.57,4.59,4.62,4.66,4.71,4.77,4.83,4.89,4.95,5.02,5.032118011,5.044236021,5.056354032,5.068472043,5.080590053,5.092708064,5.104826075,5.116944085,5.129062096,5.141180107,5.153298117,5.165416128,5.177534139,5.189652149,5.20177016,5.213888171,5.226006181,5.238124192,5.250242203,5.262360213,5.274478224,5.286596235,5.298714245,5.310832256,5.322950267,5.335068277,5.347186288,5.359304299
616,Poland,32.8,33.07,33.37,33.69,34.02,34.36,34.7,35.01,35.26,35.58,35.9,36.23,36.57,36.91,37.2,37.46,37.66,37.86,37.94,38.03,38.11,38.17,38.22,38.25,38.28,38.29,38.29,38.28,38.27,38.26,38.25,38.23,38.21,38.18,38.17,38.14,38.12,38.13,38.15,38.51,38.53,38.54,38.63303349,38.72606698,38.81910048,38.91213397,39.00516746,39.09820095,39.19123445,39.28426794,39.37730143,39.47033492,39.56336841,39.65640191,39.7494354,39.84246889,39.93550238,40.02853588,40.12156937,40.21460286,40.30763635,40.40066984,40.49370334,40.58673683,40.67977032,40.77280381,40.86583731,40.9588708,41.05190429,41.14493778
620,Portugal,8.73,8.72,8.72,8.84,9.18,9.45,9.55,9.65,9.76,9.86,9.95,10.01,10.05,10.09,10.11,10.11,10.09,10.07,10.03,10,9.97,9.96,9.97,10,10.03,10.06,10.09,10.13,10.17,10.23,10.29,10.37,10.44,10.5,10.55,10.58,10.61,10.62,10.63,10.64,10.62,10.58,10.60553955,10.6310791,10.65661866,10.68215821,10.70769776,10.73323731,10.75877687,10.78431642,10.80985597,10.83539552,10.86093508,10.88647463,10.91201418,10.93755373,10.96309329,10.98863284,11.01417239,11.03971194,11.06525149,11.09079105,11.1163306,11.14187015,11.1674097,11.19294926,11.21848881,11.24402836,11.26956791,11.29510747
703,Slovak Republic,4.56,4.6,4.64,4.69,4.74,4.79,4.84,4.89,4.94,4.98,5.02,5.05,5.09,5.13,5.16,5.19,5.22,5.25,5.28,5.3,5.28,5.31,5.33,5.35,5.36,5.37,5.38,5.39,5.4,5.4,5.38,5.38,5.38,5.38,5.39,5.39,5.4,5.41,5.42,5.43,5.4,5.41,5.42305945,5.436118899,5.449178349,5.462237799,5.475297249,5.488356698,5.501416148,5.514475598,5.527535048,5.540594497,5.553653947,5.566713397,5.579772847,5.592832296,5.605891746,5.618951196,5.632010646,5.645070095,5.658129545,5.671188995,5.684248445,5.697307894,5.710367344,5.723426794,5.736486244,5.749545693,5.762605143,5.775664593
705,Slovenia,0,0,0,0,0,0,0,0,0,0,0,0,0,0,0,1.98,1.99,2,2,2,2,2,1.99,1.99,1.99,1.99,1.99,1.98,1.98,1.99,1.99,2,2,2,2,2.01,2.02,2.02,2.04,2.05,2.05,2.06,2.064972729,2.069945459,2.074918188,2.079890918,2.084863647,2.089836377,2.094809106,2.099781836,2.104754565,2.109727295,2.114700024,2.119672754,2.124645483,2.129618213,2.134590942,2.139563672,2.144536401,2.149509131,2.15448186,2.15945459,2.164427319,2.169400048,2.174372778,2.179345507,2.184318237,2.189290966,2.194263696,2.199236425
724,Spain,34.33,34.64,34.96,35.3,35.66,36.09,36.52,36.93,37.26,37.67,37.9,38.1,38.28,38.44,38.58,38.7,38.8,38.88,38.96,39.01,39.08,39.18,39.26,39.33,39.39,39.48,39.58,39.72,39.93,40.26,40.72,41.31,42.01,42.69,43.4,44.07,44.87,45.59,45.93,46.07,46.13,46.16,46.27142776,46.38285553,46.49428329,46.60571105,46.71713882,46.82856658,46.93999434,47.05142211,47.16284987,47.27427763,47.3857054,47.49713316,47.60856092,47.71998869,47.83141645,47.94284421,48.05427198,48.16569974,48.2771275,48.38855527,48.49998303,48.6114108,48.72283856,48.83426632,48.94569409,49.05712185,49.16854961,49.27997738
752,Sweden,8.1,8.12,8.14,8.16,8.19,8.22,8.25,8.28,8.29,8.31,8.32,8.33,8.33,8.34,8.35,8.37,8.4,8.44,8.49,8.56,8.62,8.67,8.72,8.78,8.83,8.84,8.85,8.85,8.86,8.87,8.9,8.93,8.96,8.99,9.03,9.08,9.15,9.22,9.3,9.38,9.45,9.52,9.542980769,9.565961538,9.588942308,9.611923077,9.634903846,9.657884615,9.680865385,9.703846154,9.726826923,9.749807692,9.772788462,9.795769231,9.81875,9.841730769,9.864711538,9.887692308,9.910673077,9.933653846,9.956634615,9.979615385,10.00259615,10.02557692,10.04855769,10.07153846,10.09451923,10.1175,10.14048077,10.16346154
756,Switzerland,6.34,6.4,6.44,6.46,6.4,6.33,6.32,6.33,6.35,6.39,6.43,6.47,6.48,6.51,6.53,6.57,6.62,6.67,6.72,6.8,6.88,6.94,6.99,7.04,7.08,7.11,7.11,7.13,7.17,7.21,7.29,7.34,7.41,7.45,7.5,7.56,7.62,7.71,7.8,7.79,7.87,7.93,7.949142595,7.968285189,7.987427784,8.006570378,8.025712973,8.044855567,8.063998162,8.083140756,8.102283351,8.121425945,8.14056854,8.159711134,8.178853729,8.197996324,8.217138918,8.236281513,8.255424107,8.274566702,8.293709296,8.312851891,8.331994485,8.35113708,8.370279674,8.389422269,8.408564863,8.427707458,8.446850053,8.465992647
792,Turkey,36.22,37.13,38.07,39.04,40.08,40.92,41.77,42.64,43.53,44.44,45.54,46.69,47.86,49.07,50.31,51.48,52.37,53.27,54.19,55.12,56.06,56.99,57.91,58.84,59.76,60.67,61.58,62.46,63.36,64.25,65.13,66.01,66.87,67.72,68.57,69.4,70.22,71.1,72.05,73,73.95,74.9,75.08080458,75.26160916,75.44241374,75.62321833,75.80402291,75.98482749,76.16563207,76.34643665,76.52724123,76.70804581,76.8888504,77.06965498,77.25045956,77.43126414,77.61206872,77.7928733,77.97367788,78.15448247,78.33528705,78.51609163,78.69689621,78.87770079,79.05850537,79.23930995,79.42011454,79.60091912,79.7817237,79.96252828
826,United Kingdom,55.93,56.1,56.22,56.24,56.23,56.22,56.19,56.18,56.24,56.33,56.36,56.29,56.32,56.41,56.55,56.68,56.8,56.92,57.08,57.24,57.44,57.59,57.71,57.86,58.03,58.16,58.31,58.48,58.68,58.89,59.11,59.32,59.55,59.84,60.24,60.58,60.99,61.4,61.79,62.26,62.74,63.71,63.86379252,64.01758504,64.17137757,64.32517009,64.47896261,64.63275513,64.78654765,64.94034017,65.0941327,65.24792522,65.40171774,65.55551026,65.70930278,65.86309531,66.01688783,66.17068035,66.32447287,66.47826539,66.63205791,66.78585044,66.93964296,67.09343548,67.247228,67.40102052,67.55481305,67.70860557,67.86239809,68.01619061
